Date,ADANIENT.NS,ASIANPAINT.NS,AXISBANK.NS,BAJFINANCE.NS,BHARTIARTL.NS,COALINDIA.NS,DIVISLAB.NS,DRREDDY.NS,HCLTECH.NS,HDFCBANK.NS,HINDUNILVR.NS,ICICIBANK.NS,INFY.NS,ITC.NS,KOTAKBANK.NS,LT.NS,MARUTI.NS,NESTLEIND.NS,NTPC.NS,ONGC.NS,POWERGRID.NS,RELIANCE.NS,SBIN.NS,SUNPHARMA.NS,TATAMOTORS.NS,TCS.NS,TECHM.NS,TITAN.NS,ULTRACEMCO.NS,WIPRO.NS
2022-01-03,1713.3251953125,3267.5771484375,692.9201049804688,704.0206298828125,667.2513427734375,108.44589233398438,997.3214767831429,938.9625854492188,1086.8751220703125,711.0423583984375,2178.458984375,735.57275390625,1668.1517333984375,172.5172119140625,362.9258117675781,1827.4776611328125,7185.0078125,936.3271484375,106.7994613647461,109.8040542602539,125.17642974853516,1088.74658203125,430.6629638671875,808.0421752929688,1007.2904164690497,3322.837158203125,1514.1998291015625,2483.01025390625,7400.87158203125,328.2542724609375
2022-01-04,1715.1710205078125,3302.80859375,705.6571655273438,716.053955078125,673.1874389648438,106.8398208618164,998.0725045666875,935.5380859375,1092.85791015625,715.2066040039062,2215.3154296875,743.4122314453125,1668.766845703125,173.4226837158203,368.5254821777344,1841.448486328125,7286.423828125,946.3720092773438,112.6479721069336,113.45014190673828,128.5959014892578,1113.3175048828125,442.2802734375,797.334228515625,1005.7444016310004,3381.15234375,1518.4417724609375,2541.203125,7330.3974609375,329.5331420898437
2022-01-05,1711.6290283203125,3367.254638671875,723.3197021484375,748.0194702148438,675.648681640625,107.32861328125,1001.3396140363475,926.822021484375,1074.2535400390625,732.1912841796875,2228.73876953125,758.0332641601562,1620.8780517578125,173.65890502929688,382.3605651855469,1851.9505615234373,7425.1318359375,948.5940551757812,111.8851547241211,115.40753173828124,127.40519714355467,1118.526123046875,450.4215393066406,794.8595581054688,1015.1985850197674,3360.43701171875,1474.113525390625,2534.46435546875,7339.212890625,325.8792724609375
2022-01-06,1709.2843017578125,3355.654052734375,726.7029418945312,755.5719604492188,685.6869506835938,107.99200439453124,973.773148731276,916.9645385742188,1053.0677490234375,720.447021484375,2206.228515625,755.1475219726562,1597.2852783203125,172.2022247314453,376.3431701660156,1829.0458984375,7527.07373046875,934.8807373046876,110.9527816772461,115.75289154052734,125.75652313232422,1094.4761962890625,449.7812194824219,789.62451171875,1037.2485809881698,3313.87255859375,1435.5543212890625,2553.894287109375,7146.619140625,322.3396301269531
2022-01-07,1695.3154296875,3414.51513671875,727.0014038085938,746.90283203125,680.1851806640625,109.59808349609376,970.8121331458138,910.9570922851562,1057.6983642578125,725.5003662109375,2229.061279296875,763.0352172851562,1594.209716796875,171.9660186767578,378.7999267578125,1810.4180908203125,7549.89697265625,947.0285034179688,111.33419799804688,120.55034637451172,125.29854583740234,1103.30810546875,449.36956787109375,789.0059204101562,1034.2812180626595,3353.95263671875,1445.5228271484375,2531.06982421875,7241.8623046875,324.9658203125
2022-01-10,1748.6962890625,3392.746337890625,739.1414184570312,753.9190673828125,680.4265747070312,112.21673583984376,962.0454715849022,909.1481323242188,1055.6903076171875,729.5242919921875,2220.66650390625,779.86865234375,1626.2381591796875,175.82423400878906,387.4928588867188,1856.227294921875,7759.60595703125,937.757080078125,111.7580108642578,121.54824829101562,124.56581115722656,1104.2138671875,460.7124328613281,786.8643188476562,1031.3225788309876,3376.886962890625,1455.8309326171875,2614.49755859375,7267.923828125,316.7445983886719
2022-01-11,1839.79296875,3378.6640625,739.5891723632812,747.9267578125,678.9786987304688,110.7153778076172,949.144191439505,903.382568359375,1101.2171630859375,732.6825561523438,2217.529296875,779.7724609375,1630.4996337890625,174.76126098632812,385.27484130859375,1863.8780517578125,7777.033203125,940.3240966796876,112.1394271850586,123.5439453125,124.47425842285156,1112.1627197265625,462.8163757324219,792.2896728515625,1054.5435579790942,3408.263427734375,1473.774169921875,2610.4150390625,7288.18896484375,317.0414733886719
2022-01-12,1826.023681640625,3383.4853515625,743.17138671875,758.1317138671875,704.798095703125,111.27403259277344,945.8133094916085,908.0549926757812,1108.18359375,728.3546142578125,2226.2939453125,792.3734130859375,1649.6993408203125,175.39117431640625,389.2135314941406,1876.28076171875,7802.7216796875,937.7142333984376,113.4532241821289,126.61434936523438,125.1458969116211,1141.851318359375,466.749755859375,795.9065551757812,1066.2244224545625,3359.523193359375,1468.08984375,2570.668701171875,7338.39892578125,315.7625732421875
2022-01-13,1849.221923828125,3299.896240234375,737.0517578125,761.4326782226562,706.3424682617188,115.04483795166016,970.0415974436386,914.3526000976562,1093.513671875,714.9492797851562,2227.262939453125,793.2872924804688,1666.7020263671875,176.33602905273438,383.1960754394531,1918.28857421875,7713.24169921875,938.0615234375,114.3855972290039,125.84674072265624,127.0082778930664,1148.28271484375,467.7559814453125,823.794677734375,1059.7125440853947,3392.596923828125,1458.206298828125,2576.866455078125,7288.66845703125,296.7624816894531
2022-01-14,1866.0843505859373,3212.200927734375,718.1453247070312,763.7582397460938,695.5321044921875,115.04483795166016,979.0672772328198,907.242431640625,1095.93115234375,722.9738159179688,2180.6728515625,788.7662963867188,1695.30322265625,175.2730712890625,385.5533142089844,1943.3316650390625,7720.0703125,923.108642578125,114.72467041015624,123.6207275390625,126.8556137084961,1149.95849609375,465.01177978515625,818.3217163085938,1068.1167175760515,3453.73974609375,1474.283447265625,2550.795654296875,7340.1708984375,292.218017578125
2022-01-17,1873.617431640625,3225.806640625,709.139892578125,765.7476806640625,703.2537231445312,114.31159210205078,971.7171095197433,903.9920654296876,1031.635986328125,711.9078369140625,2204.521484375,788.0928955078125,1704.2220458984375,176.8478240966797,385.4041442871094,1966.7587890625,7893.2041015625,919.923095703125,115.78417205810548,127.30516815185548,126.00074005126952,1155.9595947265625,470.1800842285156,812.08740234375,1061.682393795442,3498.128662109375,1461.2607421875,2555.51806640625,7540.95703125,295.3466186523437
2022-01-18,1836.849609375,3221.08056640625,721.6281127929688,755.1575927734375,689.4994506835938,112.28656005859376,979.8310243964577,908.083984375,999.6724853515624,715.5341186523438,2186.023681640625,791.7482299804688,1687.7464599609375,173.81637573242188,386.3390808105469,1921.89990234375,7558.634765625,922.1309204101562,114.427978515625,125.77001190185548,125.26800537109376,1142.1683349609375,463.5939025878906,805.9005737304688,1055.2530171955764,3473.280517578125,1408.9573974609375,2558.5185546875,7239.8974609375,289.249267578125
2022-01-19,1845.18115234375,3132.0009765625,726.00634765625,738.3654174804688,679.2200317382812,114.45125579833984,999.3984369441694,906.4200439453124,982.8302612304688,710.4807739257812,2131.038818359375,777.8004760742188,1640.5609130859375,173.50144958496094,379.0783996582031,1920.6646728515625,7654.65576171875,901.0709838867188,114.25847625732422,130.6825714111328,124.96271514892578,1142.0777587890625,471.82659912109375,798.0955810546875,1059.2001051993632,3413.162353515625,1416.889892578125,2547.008056640625,7123.47802734375,283.699951171875
2022-01-20,1861.6939697265625,3156.824951171875,725.3098754882812,734.313720703125,690.5130615234375,115.25431823730467,1012.6722540931561,888.349609375,971.3836669921876,706.0592041015625,2086.66357421875,779.3876953125,1602.469482421875,172.24160766601562,376.4823913574219,1904.1275634765625,7674.37548828125,891.4164428710938,114.34323120117188,128.07276916503906,131.0688934326172,1122.0816650390625,467.8017272949219,780.4872436523438,1031.8760903971358,3336.34912109375,1414.175048828125,2522.805908203125,7153.27783203125,280.9823608398437
2022-01-21,1824.277587890625,3126.70263671875,708.9906005859375,719.0525512695312,671.06396484375,110.85504913330078,1013.8948392934687,869.8920288085938,965.2680053710938,711.9546508789062,2145.33837890625,773.856689453125,1569.0792236328125,170.90304565429688,376.711181640625,1859.0311279296875,7820.72314453125,902.8434448242188,113.66514587402344,125.6164779663086,131.3436737060547,1122.2626953125,459.8434753417969,769.7791137695312,1007.8845576530601,3342.40869140625,1351.9459228515625,2487.240966796875,7049.93896484375,276.79644775390625
2022-01-24,1711.9783935546875,3012.4169921875,701.1295776367188,675.9508056640625,665.9000854492188,109.14420318603516,1005.2272634518147,844.3920288085938,929.6886596679688,695.6016235351562,2107.698486328125,768.0371704101562,1526.1112060546875,166.7692413330078,364.2088317871094,1805.666015625,7689.60693359375,890.6383666992188,112.39371490478516,127.19004821777344,130.67196655273438,1076.9935302734375,452.0223083496094,762.2598876953125,1000.4413203481914,3288.219970703125,1283.7357177734375,2364.165283203125,6856.72265625,262.0199584960937
2022-01-25,1737.521240234375,3004.7314453125,748.4951171875,679.0712890625,687.08642578125,112.53095245361328,1015.3874593953963,851.8408203125,928.6968383789062,696.2567138671875,2147.04541015625,771.1152954101562,1513.23828125,168.73773193359375,368.9332580566406,1829.8062744140625,8215.1201171875,894.1118774414062,114.68226623535156,126.76786041259766,133.63348388671875,1074.887451171875,470.774658203125,769.1129760742188,986.871798326531,3286.95556640625,1273.0882568359375,2338.044677734375,6801.48291015625,257.4223022460937
2022-01-27,1682.2447509765625,2975.94580078125,770.0384521484375,666.7113037109375,682.646484375,112.11197662353516,1021.327882933313,823.4967651367188,890.7208862304688,690.1271362304688,2117.61572265625,764.3818969726562,1474.9713134765625,168.97393798828125,375.8160095214844,1816.0728759765625,8422.9189453125,874.8268432617188,114.427978515625,127.19004821777344,131.19102478027344,1058.9674072265625,483.8555603027344,772.9677734375,991.5559322850498,3181.761474609375,1226.4271240234375,2272.670166015625,6803.73486328125,249.2106170654297
2022-01-28,1689.927490234375,2970.121337890625,760.93359375,669.6609497070312,690.8990478515625,112.88008880615234,1034.4708058594672,816.193115234375,892.9524536132812,684.6527099609375,2106.72900390625,751.3960571289062,1481.6494140625,171.33609008789062,377.6163024902344,1803.432861328125,8165.7958984375,874.7767944335938,118.79320526123048,129.569580078125,128.35166931152344,1057.9483642578125,478.8244323730469,787.4829711914062,979.5286494776641,3217.33544921875,1196.7762451171875,2278.13037109375,6812.501953125,252.59591674804688
2022-01-31,1711.130126953125,3009.6484375,769.2423706054688,682.630615234375,703.9293212890625,111.58824157714844,1044.0139064895127,832.483642578125,908.6140747070312,695.1571044921875,2097.68798828125,758.7547607421875,1525.5838623046875,173.38331604003906,369.4505004882813,1814.5047607421875,8210.0595703125,881.302734375,120.4036636352539,132.4864044189453,131.52684020996094,1080.9339599609375,492.4084777832031,794.2884521484375,960.9082733207323,3257.616943359375,1254.763427734375,2322.10693359375,6914.595703125,261.9512939453125
2022-02-01,1743.009033203125,3051.658203125,778.048828125,684.0299072265625,697.8968505859375,113.85771942138672,1059.7133022044018,833.7703247070312,936.2179565429688,700.4443969726562,2127.1181640625,779.435791015625,1557.0850830078125,179.328125,374.43353271484375,1891.7723388671875,8173.8671875,888.4473266601562,119.64083099365234,131.21987915039062,130.03085327148438,1077.3558349609375,486.919921875,848.7798461914062,980.9986629784935,3313.766845703125,1277.45751953125,2392.4501953125,7201.90576171875,263.8041381835937
2022-02-02,1775.38671875,3053.04248046875,800.1394653320312,706.736328125,699.8272705078125,114.41637420654295,1052.2817459973755,854.2593383789062,967.7471313476562,716.446533203125,2147.64501953125,782.75439453125,1570.3094482421875,182.7926177978516,386.4285583496094,1884.3592529296875,8131.7060546875,880.3082885742188,119.64083099365234,131.4885711669922,130.67196655273438,1079.5523681640625,493.7805480957031,847.7328491210938,978.3057900841825,3362.199951171875,1258.1142578125,2424.12890625,7129.802734375,268.9964599609375
2022-02-03,1747.9478759765625,3058.1025390625,795.6118774414062,693.3963012695312,696.545654296875,112.63568878173828,1072.0775722623073,846.3848876953125,956.0115356445312,709.0303344726562,2120.198486328125,778.1372680664062,1527.6488037109375,184.60362243652344,379.7546997070313,1837.7420654296875,8206.57421875,871.0748901367188,119.20465087890624,128.57171630859375,129.02330017089844,1065.602783203125,494.0549621582031,840.9749145507812,979.5940994607719,3334.648681640625,1233.808349609375,2434.9013671875,7066.89892578125,264.5360412597656
2022-02-04,1753.3858642578125,3090.230224609375,794.61669921875,698.0526123046875,695.14599609375,112.0072021484375,1075.4262063859067,841.9929809570312,961.838134765625,713.0776977539062,2127.994873046875,774.3857421875,1529.8896484375,184.48550415039065,374.8114318847656,1851.3326416015625,8165.41455078125,872.266845703125,117.0674285888672,130.1836395263672,128.0463104248047,1055.887451171875,485.0904235839844,850.8737182617188,960.8067599278432,3326.19091796875,1228.633056640625,2431.1630859375,7128.5087890625,261.5624694824219
2022-02-07,1727.942626953125,3031.082763671875,785.7108764648438,675.8386840820312,681.922607421875,112.39128112792967,1107.22581937926,833.7219848632812,956.5073852539062,686.9454956054688,2082.788818359375,756.4461669921875,1506.9559326171875,181.25721740722656,363.7214660644531,1791.02978515625,8128.2666015625,859.9476318359375,117.8961410522461,132.10263061523438,130.45828247070312,1049.4561767578125,487.78900146484375,844.3062133789062,953.9478732738156,3294.8896484375,1225.32421875,2370.215576171875,7156.9677734375,254.8147125244141
2022-02-08,1712.177734375,3070.84912109375,794.61669921875,687.9695434570312,684.2390747070312,111.69298553466795,1097.1177771579532,836.188720703125,960.30908203125,683.997802734375,2089.01611328125,762.3137817382812,1508.976806640625,182.08399963378903,361.6029357910156,1782.5712890625,8212.11328125,860.6327514648438,117.76530456542967,128.1495361328125,128.2600555419922,1067.0972900390625,486.0509033203125,851.0164794921875,955.7787288758929,3263.89404296875,1216.755615234375,2404.108154296875,7110.97509765625,256.301513671875
2022-02-09,1779.1783447265625,3082.30615234375,799.8906860351562,694.0496215820312,694.3255615234375,117.7332763671875,1124.259834409616,845.243408203125,975.9707641601562,700.7251586914062,2101.2861328125,772.221435546875,1526.550537109375,181.2178497314453,365.0244445800781,1795.1165771484375,8546.3486328125,862.912109375,117.80891418457033,125.84674072265624,127.83261108398438,1079.5299072265625,489.6184387207031,850.3929443359375,941.0114601526702,3278.8037109375,1234.232421875,2444.59228515625,7190.2158203125,260.2815246582031
2022-02-10,1782.1217041015625,3092.235107421875,805.8114013671875,695.9658203125,698.862060546875,117.34923553466795,1127.7763233820378,845.62060546875,983.78076171875,713.5923461914062,2106.3603515625,774.818603515625,1554.9322509765625,182.87136840820312,371.4297790527344,1806.71142578125,8408.833984375,863.1405029296875,119.03018951416016,129.79983520507812,129.48129272460938,1078.420166015625,494.4666137695313,857.9236450195312,946.2834574501428,3287.34814453125,1245.8553466796875,2451.528564453125,7161.90234375,262.4316711425781
2022-02-11,1760.3704833984375,3070.80078125,799.8409423828125,683.7373657226562,690.271728515625,116.26683044433594,1118.0657599880064,836.856201171875,961.75537109375,710.66796875,2083.157958984375,760.6785278320312,1512.53515625,183.02886962890625,363.68170166015625,1778.4371337890625,8343.6103515625,847.6928100585938,119.64081573486328,129.07064819335938,126.88616180419922,1076.314208984375,484.4500732421875,844.3011474609375,938.7960448465341,3221.607177734375,1208.8656005859375,2402.730712890625,7017.3134765625,256.8504943847656
2022-02-14,1660.2437744140625,3001.246337890625,769.5409545898438,661.7330932617188,665.70703125,112.88008880615234,1111.0153464181205,813.4844360351562,947.498779296875,689.5423583984375,2055.98828125,724.9916381835938,1478.1346435546875,176.94302368164062,347.48931884765625,1709.7706298828125,7989.5595703125,840.7957763671875,115.58447265625,127.57381439208984,123.25296783447266,1059.1712646484375,458.65423583984375,829.6715698242188,935.3641458908945,3255.437255859375,1179.3841552734375,2359.19677734375,6792.61962890625,247.81527709960935
2022-02-15,1740.364990234375,3116.916015625,793.0247192382812,696.458251953125,686.7969360351562,114.2767333984375,1106.5143907366273,827.5984497070312,965.7640380859376,710.1767578125,2112.7724609375,746.4903564453125,1527.3853759765625,179.80540466308594,360.6679992675781,1782.9991455078125,8234.3154296875,865.3887329101562,118.07061767578124,126.0002670288086,124.22997283935548,1095.1329345703125,480.059326171875,841.1354370117188,927.9493979384829,3328.7197265625,1221.3792724609375,2455.5126953125,6985.4052734375,257.7196655273437
2022-02-16,1734.228515625,3105.697509765625,793.1242065429688,689.2958374023438,696.6903076171875,114.41637420654295,1113.4612782100467,835.1245727539062,965.1438598632812,709.2174682617188,2109.451171875,734.9474487304688,1523.035888671875,179.6038360595703,364.039794921875,1768.410400390625,8196.3544921875,867.1350708007812,116.1950912475586,129.37767028808594,123.19448852539062,1092.8682861328125,472.64990234375,833.5087280273438,952.4403922250909,3324.621826171875,1225.06982421875,2447.78955078125,6878.6640625,257.9712219238281
2022-02-17,1727.0946044921875,3118.109619140625,778.9444580078125,690.6463012695312,692.0573120117188,113.85771942138672,1121.98496831265,832.1354370117188,961.2183837890624,704.8894653320312,2128.87060546875,721.769287109375,1515.5670166015625,179.523193359375,361.5034790039063,1776.0135498046875,8167.228515625,862.4813842773438,115.80255126953124,131.83396911621094,123.6337661743164,1106.705078125,469.2195739746094,827.465087890625,952.6243307742827,3299.423828125,1228.081298828125,2452.8564453125,6751.27490234375,258.4287109375
2022-02-18,1732.4327392578125,3111.04443359375,783.521728515625,685.5413818359375,687.7621459960938,116.82549285888672,1113.522967376034,836.0339965820312,962.8299560546876,707.6266479492188,2133.48388671875,720.3745727539062,1499.88232421875,178.9185028076172,363.343505859375,1789.69921875,8183.12939453125,856.9285888671875,115.45362091064452,128.87872314453125,122.81790924072266,1098.05419921875,471.36920166015625,827.8009033203125,939.1190852951684,3307.880859375,1219.93701171875,2448.675048828125,6627.333984375,257.30792236328125
2022-02-21,1681.4462890625,3104.5517578125,784.964599609375,683.2254028320312,685.2525634765625,116.03369903564452,1113.5704443385584,831.6033935546875,962.6234741210938,712.1885375976562,2117.1083984375,725.7130737304688,1520.7513427734375,175.77389526367188,363.4529418945313,1771.4991455078125,8224.765625,861.5346069335938,115.10466766357422,126.74562072753906,124.35552978515624,1086.9576416015625,468.21337890625,809.5258178710938,950.2469063872235,3242.925537109375,1203.1812744140625,2414.63525390625,6528.49853515625,261.1278686523437
2022-02-22,1663.9852294921875,3081.159912109375,775.3124389648438,683.7130737304688,674.9248046875,115.0979461669922,1147.5631623270945,816.173828125,950.06103515625,706.8545532226562,2094.18212890625,722.68310546875,1523.9583740234375,173.23403930664062,366.3671875,1752.96630859375,8234.41015625,861.7677001953125,115.23551940917967,127.94794464111328,124.35552978515624,1082.020751953125,455.9100036621094,811.3964233398438,934.659889312185,3126.963134765625,1198.3880615234375,2410.453857421875,6467.27099609375,258.085693359375
2022-02-23,1684.9384765625,3090.755126953125,773.3719482421875,686.9505004882812,679.895751953125,114.09020233154295,1175.8159845766943,812.7783203125,952.9124755859376,702.2691650390625,2085.37158203125,716.23828125,1531.4271240234375,174.1209716796875,375.189453125,1730.01416015625,8307.0341796875,852.9959716796875,113.57808685302734,124.69007110595705,124.29273223876952,1075.2498779296875,456.1844177246094,806.072265625,937.7256708466633,3107.2587890625,1199.0242919921875,2455.315673828125,6496.6396484375,259.4351806640625
2022-02-24,1540.51123046875,2930.212646484375,726.7029418945312,646.3110961914062,647.56103515625,107.9718246459961,1183.3973334292527,791.7958984375,907.9114990234376,664.1354370117188,2003.26318359375,680.4552612304688,1474.5760498046875,168.11402893066406,357.03765869140625,1670.1865234375,7840.34716796875,844.3406372070312,108.5185546875,121.50978088378906,119.93104553222656,1021.6695556640624,432.3552551269531,784.967041015625,912.9481863847468,2965.880859375,1130.89892578125,2367.65771484375,6150.01806640625,245.7337951660156
2022-02-25,1615.094482421875,2978.09326171875,754.3162841796875,679.6222534179688,664.6935424804688,117.65325927734376,1184.4709691612113,808.067138671875,933.6556396484376,681.3073120117188,2002.61767578125,702.2424926757812,1489.0303955078125,172.50836181640625,369.341064453125,1688.9093017578125,7979.72314453125,842.9297485351562,113.70893096923828,123.7204818725586,123.82205200195312,1034.4420166015625,441.7771606445313,797.7260131835938,896.6381301405281,3069.723876953125,1179.0023193359375,2428.506591796875,6295.4697265625,254.0141143798828
2022-02-28,1640.7872314453125,3031.035400390625,738.7433471679688,682.8305053710938,662.6183471679688,122.04412841796876,1186.8940724646704,786.1658325195312,931.3829345703124,667.3405151367188,2003.909423828125,714.4107055664062,1507.48291015625,174.0403594970703,366.5660705566406,1726.64013671875,7939.6630859375,839.3159790039062,116.45680236816406,124.61248016357422,131.25892639160156,1068.682373046875,442.005859375,809.57373046875,899.4295754379524,3098.88818359375,1196.2244873046875,2505.3427734375,6293.2177734375,254.26568603515625
2022-03-02,1638.143310546875,2891.92626953125,746.5546875,666.1798095703125,650.7945556640625,133.02125549316406,1197.4838820722186,745.4876708984375,921.9612426757812,643.0098266601562,1982.6903076171875,687.6213989257812,1496.2357177734375,173.5968780517578,359.2556457519531,1695.9898681640625,7462.23193359375,849.0916748046875,114.23233795166016,126.39656066894533,132.357177734375,1086.3463134765625,433.8188781738281,787.50927734375,909.0272764988824,3091.869384765625,1182.9473876953125,2550.697021484375,6131.716796875,253.99124145507807
2022-03-03,1640.138671875,2741.98095703125,734.016845703125,658.0665283203125,648.6709594726562,136.00848388671875,1181.0787038404783,719.5040283203125,941.9203491210938,641.4891967773438,1929.0889892578125,671.7018432617188,1512.09619140625,176.90272521972656,356.5205078125,1665.386962890625,7253.4296875,829.6732788085938,115.23551940917967,132.09780883789062,136.71888732910156,1077.174560546875,427.5528564453125,787.50927734375,911.5351906239191,3090.343994140625,1210.3502197265625,2532.594970703125,5730.57568359375,260.55596923828125
2022-03-04,1611.40283203125,2614.28125,711.4783325195312,637.54443359375,630.9593505859375,130.2859649658203,1177.320898180284,740.74755859375,940.8872680664062,639.3836059570312,1863.1253662109373,661.8421630859375,1514.2490234375,181.8211669921875,348.5436096191406,1626.8482666015625,6920.865234375,827.548828125,113.57808685302734,128.18060302734375,134.96165466308594,1053.2833251953125,422.5675048828125,795.9033813476562,910.4214507009283,3072.8623046875,1233.2142333984375,2401.501220703125,5797.26513671875,263.1864929199219
2022-03-07,1560.56640625,2585.92529296875,664.261962890625,597.2803344726562,651.904541015625,135.82852172851562,1150.8458444648656,729.2842407226562,953.9041748046876,619.8722534179688,1793.42529296875,628.8486938476562,1528.7911376953125,181.377685546875,340.5369567871094,1553.3822021484375,6464.1572265625,825.1790771484375,113.44723510742188,145.0128173828125,133.54957580566406,1014.3323974609376,402.7631530761719,789.1881713867188,906.9749930534207,3038.46630859375,1208.18701171875,2351.031005859375,5459.79443359375,261.60821533203125
2022-03-08,1598.03271484375,2600.19873046875,667.0980224609375,600.8738403320312,659.2401123046875,136.15243530273438,1157.6708053396098,748.46728515625,971.3424682617188,621.2759399414062,1798.084228515625,639.6702270507812,1562.489013671875,182.94998168945312,342.7649230957031,1576.2392578125,6499.72998046875,821.4320678710938,116.67488098144533,138.9237518310547,133.26719665527344,1012.4979858398438,402.7631530761719,820.22216796875,888.9176940705623,3138.777099609375,1240.2982177734375,2332.879638671875,5589.4833984375,268.7448425292969
2022-03-09,1652.8604736328125,2744.892822265625,670.8792114257812,631.1669921875,667.4443969726562,134.3529052734375,1168.5451476035262,760.443359375,977.458251953125,641.559326171875,1843.19775390625,642.0269165039062,1593.3751220703125,184.8448028564453,345.9476928710937,1607.0797119140625,6710.345703125,815.83154296875,114.71210479736328,136.05372619628906,130.59994506835938,1066.214111328125,413.1913146972656,832.9332885742188,880.4284855291837,3167.2451171875,1276.6092529296875,2394.27001953125,5765.69287109375,267.852783203125
2022-03-10,1738.9681396484375,2781.03125,691.5270385742188,642.127685546875,673.4769897460938,128.81036376953125,1161.1876705609793,753.1008911132812,985.2684326171876,651.642578125,1939.1907958984373,650.8284301757812,1604.4027099609375,187.06211853027344,348.9812927246094,1642.482177734375,6886.96484375,839.7893676757812,115.97701263427734,135.2393035888672,131.07061767578125,1083.4927978515625,428.7420349121094,834.1803588867188,875.1584973305875,3157.0869140625,1260.1505126953125,2427.867431640625,5799.419921875,269.1108093261719
2022-03-11,1730.2374267578125,2799.36181640625,687.447265625,646.33056640625,670.6778564453125,130.8258514404297,1187.2466658833316,769.1787719726562,986.3426513671876,653.5609741210938,1932.2254638671875,652.078857421875,1600.975830078125,190.56954956054688,350.70196533203125,1642.909912109375,6782.63623046875,824.484375,115.10466766357422,136.2864532470703,133.3299102783203,1086.617919921875,430.2513732910156,865.3104858398438,888.4119165964428,3138.080078125,1261.3807373046875,2453.25,5769.1904296875,268.1730041503906
2022-03-14,1732.233154296875,2828.7685546875,706.5526733398438,649.9824829101562,676.0347900390625,129.818115234375,1167.692458396017,765.6381225585938,994.1114501953124,674.96728515625,1899.843505859375,669.6337890625,1661.3416748046875,192.7062225341797,355.8242492675781,1660.112060546875,6987.1875,826.3758544921875,115.27914428710938,133.2613067626953,133.9261474609375,1095.54052734375,443.7895812988281,855.9569702148438,892.9921284265986,3176.312744140625,1275.12451171875,2497.915283203125,5783.466796875,273.6398620605469
2022-03-15,1697.610595703125,2852.017333984375,694.7113647460938,650.0897216796875,678.6408081054688,124.45548248291016,1144.668841795889,754.5230102539062,972.6234741210938,666.2877807617188,1880.3773193359373,670.7880249023438,1616.1771240234375,191.7790069580078,344.8834533691406,1656.9757080078125,7085.88232421875,830.8675537109375,114.31958770751952,127.01708984375,131.57269287109375,1070.44873046875,444.4299621582031,855.3815307617188,871.7690037837718,3133.502197265625,1237.4561767578125,2515.574951171875,5769.4296875,268.8592529296875
2022-03-16,1754.08447265625,2904.3857421875,720.28466796875,667.062255859375,687.2312622070312,127.33472442626952,1148.6715980743252,763.026123046875,991.3428955078124,677.5875854492188,1911.698486328125,681.0324096679688,1660.1995849609375,195.6089324951172,350.2046203613281,1669.0933837890625,7148.62255859375,848.0830078125,115.80255126953124,129.77076721191406,131.38441467285156,1088.5203857421875,450.74169921875,853.031005859375,876.0262228722106,3187.5595703125,1264.0107421875,2545.433837890625,6042.17431640625,273.6855773925781
2022-03-17,1815.5970458984373,2994.70654296875,735.60888671875,682.0601806640625,697.7521362304688,127.0828094482422,1165.9051286008626,782.054443359375,989.1940307617188,692.5134887695312,1939.2830810546875,692.6714477539062,1629.6209716796875,197.46343994140625,362.0405883789063,1699.22119140625,7346.4912109375,870.009033203125,115.93338012695312,132.09780883789062,132.76512145996094,1124.0064697265625,459.1116333007813,874.5198974609375,871.694871986963,3202.251708984375,1267.0650634765625,2659.261962890625,6107.04345703125,275.03515625
2022-03-21,1798.9342041015625,2907.96630859375,722.32470703125,669.9683227539062,683.5634765625,131.22174072265625,1193.8876591578676,774.8572387695312,965.3505249023438,695.5313720703125,1892.37060546875,683.6776123046875,1628.259033203125,197.14089965820312,353.5067749023437,1669.1885986328125,7358.47509765625,850.6072998046875,115.93338012695312,133.8430938720703,128.59165954589844,1117.52978515625,448.7749938964844,876.6304931640625,863.8838672200648,3162.10009765625,1255.4420166015625,2663.442626953125,5932.31982421875,274.4862365722656
2022-03-22,1827.4705810546875,2913.121826171875,727.7975463867188,681.2215576171875,694.2290649414062,131.9775390625,1186.7702519457068,779.7714233398438,972.2515869140624,699.1109008789062,1839.1385498046875,690.8439331054688,1658.4422607421875,201.3740081787109,359.6236572265625,1686.0582275390625,7416.8232421875,829.328369140625,115.88978576660156,136.092529296875,130.97650146484375,1146.4033203125,451.6107177734375,876.9182739257812,871.5694414109287,3226.838623046875,1304.9876708984375,2668.85400390625,5951.81884765625,279.0838317871094
2022-03-23,1806.96630859375,2880.325927734375,723.1704711914062,683.0742797851562,680.4265747070312,131.7615966796875,1205.1027262183504,798.52880859375,975.805419921875,692.13916015625,1825.3463134765625,690.9400024414062,1645.2618408203125,203.18817138671875,352.0447082519531,1679.595458984375,7300.50927734375,825.2815551757812,116.4131851196289,136.20889282226562,131.8551025390625,1150.0491943359375,448.82073974609375,864.1593017578125,884.4482561351701,3236.822265625,1308.3389892578125,2646.4716796875,5973.2822265625,279.6098937988281
2022-03-24,1828.7177734375,2888.4892578125,718.692626953125,682.3673095703125,681.77783203125,134.8927764892578,1204.917734863084,837.4559936523438,985.2269897460938,675.0140991210938,1813.6756591796875,677.3770751953125,1657.8271484375,205.48614501953125,340.9845275878906,1683.6822509765625,7216.56884765625,828.3218994140625,118.1142349243164,137.64385986328125,132.26304626464844,1167.9166259765625,445.5733642578125,871.8818359375,896.2778803717262,3269.474853515625,1330.736328125,2576.128662109375,6086.20361328125,279.31256103515625
2022-03-25,1862.841552734375,2909.1123046875,717.6975708007812,680.0220336914062,684.6734008789062,133.95704650878906,1202.4956000824418,843.8309326171875,974.6895141601562,669.5162353515625,1801.7744140625,672.6156616210938,1648.9083251953125,204.2766876220703,342.5958251953125,1664.24658203125,7081.44189453125,816.5738525390625,117.5472183227539,136.36399841308594,131.57269287109375,1175.70703125,448.8664855957031,865.6461791992188,886.2509912362908,3232.505859375,1298.49755859375,2483.0595703125,6048.69091796875,276.01873779296875
2022-03-28,1905.446533203125,2890.494384765625,732.3748779296875,682.7427978515625,707.5490112304688,137.66404724121094,1217.7752133728893,829.126953125,961.9620971679688,670.4053344726562,1822.163330078125,683.2929077148438,1646.5799560546875,207.260009765625,343.1826477050781,1655.217529296875,7140.55419921875,802.244384765625,117.59082794189452,136.7906494140625,133.2357940673828,1187.5281982421875,455.0867614746094,869.0518798828125,882.7968218574879,3232.7236328125,1293.3223876953125,2494.865234375,6093.96435546875,274.57769775390625
2022-03-29,1912.9796142578125,2904.958740234375,734.166015625,686.4434204101562,728.6871337890625,133.88502502441406,1229.3014760899712,836.4983520507812,965.0610961914062,679.2953491210938,1833.18798828125,688.0543212890625,1657.2120361328125,205.2845764160156,344.1374816894531,1660.017333984375,7104.07421875,805.1873168945312,117.19828033447266,132.64077758789062,132.6082305908203,1187.800048828125,452.79986572265625,881.9547119140625,887.1961643198745,3230.67529296875,1291.540771484375,2497.718994140625,6253.64501953125,275.6298828125
2022-03-30,1990.805908203125,2942.14697265625,746.7537841796875,707.1653442382812,723.4266967773438,131.65357971191406,1203.1937977186103,842.4669189453125,962.9952392578124,691.06298828125,1859.8040771484373,703.0601806640625,1672.9844970703125,200.93051147460935,350.7218322753906,1685.63037109375,7256.34326171875,823.0831298828125,118.0270004272461,125.65965270996094,136.2481689453125,1210.627197265625,452.1595458984375,883.15380859375,899.6142461596686,3253.518798828125,1269.4404296875,2482.32177734375,6364.8896484375,274.8521423339844
2022-03-31,2010.2623291015625,2940.619140625,757.4010009765625,707.9552612304688,728.6871337890625,131.7615966796875,1228.5352473403545,831.0616455078125,961.7969970703124,687.974853515625,1890.01806640625,702.48291015625,1675.5325927734375,202.0996551513672,348.8817749023437,1679.9755859375,7220.72265625,827.0111083984375,117.76530456542967,127.13345336914062,136.05992126464844,1193.3255615234375,451.4734497070313,877.5418090820312,893.9997397421552,3260.842041015625,1272.1126708984375,2495.111328125,6326.17919921875,270.7806701660156
2022-04-01,2039.09814453125,2973.271728515625,770.7349853515625,722.4022216796875,732.1136474609375,133.9929962158203,1252.7348370406012,827.966064453125,966.6727294921876,704.6554565429688,1917.233642578125,708.2063598632812,1672.6329345703125,204.23635864257807,353.4172668457031,1701.31201171875,7353.22265625,835.41650390625,124.70037078857422,130.2749481201172,141.2374725341797,1202.882080078125,464.8745422363281,871.7379760742188,892.0414955926954,3277.234375,1261.6353759765625,2480.058837890625,6391.57470703125,275.3096008300781
2022-04-04,2061.248779296875,2976.94775390625,780.2379150390625,730.4520263671875,741.090087890625,135.1446990966797,1242.393431166866,835.2600708007812,981.0533447265624,775.2146606445312,1963.6390380859373,718.162109375,1654.531982421875,205.96990966796875,365.2332763671875,1735.7640380859375,7424.60595703125,847.9283447265625,125.87799835205078,130.35250854492188,142.7122802734375,1206.4375,468.7165222167969,888.3821411132812,878.802731204784,3287.34814453125,1271.43408203125,2476.271240234375,6461.8564453125,277.04803466796875
2022-04-05,2135.083984375,2998.716552734375,779.2428588867188,720.4859008789062,739.931884765625,135.25267028808594,1249.7020785322925,837.726806640625,987.9957275390624,752.4981689453125,1974.110107421875,713.5449829101562,1635.3326416015625,209.19512939453125,358.499755859375,1744.983154296875,7412.240234375,857.5899047851562,130.06524658203125,133.30010986328125,146.2581329345703,1189.3851318359375,465.9722290039063,891.3081665039062,864.6828061178043,3326.104248046875,1263.28955078125,2507.9501953125,6444.84912109375,276.37921142578125
2022-04-06,2155.189208984375,3011.319580078125,769.8892211914062,716.4390869140625,748.6669921875,139.5355682373047,1258.766104856501,827.4436645507812,967.3754272460938,725.6406860351562,1976.18603515625,713.3525390625,1606.994873046875,209.31610107421875,353.9642944335937,1760.9022216796875,7395.384765625,866.7996826171875,133.4673309326172,134.03700256347656,148.5174102783203,1186.214599609375,470.1343688964844,890.3488159179688,874.8071392159426,3274.27001953125,1238.092529296875,2498.9482421875,6454.431640625,273.7959899902344
2022-04-07,2094.374755859375,3012.2744140625,788.1986083984375,710.9050903320312,735.8779907226562,137.3041229248047,1263.8020997961482,835.3084106445312,969.689697265625,709.6853637695312,1997.1744384765625,720.037841796875,1591.31005859375,206.9374847412109,351.38824462890625,1735.7166748046875,7296.35546875,865.4506225585938,133.9034881591797,130.97305297851562,145.1912384033203,1165.2900390625,471.0490417480469,893.0829467773438,891.7442074882406,3212.19091796875,1245.897705078125,2418.5703125,6454.90966796875,267.93768310546875
2022-04-08,2166.114501953125,3061.205810546875,790.9847412109375,718.3552856445312,735.58837890625,140.03941345214844,1254.6772434900085,857.161376953125,963.1193237304688,708.7028198242188,2014.011474609375,725.56884765625,1594.4736328125,215.92776489257807,354.978759765625,1739.9459228515625,7217.52392578125,878.0313720703125,132.63861083984375,132.5631866455078,145.9757080078125,1184.6746826171875,472.1010437011719,886.9910888671875,891.1934511536713,3213.49853515625,1229.0997314453125,2469.335205078125,6551.0634765625,269.22930908203125
2022-04-11,2175.34375,3014.613037109375,782.1783447265625,715.4346313476562,731.6793212890625,141.37109375,1243.525756247878,847.5166625976562,936.7962036132812,700.046630859375,1995.5599365234373,730.6669311523438,1552.25244140625,215.6858673095703,354.7699584960937,1693.1385498046875,7224.63818359375,876.7727661132812,133.55458068847656,132.7958984375,144.9088134765625,1182.2064208984375,471.00335693359375,887.7586669921875,904.0180601512745,3222.8720703125,1229.481201171875,2449.560546875,6571.904296875,263.44012451171875
2022-04-12,2192.056640625,2987.115966796875,794.517333984375,709.3742065429688,715.8497924804688,133.88502502441406,1243.558103999711,845.9398193359375,934.854248046875,698.8067016601562,1967.1448974609373,734.7550048828125,1531.075927734375,213.50885009765625,358.4300842285156,1661.0150146484375,7275.20361328125,876.3660278320312,133.11842346191406,131.01187133789062,146.28948974609375,1159.945556640625,469.1281127929688,883.825439453125,908.9056570668305,3218.25048828125,1200.466552734375,2447.937255859375,6492.18310546875,257.7201843261719
2022-04-13,2194.551025390625,2941.287109375,789.1438598632812,714.6350708007812,714.8845825195312,134.31690979003906,1264.414747112527,831.7872314453125,929.8541259765624,685.4481811523438,1985.50390625,733.2160034179688,1536.435791015625,217.33876037597656,354.0041198730469,1673.46533203125,7133.05810546875,874.6817626953125,134.2960662841797,135.16172790527344,144.0301971435547,1155.68798828125,473.5646667480469,898.64697265625,901.1583041785632,3192.835205078125,1196.6063232421875,2421.52197265625,6448.5859375,257.9508361816406
2022-04-18,2228.87451171875,2884.861083984375,794.915283203125,708.1015625,704.1224365234375,136.36837768554688,1274.460705902856,829.0301513671875,910.5562133789062,652.9293212890625,2009.0289306640625,728.9354858398438,1424.710205078125,217.78225708007807,348.19549560546875,1652.1287841796875,7232.373046875,883.2036743164062,142.36517333984375,136.36399841308594,145.03433227539062,1152.1551513671875,466.0636901855469,889.7733154296875,906.0274209505608,3076.08837890625,1140.69775390625,2453.102294921875,6361.9189453125,248.4483642578125
2022-04-19,2163.470458984375,2855.884033203125,793.8704833984375,707.9163818359375,698.3311767578125,142.34283447265625,1268.4136690584733,814.47119140625,884.5225219726562,628.0136108398438,1949.431396484375,737.1117553710938,1372.51611328125,210.8883514404297,339.6617126464844,1621.145751953125,7100.20703125,854.0403442382812,140.14071655273438,137.4111785888672,142.99468994140625,1196.065673828125,468.1676025390625,884.4970092773438,925.8987741917371,3027.131103515625,1103.920166015625,2412.91357421875,6310.27392578125,244.6888885498047
2022-04-20,2179.08544921875,2943.53125,790.7857666015625,685.7755126953125,713.6298217773438,143.31459045410156,1282.539296116963,830.6649780273438,900.349365234375,633.67529296875,1997.3126220703125,726.771240234375,1395.09814453125,209.2757568359375,342.4068298339844,1607.697509765625,7321.37548828125,871.0081787109375,140.00987243652344,136.13131713867188,142.46127319335938,1231.234619140625,465.8807678222656,885.9358520507812,925.7910581511795,3101.155029296875,1110.707275390625,2442.5263671875,6522.4619140625,247.47967529296875
2022-04-21,2281.257568359375,3015.377197265625,797.8507690429688,696.0730590820312,710.1549682617188,148.92910766601562,1233.3635202005526,835.8695068359375,908.4486083984376,643.056640625,2027.757568359375,733.3121948242188,1422.42578125,209.96112060546875,350.2742919921875,1629.4619140625,7524.3037109375,870.4225463867188,141.9290008544922,135.0841522216797,142.61813354492188,1260.0631103515625,472.2839660644531,905.6978759765624,946.4448026738145,3163.800537109375,1113.676513671875,2480.206298828125,6560.166015625,248.72512817382807
2022-04-22,2268.236572265625,3021.2490234375,776.755126953125,693.406005859375,713.0507202148438,145.510009765625,1253.6327812557172,811.1917724609375,910.8040771484376,634.2835083007812,1962.2550048828125,719.172119140625,1393.121337890625,210.52554321289065,343.6899108886719,1610.3111572265625,7548.46484375,869.6956787109375,139.9662322998047,134.96778869628906,141.48851013183594,1249.510009765625,457.9224548339844,887.1830444335938,913.0462676911377,3149.763427734375,1108.416748046875,2472.04052734375,6462.048828125,248.0331878662109
2022-04-25,2279.112060546875,2988.97802734375,776.854736328125,683.1425170898438,713.6298217773438,135.64857482910156,1224.2342584699334,796.2362060546875,900.7211303710938,639.0327758789062,1938.0838623046875,723.5488891601562,1371.7252197265625,205.8086700439453,343.9087219238281,1575.146484375,7555.9609375,869.071533203125,136.17160034179688,131.59359741210938,139.85678100585938,1220.6138916015625,452.5711669921875,863.391845703125,923.8569213670928,3093.656982421875,1077.7900390625,2414.1923828125,6319.232421875,244.1814727783203
2022-04-26,2389.965087890625,2984.251953125,771.182861328125,706.0634765625,729.990234375,137.7720184326172,1218.5635570966617,803.801025390625,904.3990478515624,641.98046875,1981.998291015625,725.039794921875,1389.211181640625,208.7919921875,346.6637878417969,1615.6334228515625,7550.61279296875,880.5980834960938,136.95669555664062,129.49929809570312,145.34812927246094,1257.1417236328125,462.4047546386719,880.7077026367188,925.3238000351716,3092.00048828125,1082.0740966796875,2506.96630859375,6381.6572265625,244.1353302001953
2022-04-27,2328.901123046875,3005.9248046875,762.127685546875,654.7266845703125,726.3223266601562,134.96478271484375,1200.2570538201107,788.8067016601562,905.4733276367188,642.2144165039062,1978.9998779296875,708.6392211914062,1364.4320068359375,207.62283325195312,346.4250793457031,1593.869384765625,7437.59423828125,871.3812866210938,135.7790069580078,127.870361328125,143.9047088623047,1258.364501953125,454.8580627441406,869.24365234375,921.8477103025792,3104.991943359375,1070.027099609375,2452.020263671875,6274.5810546875,239.38409423828125
2022-04-28,2373.252197265625,3100.7802734375,775.9591674804688,656.0480346679688,721.3515014648438,136.94424438476562,1179.361635671493,797.532470703125,917.9933471679688,641.6528930664062,2068.258544921875,718.691162109375,1390.616943359375,210.52554321289065,351.2290954589844,1633.976318359375,7532.8505859375,881.1694946289062,139.31198120117188,127.83159637451172,147.85845947265625,1277.16064453125,464.2342529296875,883.5376586914062,923.3717168699985,3125.13232421875,1078.553466796875,2472.53271484375,6340.216796875,241.0447235107422
2022-04-29,2326.805908203125,3090.755126953125,725.0113525390625,650.6017456054688,713.2919921875,131.6176300048828,1198.9438103877458,799.4285888671875,906.8597412109376,647.8525390625,2061.800537109375,714.98779296875,1377.3924560546875,209.2757568359375,356.2221069335937,1610.3111572265625,7370.17333984375,876.5120849609375,136.25880432128906,124.45735931396484,142.9319305419922,1263.7542724609375,453.9890441894531,890.8765258789062,898.6259935702649,3092.34912109375,1068.1182861328125,2418.422607421875,6352.9599609375,234.70204162597656
2022-05-02,2334.289306640625,3055.238037109375,723.7675170898438,646.150146484375,715.5602416992188,135.07269287109375,1191.6506425200819,797.87109375,896.4824829101562,656.7894897460938,2057.787109375,712.775390625,1354.0635986328125,212.17843627929688,352.959716796875,1596.150146484375,7290.8642578125,881.7840576171875,137.3928680419922,121.27709197998048,145.31674194335938,1259.315673828125,449.1408996582031,885.8400268554688,896.2350538719584,3088.599609375,1044.5330810546875,2347.93212890625,6399.671875,228.3363037109375
2022-05-04,2248.780029296875,2960.573486328125,703.7167358398438,618.2218627929688,697.2694702148438,134.85678100585938,1197.8421044381957,772.4193115234375,878.0384521484375,634.4705810546875,2003.40185546875,696.6634521484375,1349.2747802734375,209.43701171875,353.2083740234375,1552.9068603515625,7064.68310546875,864.9138793945312,138.39601135253906,125.85359191894533,149.11361694335938,1220.0023193359375,438.7585144042969,864.2551879882812,901.0240855379502,3033.9755859375,1028.9227294921875,2252.895263671875,6249.189453125,226.83714294433597
2022-05-05,2250.376220703125,2937.373046875,698.8905639648438,615.2671508789062,693.9395141601562,133.77706909179688,1197.5186117279252,766.895751953125,900.8099365234376,633.0435791015625,1998.8349609375,701.0401611328125,1392.857666015625,211.2914886474609,357.58465576171875,1556.423583984375,7073.9931640625,841.7700805664062,138.17796325683594,127.870361328125,146.6974334716797,1196.1109619140625,439.0786437988281,842.4306030273438,920.0185512664989,3063.31494140625,1071.808837890625,2225.3974609375,6089.89208984375,231.17320251464844
2022-05-06,2242.693359375,2879.80078125,670.083251953125,585.120361328125,685.5421752929688,134.8927764892578,1205.9201861905742,760.4820556640625,882.4498291015625,616.5033569335938,1982.7822265625,691.8538818359375,1355.6888427734375,215.00050354003903,353.1487121582031,1541.9775390625,6951.376953125,812.6826782226562,138.70135498046875,129.49929809570312,149.61569213867188,1186.9393310546875,442.6919250488281,847.37109375,913.7814626251949,2992.865966796875,1095.0546875,2173.009521484375,5940.89599609375,223.7695770263672
2022-05-09,2192.755126953125,2869.29833984375,660.4310302734375,588.6942749023438,686.7486572265625,131.7615966796875,1207.6637710876616,755.6741333007812,904.2128295898438,617.55615234375,1952.7528076171875,683.2929077148438,1379.85302734375,212.0171661376953,351.5971069335937,1535.9898681640625,7028.77587890625,789.1994018554688,138.70135498046875,127.79279327392578,153.85189819335938,1140.5831298828125,435.32818603515625,849.3856811523438,903.943567829353,3003.764892578125,1069.9423828125,2147.87255859375,5964.27490234375,222.87008666992188
2022-05-10,2104.80126953125,2946.729736328125,656.5004272460938,578.1138305664062,694.6151123046875,122.40403747558594,1186.8316570591567,757.2606201171875,901.2301635742188,627.4755859375,2011.5660400390625,684.2066650390625,1364.607666015625,209.43701171875,357.49517822265625,1528.1966552734375,7177.3671875,789.9763793945312,135.60455322265625,119.80331420898438,152.91050720214844,1120.813232421875,434.6878967285156,826.7935791015625,898.0209460017803,2998.2275390625,1053.9501953125,2102.764404296875,6100.1923828125,220.3329925537109
2022-05-11,2114.579833984375,2915.509033203125,669.038330078125,566.270751953125,697.703857421875,122.26009368896484,1203.7893853014555,751.466064453125,891.4409790039062,631.0082397460938,1995.974853515625,686.9962158203125,1341.5421142578125,206.13116455078125,360.0414428710937,1492.8892822265625,7063.29833984375,789.5843505859375,133.0748291015625,123.02239990234376,150.1177520751953,1109.3319091796875,435.92279052734375,820.0303955078125,909.8318778492192,2974.905029296875,1038.806396484375,2080.481201171875,6075.041015625,217.68060302734372
2022-05-12,2040.64453125,2902.4287109375,646.4501953125,545.4413452148438,680.8609008789062,120.24457550048828,1196.0347832802815,750.6825561523438,890.1802978515625,616.784423828125,1973.18798828125,669.2970581054688,1325.769775390625,203.91384887695312,350.2841796875,1450.453857421875,6926.9296875,775.6023559570312,129.58543395996094,121.39347839355467,148.04673767089844,1086.7313232421875,423.2077941894531,815.4255981445312,914.3341118127687,2971.983642578125,1028.9227294921875,2015.401611328125,5926.76318359375,218.5570373535156
2022-05-13,2049.57470703125,2925.390625,632.8176879882812,537.869384765625,665.9000854492188,121.43229675292967,1170.9550518007634,759.2534790039062,884.088623046875,611.2462768554688,2024.205810546875,651.5497436523438,1321.9033203125,208.509765625,353.994140625,1458.3896484375,6782.0634765625,784.3506469726562,125.74716186523438,119.10519409179688,148.2977752685547,1099.0506591796875,406.7423706054688,846.6036376953125,907.9909631629887,2977.4326171875,1020.4813232421876,2057.85302734375,5937.3984375,216.18142700195312
2022-05-16,2101.20947265625,2864.190673828125,635.8029174804688,550.5121459960938,669.0853271484375,123.59172058105467,1164.470805612248,752.3077392578125,877.7025146484375,617.7546997070312,2045.5631103515625,656.9846801757812,1308.4593505859375,204.88140869140625,360.6182861328125,1466.3729248046875,6921.1533203125,775.5474243164062,129.32374572753906,119.06641387939452,147.60743713378906,1099.322265625,416.2099914550781,849.5775146484375,914.8204374837402,2944.213623046875,1008.773681640625,2075.46337890625,5761.3330078125,215.881591796875
2022-05-17,2179.98388671875,2912.024169921875,651.7240600585938,569.2252807617188,682.453369140625,132.84132385253906,1189.3958321970454,755.3258056640625,909.9269409179688,621.9674682617188,2071.1640625,682.9561767578125,1334.2489013671875,213.42822265625,366.0787048339844,1524.5374755859375,7193.50634765625,780.5468139648438,131.2864990234375,126.5517120361328,149.77261352539062,1145.497314453125,427.46136474609375,855.4774780273438,916.400347642121,3009.43212890625,1016.5364379882812,2141.133544921875,5852.31201171875,224.4845733642578
2022-05-18,2176.241943359375,2959.85791015625,656.2020263671875,567.0702514648438,671.9326782226562,133.56112670898438,1203.950940172172,755.6741333007812,902.1962890625,621.9201049804688,2113.971435546875,680.4071044921875,1326.12109375,215.1214599609375,367.3717041015625,1494.5048828125,7225.73583984375,781.5126953125,129.5418243408203,126.5904541015625,143.0260772705078,1149.6641845703125,418.9542236328125,862.576416015625,929.1383454689968,3006.99072265625,994.3511962890624,2131.688720703125,5973.0419921875,221.99365234375
2022-05-19,2110.039794921875,2909.064208984375,646.9974365234375,556.5191040039062,650.7945556640625,130.429931640625,1198.603217011184,760.2498779296875,848.1669921875,609.2109375,2089.20068359375,664.0065307617188,1254.0244140625,222.2572326660156,354.7599792480469,1471.1724853515625,7071.033203125,769.58935546875,129.1056671142578,124.10832214355467,143.27711486816406,1123.1683349609375,409.349365234375,848.6182250976562,920.4919577488619,2844.076904296875,940.308837890625,2077.77587890625,5818.63232421875,208.10894775390625
2022-05-20,2214.606201171875,2969.26171875,669.78466796875,562.6235961914062,663.9696655273438,133.84906005859375,1193.2692329817637,822.0941162109375,864.51025390625,625.2571411132812,2145.84619140625,682.5233154296875,1278.6279296875,225.76466369628903,363.8606872558594,1530.239990234375,7244.88330078125,806.3013305664062,130.5013885498047,125.58209228515624,143.74783325195312,1188.660400390625,422.9791259765625,878.4052734375,916.6699208600958,2871.149169921875,959.4400024414062,2102.46923828125,5872.33740234375,212.00680541992188
2022-05-23,2165.815185546875,3030.605712890625,672.0235595703125,565.0029296875,661.990966796875,132.661376953125,1188.4138404451999,827.0953979492188,855.6453247070312,617.2340698242188,2195.5263671875,683.9661865234375,1290.2705078125,221.32997131347656,368.8636474609375,1562.6011962890625,7541.73193359375,812.627685546875,130.98118591308594,120.30750274658205,140.95506286621094,1180.711669921875,421.6069946289063,884.544921875,912.0488046611142,2896.2158203125,969.6207275390624,2116.489013671875,5668.86865234375,214.9590301513672
2022-05-24,2155.388427734375,2947.20703125,660.7792358398438,565.4710083007812,654.6070556640625,131.2577362060547,1223.5796370456303,841.0546264648438,833.3363037109375,624.3104858398438,2130.808349609375,681.1766357421875,1266.1944580078125,218.3869781494141,374.4931640625,1545.636474609375,7451.20166015625,821.8468627929688,128.14608764648438,116.85574340820312,142.46127319335938,1184.765380859375,422.658935546875,872.8892211914062,894.0764182358162,2866.789794921875,931.824951171875,2105.61767578125,5622.63671875,212.1682586669922
2022-05-25,2069.530029296875,2709.662353515625,661.724609375,568.2598876953125,664.2592163085938,130.07003784179688,1230.541083432977,833.3833618164062,818.799560546875,628.972900390625,2120.706298828125,686.1785888671875,1239.35009765625,219.8786163330078,379.4563598632813,1496.6431884765625,7436.49560546875,826.4684448242188,133.1619873046875,118.36831665039062,141.11196899414062,1183.0216064453125,421.8692626953125,874.13623046875,898.0944586339298,2780.461181640625,899.4168090820312,2079.2021484375,5549.958984375,205.2028350830078
2022-05-26,2041.8419189453125,2711.667236328125,679.8847045898438,567.3237915039062,669.5195922851562,131.90554809570312,1238.367467405298,832.744873046875,824.0513305664062,646.912353515625,2103.638916015625,700.7515258789062,1251.21240234375,220.2839508056641,379.6751403808594,1486.9493408203125,7453.4462890625,844.1012573242188,134.4705047607422,117.8253402709961,142.58677673339844,1171.743896484375,435.6188049316406,863.3439331054688,901.6922677663871,2832.51318359375,915.0694580078124,2107.2900390625,5628.57763671875,209.12376403808597
2022-05-27,2075.5166015625,2706.60693359375,684.9097900390625,584.4572143554688,660.5913696289062,130.89781188964844,1256.6538313326264,849.451416015625,843.5455932617188,658.9115600585938,2150.13671875,711.6210327148438,1284.075439453125,222.34884643554688,387.1447143554688,1520.926025390625,7585.1826171875,843.5537109375,131.24288940429688,111.5423355102539,141.01780700683594,1166.3089599609375,435.6653137207031,867.1332397460938,902.0990448674141,2862.664306640625,952.9498901367188,2114.422607421875,5699.24267578125,215.3972625732422
2022-05-30,2160.826416015625,2715.343017578125,690.2335815429688,595.9347534179688,674.7317504882812,134.74880981445312,1261.2987755923948,845.5432739257812,873.7952880859375,663.4082641601562,2167.0654296875,719.98974609375,1341.5860595703125,222.22496032714844,378.5910339355469,1578.4727783203125,7652.9365234375,846.7025146484375,131.6354217529297,111.73628997802734,143.24574279785156,1206.9356689453125,440.9142761230469,852.167724609375,899.5129107344515,2962.686279296875,987.5216064453124,2219.39599609375,5847.42529296875,219.6872100830078
2022-05-31,2162.72216796875,2730.284912109375,681.8251953125,593.1018676757812,675.8417358398438,138.85171508789062,1257.256714137859,845.4175415039062,874.5094604492188,657.4441528320312,2171.031982421875,724.174072265625,1335.1925048828125,223.5464782714844,367.3816833496094,1572.4378662109375,7607.5283203125,845.9661865234375,136.08433532714844,117.3211441040039,146.1639862060547,1192.3743896484375,434.8755798339844,825.5943603515625,882.3760895515517,2953.118408203125,1001.307861328125,2180.14208984375,5828.21337890625,220.51751708984372
2022-06-01,2146.10888671875,2723.458984375,682.6708374023438,586.080810546875,670.48486328125,141.11915588378906,1254.3169255653158,835.6180419921875,855.309326171875,660.2369384765625,2129.701171875,723.981689453125,1312.9482421875,224.53765869140625,371.0120239257813,1566.2601318359375,7581.7919921875,824.45068359375,136.7822265625,116.15763092041016,143.8419189453125,1192.75927734375,435.0613708496094,805.11279296875,877.5807141278452,2945.086181640625,972.759765625,2162.039794921875,5725.736328125,217.150146484375
2022-06-02,2204.478759765625,2776.973388671875,688.1438598632812,590.7322387695312,671.7396240234375,142.66673278808594,1253.54934113846,838.3556518554688,873.6270751953125,655.621826171875,2107.882080078125,721.1920776367188,1339.0997314453125,225.90049743652344,369.530029296875,1555.9483642578125,7568.42236328125,831.7308349609375,138.7449493408203,118.2519760131836,141.55128479003906,1233.8843994140625,436.50140380859375,824.5872192382812,873.754562248894,3004.599365234375,972.2506713867188,2185.011474609375,5756.59033203125,218.718505859375
2022-06-03,2185.122314453125,2756.302490234375,673.9639892578125,587.8410034179688,662.6183471679688,141.80294799804688,1253.3792548326962,839.6810302734375,876.3999633789062,653.349853515625,2114.47900390625,715.9497680664062,1351.2650146484375,225.2397003173828,369.7289733886719,1570.109375,7357.9970703125,821.0770263671875,135.21202087402344,117.59264373779295,141.8336639404297,1258.88525390625,431.5311279296875,829.911376953125,864.4220694768791,3019.65283203125,973.8627319335938,2168.7294921875,5441.349609375,219.3412322998047
2022-06-06,2220.09423828125,2689.993896484375,668.88916015625,587.1388549804688,659.1918334960938,140.25540161132812,1266.5636729259545,833.054443359375,871.610595703125,652.4740600585938,2103.915283203125,718.306396484375,1358.68017578125,226.9742126464844,371.8475036621094,1558.846923828125,7363.25,812.7520141601562,135.38645935058594,119.4154815673828,141.08056640625,1253.4730224609375,430.7879028320313,824.8270263671875,862.8200087486233,3011.577880859375,970.7236328125,2162.974365234375,5347.92724609375,218.2803192138672
2022-06-07,2222.588623046875,2620.53515625,662.5703125,573.2527465820312,661.4600830078125,142.19886779785156,1267.957736914137,801.7501831054688,859.5107421875,644.9717407226562,2040.3505859375,707.2444458007812,1337.9451904296875,226.23085021972656,369.6294860839844,1510.6141357421875,7457.6474609375,800.7976684570312,137.1747589111328,125.54332733154295,141.2061004638672,1255.828125,430.5091857910156,813.7467651367188,867.994937261399,2951.670166015625,958.9310302734376,2066.806396484375,5322.87109375,215.7201385498047
2022-06-08,2172.3505859375,2582.82177734375,655.3560791015625,580.6345825195312,640.2254638671875,142.27085876464844,1281.3844830441499,812.4300537109375,865.6445922851562,647.2438354492188,2026.9276123046875,701.7135009765625,1331.995849609375,221.2751007080078,367.1130981445313,1505.957275390625,7536.95751953125,799.6905517578125,137.0002899169922,126.74562072753906,140.92367553710938,1233.77099609375,437.8484802246094,812.7874145507812,891.3223265669227,2988.053955078125,953.7557983398438,2094.40234375,5300.49755859375,216.9886932373047
2022-06-09,2214.257080078125,2580.03759765625,658.0428466796875,575.1980590820312,652.8213500976562,143.0626220703125,1280.4385710107113,836.3724975585938,864.34228515625,652.119140625,2027.526611328125,704.8396606445312,1345.3155517578125,223.7116851806641,371.0319519042969,1515.98388671875,7572.6728515625,801.8136596679688,135.34286499023438,128.413330078125,141.11196899414062,1267.60400390625,433.8072509765625,823.9155883789062,893.821150745436,3008.1982421875,965.9725952148438,2105.076416015625,5252.6357421875,219.1336669921875
2022-06-10,2198.193359375,2601.115234375,657.4457397460938,552.6672973632812,649.9258422851562,142.88272094726562,1282.322122941477,841.91552734375,853.16650390625,639.5282592773438,2029.5567626953125,692.5753784179688,1311.3941650390625,223.1334991455078,356.4309387207031,1506.4798583984375,7577.6865234375,802.136474609375,135.4300994873047,127.7152328491211,140.86093139648438,1229.33251953125,429.0692138671875,811.3005981445312,897.3582522802103,2949.21240234375,941.5814208984376,2107.585205078125,5280.56640625,212.62954711914065
2022-06-13,2075.11767578125,2555.0224609375,645.753662109375,522.5107421875,647.9471435546875,137.5200958251953,1247.7729135485024,825.5960083007812,833.3783569335938,627.9314575195312,2026.7886962890625,661.7941284179688,1264.951904296875,218.59071350097656,345.5995483398437,1456.0611572265625,7545.69482421875,805.9403686523438,129.89077758789062,123.75926971435548,139.54299926757812,1206.0750732421875,414.2048645019531,795.7594604492188,896.7737557726253,2826.061767578125,892.4598388671875,2068.380126953125,5132.1455078125,205.77944946289065
2022-06-14,2191.5576171875,2530.679931640625,647.5447387695312,524.2172241210938,658.3231201171875,138.34786987304688,1264.2000615389916,834.0798950195312,837.6637573242188,621.0208129882812,2002.894287109375,659.389404296875,1279.2044677734375,219.25149536132807,346.0670166015625,1468.0362548828125,7459.796875,806.7532348632812,132.07159423828125,120.9668426513672,140.547119140625,1190.3134765625,416.295166015625,791.490478515625,873.5733479373914,2818.1171875,873.965087890625,2067.986572265625,5201.5654296875,205.68719482421875
2022-06-15,2179.734130859375,2555.406494140625,647.2960205078125,534.8657836914062,658.371337890625,136.80027770996094,1270.7681973212414,838.8102416992188,831.7817993164062,618.8670043945312,1997.8218994140625,661.07275390625,1262.909423828125,217.55825805664065,345.4603271484375,1482.9576416015625,7499.7138671875,803.44677734375,129.2364959716797,117.4375,139.48025512695312,1175.9107666015625,419.3144836425781,788.852294921875,873.5844519593903,2814.387451171875,865.3964233398438,2070.9873046875,5226.04638671875,203.01173400878903
2022-06-16,2078.3603515625,2551.853515625,631.77294921875,515.260498046875,631.4420776367188,129.4941864013672,1288.9563709455051,829.5234985351562,810.817138671875,606.4893188476562,1997.9615478515625,652.656005859375,1240.7093505859375,215.32815551757807,333.3558349609375,1451.641845703125,7480.75830078125,806.875244140625,124.70037078857422,111.34844970703124,135.77749633789062,1159.4698486328125,410.2565002441406,781.4654541015625,874.6463892870574,2757.9462890625,827.4310302734375,2027.600830078125,5083.3740234375,194.80084228515625
2022-06-17,2091.1318359375,2477.6728515625,632.0713500976562,528.4883422851562,621.2590942382812,131.47364807128906,1238.7151935035054,802.2822265625,805.6072998046875,610.489013671875,1964.22314453125,660.68798828125,1231.91845703125,217.47564697265625,332.9182434082031,1416.04931640625,7341.85888671875,795.8006591796875,122.51953887939452,109.71952056884766,132.63955688476562,1173.0572509765625,409.6990966796875,761.1278686523438,905.3640824050971,2711.3369140625,818.735107421875,1905.115478515625,4960.775390625,186.9128875732422
2022-06-20,2075.2177734375,2554.974365234375,625.2053833007812,533.4518432617188,618.6046752929688,127.29875183105467,1275.574952229499,803.2689819335938,806.6995849609375,625.8251953125,2043.75244140625,659.822265625,1255.7611083984375,218.13644409179688,334.0322265625,1398.799560546875,7315.88427734375,811.3269653320312,119.7280502319336,104.2509765625,130.694091796875,1151.7930908203125,403.8462524414063,772.5437622070312,903.297042583845,2731.964599609375,830.8670043945312,1929.956787109375,5110.2509765625,191.2720184326172
2022-06-21,2156.98486328125,2571.923095703125,633.3649291992188,541.1263427734375,631.5385131835938,133.02125549316406,1273.5937747915573,825.8765258789062,829.0088500976562,632.6412963867188,2052.222412109375,669.5856323242188,1287.5069580078125,222.9270477294922,334.4896850585937,1425.8861083984375,7430.1455078125,811.5517578125,122.08335876464844,107.89666748046876,132.01197814941406,1170.38525390625,418.7570495605469,784.1996459960938,907.4247678116607,2819.346435546875,848.4710693359375,2044.4735107421875,5192.27099609375,196.11550903320312
2022-06-22,2084.546630859375,2560.400146484375,623.7127075195312,530.443603515625,620.48681640625,129.09829711914062,1293.7963160049114,824.3771362304688,807.7499389648438,629.6591796875,2050.220947265625,660.447509765625,1276.2738037109375,219.1275787353516,332.1424255371094,1405.4049072265625,7432.1982421875,802.1483764648438,120.07697296142578,104.60005950927734,132.20030212402344,1134.831298828125,415.8770751953125,776.381103515625,907.3332122005316,2829.001708984375,831.4185791015625,1998.3321533203125,5183.69580078125,189.70364379882807
2022-06-23,2105.649658203125,2648.60009765625,626.2501831054688,531.2772827148438,637.2333374023438,127.51467895507812,1275.7690770187128,830.9551391601562,816.1107788085938,631.9785766601562,2096.5244140625,672.5194702148438,1289.7713623046875,219.29275512695312,335.0068664550781,1420.18359375,7898.45703125,811.7669677734375,119.07381439208984,104.56124114990234,130.8823699951172,1116.419921875,419.3609313964844,791.3466186523438,893.0955415343385,2904.35791015625,840.8355712890625,2008.3671875,5184.03076171875,193.30165100097656
2022-06-24,2156.635498046875,2651.193115234375,630.8772583007812,544.8904418945312,647.8505859375,127.0828094482422,1287.1385821329443,833.8090209960938,812.28759765625,640.806396484375,2144.26953125,686.2747192382812,1279.692626953125,219.58187866210935,337.8514709472656,1420.706298828125,7986.50341796875,823.9771118164062,119.16105651855467,106.53923034667967,131.13339233398438,1132.317626953125,422.0086364746094,791.0587768554688,907.6980314323711,2890.5771484375,832.4365234375,2012.499267578125,5239.60498046875,193.16329956054688
2022-06-27,2176.74072265625,2708.85693359375,633.9619750976562,550.1025390625,660.1570434570312,131.04177856445312,1268.9665036298136,835.9178466796875,833.8403930664062,641.9660034179688,2159.85888671875,690.0261840820312,1309.4404296875,222.9683074951172,336.4888610839844,1459.625244140625,8068.19970703125,830.0308227539062,120.8184814453125,109.75829315185548,132.76512145996094,1128.9656982421875,428.4653625488281,801.6593627929688,917.5551892038823,2909.537353515625,854.4945678710938,2007.284912109375,5327.70947265625,196.0001983642578
2022-06-28,2199.689697265625,2618.16015625,639.1861572265625,543.7689819335938,657.4544677734375,134.17294311523438,1258.5223894217704,846.3751831054688,841.9070434570312,637.0670166015625,2157.066650390625,683.2447509765625,1314.369140625,224.53765869140625,331.96337890625,1474.5465087890625,8107.30615234375,832.2138061523438,120.90570831298828,115.8473892211914,131.98062133789062,1144.840576171875,431.29888916015625,794.8960571289062,928.0221127659935,2912.565673828125,865.9478759765625,1936.2042236328125,5339.6865234375,197.08419799804688
2022-06-29,2215.1552734375,2590.6005859375,622.4688720703125,537.5816650390625,663.8731079101562,135.864501953125,1292.8440298741136,844.3920288085938,829.80712890625,636.1439208984375,2078.70068359375,675.982421875,1299.3616943359375,226.3547515869141,326.72174072265625,1471.125,8125.64111328125,836.763671875,123.6535415649414,119.57061767578124,132.482666015625,1168.5960693359375,426.5144348144531,804.5852661132812,916.7481547569424,2888.294921875,866.2871704101562,1904.8201904296875,5383.33154296875,194.08587646484372
2022-06-30,2186.019775390625,2588.103271484375,633.6635131835938,528.5482177734375,661.122314453125,133.5971221923828,1289.9223400057856,850.0899047851562,817.7913208007812,638.0609741210938,2076.048583984375,680.2628784179688,1298.1629638671875,225.90049743652344,330.4316711425781,1480.961669921875,8089.20947265625,835.3745727539062,124.65673828125,117.5538558959961,132.98475646972656,1175.6163330078125,432.8317565917969,796.8147583007812,935.1003546081388,2867.75537109375,848.38623046875,1909.8377685546875,5372.7919921875,191.91781616210935
2022-07-01,2227.228271484375,2662.9560546875,640.7783203125,549.482666015625,650.0223388671875,131.90554809570312,1294.3071208198842,848.5614013671875,819.5557861328125,640.7826538085938,2124.213134765625,677.0885620117188,1313.703125,234.86216735839844,331.7545166015625,1494.17236328125,8024.12890625,850.9176635742188,122.69398498535156,101.6524658203125,129.59579467773438,1090.943359375,433.7143249511719,795.5197143554688,917.4574325309703,2909.88818359375,857.4640502929688,1914.7076416015625,5453.66162109375,194.66246032714844
2022-07-04,2256.81201171875,2679.4248046875,651.1270141601562,551.0388793945312,658.1783447265625,131.04177856445312,1310.506461337313,842.4766235351562,827.328369140625,641.6820068359375,2210.62939453125,692.6714477539062,1321.33984375,241.09814453125,332.3810729980469,1503.2486572265625,8063.04296875,860.4572143554688,123.34825134277344,97.73529815673828,132.23165893554688,1093.2080078125,439.8458862304688,795.66357421875,925.3013029278461,2839.623291015625,848.3438720703125,1930.7440185546875,5470.28662109375,193.87828063964844
2022-07-05,2241.4462890625,2656.666748046875,645.305908203125,554.0531616210938,660.6396484375,131.3297119140625,1320.0417147736503,850.1673583984375,825.2695922851562,640.2383422851562,2235.107421875,692.0462036132812,1310.639404296875,236.9683837890625,330.81951904296875,1487.2818603515625,7972.65673828125,860.0006713867188,122.86844635009766,98.82125854492188,134.39682006835938,1102.0625,438.6381530761719,801.8031005859375,954.1839166927774,2823.1650390625,851.1011352539062,1922.62744140625,5490.3125,190.7876892089844
2022-07-06,2267.78759765625,2747.69921875,654.7094116210938,579.06884765625,669.8092041015625,130.78982543945312,1323.2993254012013,849.3546752929688,829.0088500976562,649.066162109375,2325.293212890625,698.298583984375,1324.580810546875,238.95065307617188,339.0649108886719,1478.9658203125,8241.333984375,879.3020629882812,121.21102142333984,93.81813049316406,132.0747528076172,1092.3699951171875,445.884521484375,803.6259155273438,941.5326754713808,2862.181640625,856.7853393554688,1980.968017578125,5584.30859375,191.91781616210935
2022-07-07,2269.234619140625,2776.50732421875,655.9052124023438,573.588134765625,662.9078979492188,133.88502502441406,1330.5150858020809,838.994140625,831.7398071289062,660.6866455078125,2301.60693359375,713.7373657226562,1330.84130859375,241.13943481445312,345.828369140625,1531.1903076171875,8218.7490234375,870.51806640625,122.51953887939452,95.79611206054688,133.3927001953125,1081.61328125,452.201904296875,814.8980102539062,934.5275085774903,2885.968994140625,865.990234375,2093.07373046875,5594.65771484375,194.1089324951172
2022-07-08,2287.942626953125,2765.368408203125,666.8677368164062,574.8114624023438,670.9674682617188,136.62034606933594,1376.1015225798421,852.4889526367188,826.4459228515625,661.3018798828125,2323.850830078125,726.9154663085938,1344.8271484375,242.0480194091797,347.07159423828125,1603.75341796875,8094.17578125,880.7606811523438,125.35460662841795,94.24474334716795,137.31507873535156,1083.1080322265625,453.8741149902344,822.8123779296875,936.1748456880058,2866.306640625,870.8685302734375,2117.11474609375,5594.8974609375,193.3247528076172
2022-07-11,2367.964111328125,2816.50244140625,677.5311279296875,573.6664428710938,637.5711059570312,139.17564392089844,1375.5259333883191,876.8001708984375,792.8353881835938,665.585693359375,2318.0341796875,740.1898803710938,1308.1529541015625,243.6586151123047,346.3753662109375,1580.51611328125,8124.4482421875,884.119873046875,126.3141860961914,97.34746551513672,136.21682739257812,1097.8277587890625,453.5489807128906,822.3807373046875,930.0188939359055,2733.193603515625,854.7915649414062,2136.120361328125,5609.4140625,189.68060302734372
2022-07-12,2360.380859375,2778.236083984375,673.8936157226562,574.8457641601562,639.935791015625,139.57156372070312,1379.8893082646382,873.43017578125,779.60107421875,658.7933349609375,2279.828369140625,730.9555053710938,1277.47265625,241.75894165039065,341.9394226074219,1571.7249755859375,8040.458984375,866.7022094726562,128.32057189941406,96.26151275634766,133.9888916015625,1096.26513671875,450.5296325683594,816.96044921875,910.5919527514582,2707.65087890625,846.1380615234375,2102.947265625,5537.16748046875,188.7349548339844
2022-07-13,2348.2578125,2824.32861328125,677.5810546875,575.3693237304688,621.1141357421875,139.24765014648438,1400.6608270363188,876.9171142578125,771.1564331054688,642.723388671875,2324.6884765625,724.5107421875,1282.66748046875,242.8739776611328,346.5345153808594,1565.54736328125,8060.0361328125,872.6556396484375,129.6290740966797,96.5330047607422,134.5850830078125,1076.8349609375,451.96966552734375,825.1627197265625,911.8041669590428,2667.317138671875,839.9448852539062,2084.5830078125,5556.4267578125,187.6048126220703
2022-07-14,2378.77197265625,2822.360107421875,665.9707641601562,570.666748046875,619.32861328125,138.20391845703125,1422.8265945364255,891.2933959960938,758.762451171875,639.5046997070312,2324.734619140625,723.7412109375,1268.8148193359375,240.23089599609372,352.1043701171875,1564.5020751953125,8181.83984375,878.0899658203125,129.3673553466797,98.62733459472656,134.83612060546875,1085.7122802734375,445.3271179199219,844.1094360351562,898.8204124907868,2639.154541015625,827.8553466796875,2100.429443359375,5495.19873046875,185.1830596923828
2022-07-15,2400.881591796875,2859.810302734375,659.94140625,578.9219970703125,629.1254272460938,139.21163940429688,1446.9766418908114,885.5662231445312,742.083251953125,644.7113647460938,2390.535888671875,722.5869750976562,1270.146728515625,242.46099853515625,355.6153564453125,1601.2823486328125,8382.6669921875,897.6091918945312,130.6322479248047,98.16194152832033,131.35302734375,1087.818359375,445.0948791503906,842.67041015625,905.083119080455,2635.502197265625,826.1585083007812,2161.888427734375,5564.18798828125,181.6772918701172
2022-07-18,2419.198486328125,2897.93310546875,682.165283203125,593.0740356445312,639.984130859375,140.7952117919922,1460.397169517179,870.0015258789062,756.4937133789062,637.8480224609375,2376.575927734375,742.5946655273438,1323.02685546875,243.90643310546875,367.1429748535156,1641.9595947265625,8312.716796875,890.623046875,130.67584228515625,100.76043701171876,131.94924926757812,1097.08056640625,455.4999084472656,846.8914184570312,893.96347649611,2696.140625,855.1734619140625,2209.0322265625,5732.2041015625,186.70530700683597
2022-07-19,2446.847900390625,2899.133056640625,698.2103271484375,593.6758422851562,649.4915161132812,142.70272827148438,1437.9924834858616,866.456298828125,755.9837646484375,638.0846557617188,2390.0244140625,750.9152221679688,1317.9208984375,243.32827758789065,365.0144653320313,1644.0029296875,8323.2685546875,878.7786254882812,131.5045928955078,99.20909881591795,131.7923583984375,1103.806396484375,462.6069641113281,839.6965942382812,913.7208882020052,2705.600341796875,854.9187622070312,2212.734619140625,5831.328125,187.1204376220703
2022-07-20,2446.6484375,2886.98583984375,703.2930297851562,594.5029907226562,647.3197631835938,142.41481018066406,1471.4751840981526,868.56982421875,779.520751953125,646.1314697265625,2424.0419921875,753.2718505859375,1345.58203125,246.3017120361328,363.5822448730469,1653.6495361328125,8354.97265625,890.2261962890625,131.33010864257812,102.81598663330078,131.32167053222656,1133.6534423828125,472.5010681152344,832.2138061523438,904.199877397126,2785.292236328125,886.98779296875,2242.353515625,5834.345703125,190.0957489013672
2022-07-21,2490.9677734375,2944.265869140625,713.109375,613.343017578125,654.7517700195312,142.95468139648438,1448.8334698133804,851.4954833984375,785.51123046875,644.0960693359375,2426.78759765625,756.0613403320312,1361.210693359375,247.416748046875,358.1714782714844,1699.0828857421875,8400.763671875,900.88232421875,131.59182739257812,103.24261474609376,133.2357940673828,1126.0897216796875,475.7061767578125,834.2762451171875,900.5153809440764,2796.29345703125,902.0548095703124,2259.53271484375,5874.302734375,190.97219848632807
2022-07-22,2494.860595703125,2945.513671875,728.2576293945312,612.4964599609375,655.2344360351562,141.8749542236328,1455.476038175073,851.9630126953125,781.9425048828125,659.1245727539062,2457.640869140625,769.5762329101562,1337.590087890625,248.24273681640625,363.4529418945313,1701.58544921875,8433.1845703125,908.0072021484376,129.93435668945312,102.73841094970705,131.7923583984375,1133.698974609375,477.2390747070313,838.9290161132812,911.0717853359218,2790.749267578125,898.517333984375,2295.47021484375,6188.58544921875,189.5191192626953
2022-07-25,2545.9677734375,2981.57177734375,724.8692016601562,609.43798828125,654.8001708984375,144.6102294921875,1440.8884451400531,843.5963134765625,790.7793579101562,661.0652465820312,2441.818359375,770.3938598632812,1335.1925048828125,248.697021484375,357.1768798828125,1715.7353515625,8233.2646484375,896.942138671875,130.9375762939453,100.68287658691406,130.47442626953125,1096.242431640625,481.0480041503906,833.0291748046875,896.0029229996392,2787.009033203125,888.5164184570312,2299.271484375,6115.955078125,191.3412170410156
2022-07-26,2555.05126953125,2984.980712890625,704.04052734375,613.1032104492188,660.3018798828125,145.6179656982422,1440.1556296945944,820.5026245117188,776.2068481445312,659.7162475585938,2370.619140625,765.9690551757812,1288.6170654296875,249.8120574951172,350.4234619140625,1685.7032470703125,8141.8271484375,885.0809326171875,130.850341796875,99.4417953491211,131.22750854492188,1096.74072265625,477.7035827636719,832.3577880859375,899.1736117700169,2742.256103515625,872.881591796875,2264.073974609375,6132.00390625,186.9128875732422
2022-07-27,2544.071044921875,3059.44921875,716.4978637695312,626.0123291015625,651.421875,146.4457550048828,1447.2823571384638,834.9276733398438,788.9100952148438,664.7572631835938,2403.054443359375,770.0090942382812,1306.2882080078125,251.21620178222656,348.9315490722656,1729.4039306640625,8268.119140625,886.6302490234375,130.58863830566406,99.7520751953125,132.20030212402344,1095.698974609375,490.7098693847656,857.6358032226562,915.9589844903606,2806.45849609375,880.1312866210938,2274.29296875,6262.02880859375,187.5817413330078
2022-07-28,2545.76806640625,3142.3681640625,723.4241943359375,692.5885009765625,643.6519165039062,146.01388549804688,1454.295095111304,829.86279296875,803.9073486328125,670.650390625,2438.56103515625,783.5719604492188,1347.44677734375,250.63800048828125,363.7314453125,1733.8316650390625,8328.234375,913.9102783203124,131.1556396484375,101.03192901611328,134.42820739746094,1112.8646240234375,494.65826416015625,858.4512939453125,896.1198113067135,2869.5166015625,906.6404418945312,2304.99755859375,6200.6103515625,191.89476013183597
2022-07-29,2564.533935546875,3201.2802734375,722.2780151367188,705.5563354492188,654.36572265625,152.060302734375,1463.3798751894585,796.8050537109375,805.8616333007812,678.8627319335938,2454.662353515625,787.4196166992188,1376.129150390625,250.30763244628903,360.1209411621094,1740.377197265625,8378.37109375,925.7069091796876,133.42372131347656,104.05707550048828,134.27130126953125,1136.57470703125,490.8492126464844,904.8346557617188,898.7573306585823,2905.9521484375,915.9427490234376,2322.1767578125,6271.083984375,195.44667053222656
2022-08-01,2655.318603515625,3192.44580078125,728.307373046875,710.6358032226562,673.2710571289062,153.14002990722656,1497.0445104424425,800.7206420898438,809.048095703125,684.5191650390625,2413.3388671875,792.0368041992188,1377.328125,253.983154296875,369.1520690917969,1746.7781982421875,8597.8671875,920.738525390625,136.52052307128906,107.3537139892578,137.4091796875,1166.195556640625,495.8659057617188,881.3311157226562,902.3431329800641,2903.223876953125,916.7723999023438,2346.0693359375,6379.21337890625,197.8914794921875
2022-08-02,2678.77587890625,3261.200439453125,727.9586181640625,718.553466796875,665.8543701171875,154.93955993652344,1507.0564710537146,795.8408203125,808.11328125,676.9930419921875,2452.6611328125,786.6019897460938,1370.7122802734375,256.0067138671875,374.89105224609375,1725.9385986328125,8759.875,930.4743041992188,139.18113708496094,106.0350341796875,139.6999053955078,1170.63427734375,503.6232299804688,879.9402465820312,912.5200579349436,2897.063232421875,901.923828125,2354.65869140625,6409.71435546875,198.1682586669922
2022-08-03,2706.4755859375,3302.97216796875,728.0084838867188,714.0955200195312,672.0108032226562,152.67210388183594,1502.5367663690472,797.9641723632812,813.3392333984375,678.5787353515625,2444.3779296875,793.3834838867188,1390.6925048828125,254.52001953125,368.2270812988281,1722.810302734375,8612.228515625,926.031982421875,139.2683563232422,105.22059631347656,140.3274688720703,1180.462646484375,502.4620361328125,860.5137939453125,897.3515472457685,2939.04345703125,919.4364624023438,2385.709228515625,6362.88037109375,199.436767578125
2022-08-04,2718.653564453125,3322.99365234375,719.1387939453125,716.082275390625,673.1256713867188,149.1090850830078,1523.3258568733702,808.0256958007812,814.1038818359375,677.7741088867188,2445.867431640625,789.0067749023438,1420.7066650390625,255.63511657714844,365.13385009765625,1713.4732666015625,8619.1982421875,949.1806640625,134.95030212402344,105.68599700927734,138.5702362060547,1164.8594970703125,495.4015197753906,881.1393432617188,881.4145409977385,2952.640380859375,922.40625,2392.8671875,6348.76171875,200.88983154296875
2022-08-05,2693.4990234375,3335.861083984375,726.0152587890625,714.9127197265625,682.1905517578125,150.04481506347656,1549.2340980229442,809.7593994140625,813.806396484375,675.4783935546875,2462.10791015625,806.2731323242188,1435.58056640625,256.7501220703125,364.80560302734375,1720.54833984375,8498.5615234375,952.5995483398438,135.7354278564453,105.8799057006836,140.3588409423828,1147.6939697265625,493.3576049804688,878.6930541992188,888.1508802990962,2961.529541015625,924.2840576171876,2401.90087890625,6529.11474609375,202.96560668945312
2022-08-08,2786.829345703125,3321.02490234375,743.007080078125,718.5828247070312,682.869140625,155.04750061035156,1523.6789800498877,822.7136840820312,820.8590698242188,692.0452270507812,2466.715087890625,809.9019165039062,1438.0225830078125,258.6498413085937,366.9142456054688,1761.1685791015625,8576.181640625,939.7581176757812,139.05027770996094,105.8799057006836,139.2605743408203,1162.7080078125,483.4635009765625,873.3687744140625,892.1529783233432,2969.802001953125,922.8865356445312,2415.87109375,6435.30078125,201.05126953125
2022-08-10,2822.0654296875,3276.084716796875,736.4794921875,699.7135009765625,693.436767578125,158.2506561279297,1536.9303339784308,826.5999145507812,808.9630737304688,694.0570068359375,2459.688232421875,821.320556640625,1422.9710693359375,257.0392150878906,363.70159912109375,1785.7142333984375,8535.5703125,945.3312377929688,138.47239685058594,103.78557586669922,140.26467895507812,1169.660400390625,478.1680908203125,882.29052734375,895.5958774223047,2952.02490234375,921.6636352539062,2402.691162109375,6356.0859375,198.42193603515625
2022-08-11,2828.903076171875,3269.89111328125,756.26171875,716.307373046875,688.1528930664062,159.52777099609375,1552.528104046389,829.5219116210938,817.7149658203125,703.23974609375,2432.6044921875,831.9166259765625,1438.510986328125,252.95071411132807,368.9264831542969,1797.26513671875,8472.271484375,941.0324096679688,136.6053466796875,103.00990295410156,139.85678100585938,1173.5556640625,487.5047302246094,883.5855712890625,900.2484323507584,3012.09033203125,940.9232788085938,2440.94873046875,6357.4833984375,202.2506103515625
2022-08-12,2859.34765625,3291.641357421875,757.9559326171875,715.3726806640625,688.0560302734375,161.7535400390625,1546.7267956365913,830.0089111328125,812.6593627929688,702.9794311523438,2415.153564453125,846.1416625976562,1415.556396484375,254.8504180908203,366.478271484375,1777.3399658203125,8362.0654296875,934.512451171875,140.91732788085938,107.9742431640625,143.12022399902344,1192.532958984375,493.0324401855469,876.294677734375,892.143204723485,2993.65283203125,931.009765625,2440.5537109375,6321.0556640625,201.1666259765625
2022-08-16,2970.4453125,3361.88427734375,762.0419921875,713.0922241210938,682.6267700195312,162.665771484375,1577.098263427214,837.2166137695312,814.188720703125,711.0261840820312,2461.2705078125,850.8348999023438,1417.642822265625,256.5023498535156,367.5033264160156,1779.6982421875,8654.7646484375,941.1925659179688,141.1396026611328,108.5560073852539,143.62225341796875,1200.821044921875,488.6195983886719,877.3980102539062,895.3597166143733,2985.864013671875,941.31640625,2462.17578125,6414.24365234375,201.6278839111328
2022-08-17,3003.185791015625,3383.68212890625,769.4664916992188,736.6791381835938,700.90185546875,161.6076202392578,1574.4203930864023,840.742431640625,833.2222900390625,714.694580078125,2498.638427734375,854.7056884765625,1426.345458984375,258.1542663574219,366.1797180175781,1786.24365234375,8597.7138671875,943.6958618164062,143.54010009765625,108.32330322265624,143.40264892578125,1207.09423828125,490.6634826660156,883.3457641601562,899.3455363533099,2993.2568359375,964.7247314453124,2460.54638671875,6369.7705078125,204.37252807617188
2022-08-18,3147.922607421875,3394.86962890625,762.4406127929688,732.8767700195312,710.8392944335938,161.8265380859375,1577.7624697457227,823.0545043945312,827.1892700195312,715.5465698242188,2496.21875,856.4957885742188,1405.6549072265625,260.7147216796875,379.0776977539063,1823.6397705078125,8600.9345703125,935.2011108398438,142.96218872070312,107.6482391357422,145.1912384033203,1209.283447265625,494.5653381347656,879.4605102539062,890.8245509797937,2975.786376953125,965.2926025390624,2447.218017578125,6460.453125,200.6822509765625
2022-08-19,3124.514892578125,3344.16748046875,754.9163208007812,714.6190795898438,709.9667358398438,158.46958923339844,1574.5811393660751,818.9442138671875,824.2578125,706.71875,2452.009521484375,842.2709350585938,1418.22021484375,257.70001220703125,373.6039733886719,1863.58642578125,8438.72265625,929.6182861328124,140.25050354003906,106.89380645751952,144.58917236328125,1187.72216796875,483.4170227050781,867.5257568359375,914.5067588760402,2979.7470703125,964.419189453125,2409.60205078125,6406.1005859375,199.48292541503903
2022-08-22,3046.05810546875,3216.644775390625,739.3197631835938,695.093994140625,705.4100952148438,159.30886840820312,1575.5199703281062,815.622802734375,815.2510375976562,695.9739990234375,2444.7041015625,824.7074584960938,1399.1728515625,259.6822509765625,364.6570129394531,1810.2598876953125,8293.6240234375,930.1586303710938,139.1392059326172,104.74957275390624,143.19491577148438,1184.427734375,475.0093994140625,847.5062866210938,920.881832329984,2952.288330078125,942.1898193359376,2386.89404296875,6232.5908203125,193.73989868164065
2022-08-23,3025.1455078125,3223.221923828125,744.501953125,705.4193725585938,715.1051025390625,162.62930297851562,1552.3541292248099,823.0642700195312,804.587158203125,693.8202514648438,2413.10595703125,835.9810180664062,1369.6468505859375,260.9212646484375,369.3742980957031,1806.794677734375,8382.5390625,938.4525756835938,141.05067443847656,106.21876525878906,144.2089385986328,1202.6944580078125,484.8570861816406,855.0617065429688,906.1473841568812,2890.726806640625,931.009765625,2448.698974609375,6259.47705078125,192.194580078125
2022-08-24,3128.956787109375,3244.58837890625,747.5914306640625,702.4049072265625,716.2200927734375,163.21311950683594,1522.2591299683531,821.68115234375,806.4989624023438,697.1572875976562,2408.917724609375,845.0771484375,1365.2955322265625,259.4345092773437,371.7330017089844,1822.484375,8366.677734375,940.62353515625,142.96218872070312,108.005615234375,145.4130401611328,1199.490966796875,482.4415893554688,847.939453125,914.777718319491,2864.984619140625,935.42041015625,2429.447021484375,6271.95751953125,191.9639587402344
2022-08-25,3060.78125,3228.887939453125,740.8145751953125,689.7062377929688,718.4014282226562,164.1252899169922,1556.8638153701222,825.5480346679688,801.9530639648438,693.37060546875,2395.84130859375,844.1578369140625,1348.11279296875,257.9891052246094,371.9618835449219,1807.6126708984373,8397.3427734375,933.7186279296876,141.27294921875,108.44242095947266,143.41676330566406,1195.9921875,483.4635009765625,844.3782958984375,902.847308390439,2832.2890625,935.1148071289062,2435.12353515625,6239.8662109375,191.52574157714844
2022-08-26,3133.84814453125,3191.485595703125,742.359375,691.16943359375,708.5609130859375,167.81065368652344,1539.2815794472317,822.7039184570312,803.5249633789062,693.4889526367188,2393.375,842.706298828125,1351.132080078125,258.4433288574219,378.5899963378906,1834.08349609375,8382.634765625,933.7881469726562,145.2737579345703,108.52181243896484,146.0467529296875,1189.6077880859375,486.6221923828125,847.121337890625,913.0965008575128,2835.8095703125,948.173095703125,2500.7294921875,6280.4365234375,192.4713592529297
2022-08-29,3136.892578125,3210.402587890625,726.214599609375,681.6026000976562,698.62353515625,168.28501892089844,1518.8546831907358,820.1422729492188,779.6056518554688,681.3240966796875,2397.330322265625,828.1910400390625,1298.0296630859375,258.9802551269531,368.2297973632813,1811.0780029296875,8491.833984375,939.4425048828124,143.09555053710938,107.92621612548828,143.89207458496094,1180.3609619140625,478.3074340820313,846.2551879882812,928.2288942522728,2756.909912109375,904.5005493164062,2499.544677734375,6269.98095703125,186.5207977294922
2022-08-30,3188.548583984375,3256.83203125,748.936767578125,715.064453125,704.4405517578125,171.35003662109375,1474.7574414847968,826.9407958984375,797.8318481445312,703.4290771484375,2475.556884765625,858.6246948242188,1325.7353515625,264.720703125,381.2571716308594,1850.54345703125,8730.2685546875,952.8075561523438,145.8072052001953,110.07044219970705,145.50811767578125,1198.6729736328125,493.54345703125,859.5372924804688,918.0803614786342,2826.083984375,939.9188232421876,2571.568359375,6435.30078125,190.76461791992188
2022-09-01,3227.377685546875,3309.597900390625,741.6119384765625,702.8355712890625,712.6328735351562,168.06610107421875,1462.3116581411668,818.5740966796875,786.8706665039062,696.8259887695312,2425.438232421875,846.0932006835938,1300.2054443359375,262.32537841796875,378.749267578125,1841.3509521484373,8674.7568359375,943.5835571289062,142.87327575683594,106.97323608398438,143.28997802734375,1163.4346923828125,495.4479064941406,839.1328735351562,930.7737443932517,2756.16162109375,919.65478515625,2588.69775390625,6391.59765625,189.33462524414065
2022-09-02,3349.705322265625,3294.7138671875,747.6412353515625,703.7212524414062,712.5844116210938,167.3363037109375,1436.2885187547988,816.207275390625,785.51123046875,703.1450805664062,2423.2041015625,844.206298828125,1290.2598876953125,266.909423828125,381.9339599609375,1867.869873046875,8573.9228515625,935.3995361328124,143.85125732421875,105.42462158203124,142.0858917236328,1149.8482666015625,498.6066284179688,836.9191284179688,936.4695326306154,2755.01806640625,922.7120361328124,2579.41748046875,6338.5947265625,188.0660858154297
2022-09-05,3340.47216796875,3288.71240234375,753.5211181640625,704.2937622070312,717.8197631835938,169.01480102539062,1469.9063902571088,820.94091796875,795.3253173828125,707.6654663085938,2420.412109375,853.9314575195312,1297.6302490234375,271.6174011230469,385.7257385253906,1894.6773681640625,8603.193359375,920.9537963867188,146.2517547607422,105.9407958984375,141.57888793945312,1167.7060546875,500.6504211425781,851.4043579101562,947.5595928537933,2757.65771484375,930.2672729492188,2593.97998046875,6285.06298828125,187.0512542724609
2022-09-06,3429.560302734375,3260.336669921875,747.44189453125,696.7723999023438,738.0338134765625,169.81752014160156,1491.1887591686148,825.80126953125,796.8546752929688,704.9674072265625,2394.8173828125,855.0927124023438,1292.1246337890625,270.2132873535156,381.3069763183594,1888.85400390625,8544.2685546875,910.5391235351562,149.7635498046875,104.90840911865234,142.6245880126953,1179.9974365234375,499.6285095214844,854.4361572265625,973.1683301565262,2752.069091796875,929.0880126953124,2598.2255859375,6259.5732421875,186.56690979003903
2022-09-07,3467.441162109375,3265.234130859375,752.8235473632812,701.3870849609375,730.13232421875,174.30560302734375,1477.5967024084548,827.7686767578125,791.6715698242188,701.63037109375,2386.906982421875,847.8834838867188,1294.3890380859375,269.3460388183594,379.8240661621094,1884.8109130859373,8444.443359375,917.1093139648438,148.7411346435547,105.22607421875,142.21263122558594,1173.135986328125,495.0298156738281,860.2109985351562,970.2332121630819,2771.915283203125,922.2315063476562,2604.248046875,6524.8740234375,187.9507751464844
2022-09-08,3456.510986328125,3313.054931640625,777.0903930664062,710.3079833984375,746.3231201171875,172.5541534423828,1525.0282020279708,832.1224975585938,791.1192016601562,708.8724365234375,2398.587158203125,869.7530517578125,1310.594970703125,272.4847106933594,384.1632385253906,1900.5009765625,8449.9716796875,914.4529418945312,148.2965850830078,104.7098617553711,142.21263122558594,1174.79443359375,505.9923095703125,860.7403564453125,960.5161775045594,2789.56103515625,951.7103881835938,2593.33837890625,6668.31787109375,190.41864013671875
2022-09-09,3444.931884765625,3305.084716796875,782.1730346679688,702.7963256835938,742.3966064453125,173.39341735839844,1546.5073294303786,828.8985595703125,805.946533203125,709.3458251953125,2409.336669921875,872.1238403320312,1342.3409423828125,272.9803161621094,383.4267578125,1876.7735595703125,8599.2998046875,910.9861450195312,148.11878967285156,106.41732025146484,141.2620086669922,1167.478759765625,514.0748291015625,856.6017456054688,949.1088315992315,2831.8046875,984.07177734375,2570.383544921875,6537.25732421875,192.42523193359372
2022-09-12,3457.509033203125,3295.818115234375,798.2680053710938,713.170654296875,745.6929321289062,168.94178771972656,1540.146391613103,830.0770263671875,811.93701171875,706.9554443359375,2401.611572265625,877.881591796875,1364.1412353515625,273.3106689453125,382.9590148925781,1888.4688720703125,8581.662109375,907.0149536132812,147.94097900390625,106.41732025146484,141.92742919921875,1180.542724609375,515.5148315429688,854.3880615234375,938.7953991899742,2854.0712890625,1004.5542602539062,2627.350830078125,6620.08544921875,194.66246032714844
2022-09-13,3549.342041015625,3286.2158203125,802.802490234375,724.577392578125,760.3324584960938,168.7958526611328,1488.2770711178612,828.469970703125,811.8095703125,716.209228515625,2407.382080078125,880.5911865234375,1371.9111328125,276.2015075683594,382.8395690917969,1916.8165283203125,8580.5556640625,911.5791625976562,148.8300323486328,106.33788299560548,143.73361206054688,1190.403076171875,518.394775390625,856.7460327148438,938.1493824828327,2842.102294921875,1002.2393798828124,2671.18701171875,6645.81591796875,194.96229553222656
2022-09-14,3565.612548828125,3302.30029296875,800.3109741210938,732.406982421875,759.4598388671875,169.27017211914062,1536.8713534187311,820.9214477539062,791.926513671875,723.5696411132812,2393.235595703125,888.4292602539062,1310.1510009765625,276.9861755371094,389.0696411132813,1880.7681884765625,8619.677734375,913.7357177734376,153.23094177246094,105.78197479248048,147.37765502929688,1176.1348876953125,531.1688232421875,850.5863037109375,942.9537854271198,2746.217041015625,973.634033203125,2666.2998046875,6626.0126953125,192.03314208984372
2022-09-15,3741.891845703125,3260.47998046875,787.3054809570312,722.89892578125,761.1564331054688,170.9486541748047,1508.1311808214239,812.1261596679688,781.6450805664062,719.8065795898438,2382.997314453125,887.9454345703125,1272.3223876953125,275.9537658691406,384.9793090820313,1884.2335205078125,8852.828125,908.9659423828124,155.6758575439453,105.30548858642578,150.5780487060547,1164.479736328125,531.5404663085938,841.4908447265625,946.9364707341322,2732.091552734375,945.9456176757812,2622.4140625,6543.42431640625,191.45654296875
2022-09-16,3695.47607421875,3190.525146484375,786.60791015625,711.9178466796875,755.8726806640625,168.61341857910156,1474.6907860274725,794.2726440429688,762.1017456054688,706.5767211914062,2352.98193359375,879.7201538085938,1222.8165283203125,273.6410522460937,384.2129821777344,1848.1370849609373,8833.5068359375,880.0457763671875,153.6310272216797,104.23338317871094,149.34226989746094,1135.625732421875,521.9249877929688,835.4754638671875,958.2185152427551,2647.910888671875,902.44775390625,2578.6279296875,6245.98583984375,185.2753143310547
2022-09-19,3771.787109375,3184.475341796875,795.3778686523438,733.6450805664062,758.8781127929688,167.77418518066406,1496.3068678474422,798.5193481445312,762.8665771484375,711.2391967773438,2400.541259765625,870.14013671875,1234.58251953125,277.1926574707031,384.05377197265625,1839.1851806640625,8921.1728515625,897.3103637695312,152.03065490722656,103.67747497558594,147.75790405273438,1137.1025390625,531.6333618164062,842.0202026367188,958.7556015488839,2665.60107421875,907.9506225585938,2586.526123046875,6225.21875,185.41368103027344
2022-09-20,3827.5859375,3258.3681640625,809.9778442382812,747.2784423828125,767.9915161132812,167.73770141601562,1548.3532286291168,821.2817993164062,776.6317138671875,719.8065795898438,2404.543701171875,887.1229248046875,1233.028564453125,277.5230407714844,386.0939636230469,1860.3616943359373,8940.396484375,890.2045288085938,152.83084106445312,105.78197479248048,147.47271728515625,1137.2841796875,533.3056030273438,877.7280883789062,978.6366629060976,2675.7216796875,922.493408203125,2649.910400390625,6249.11767578125,186.7745056152344
2022-09-21,3633.489013671875,3222.694091796875,803.799072265625,752.685791015625,756.4059448242188,168.9783172607422,1578.9440641198998,808.960693359375,765.5430297851562,718.6942749023438,2441.818359375,885.6715087890625,1222.9940185546875,281.611572265625,381.8642883300781,1824.6983642578125,8889.5009765625,891.7945556640625,149.89691162109375,103.9554214477539,143.89207458496094,1140.419677734375,529.2643432617188,871.3275756835938,975.4245406950695,2641.310791015625,925.9874267578124,2632.78076171875,6084.42529296875,184.86016845703125
2022-09-22,3709.550537109375,3299.46728515625,786.5082397460938,755.5142211914062,760.1869506835938,165.6943359375,1591.937000873845,814.7365112304688,762.7390747070312,703.3817138671875,2506.17724609375,874.2044067382812,1214.735595703125,284.9980163574219,376.7389221191406,1817.5272216796875,9037.4833984375,891.2398071289062,149.94137573242188,102.16857147216795,139.4875030517578,1129.6729736328125,527.03466796875,873.9263305664062,1013.2831307832826,2646.766845703125,915.724365234375,2702.829833984375,6012.77587890625,183.56854248046875
2022-09-23,3667.626708984375,3260.336669921875,765.978515625,734.7265625,747.8258056640625,162.62930297851562,1605.7231140498943,806.3211059570312,761.2095947265625,684.5191650390625,2496.21875,853.7379150390625,1212.515625,286.11309814453125,370.7576904296875,1787.3505859375,8981.3466796875,884.4305419921875,145.76271057128906,102.12885284423828,128.36524963378906,1108.4981689453125,511.51995849609375,886.53466796875,1022.4960815200487,2624.45751953125,904.107421875,2638.50732421875,5916.93798828125,181.90794372558597
2022-09-26,3579.686767578125,3301.435791015625,740.067138671875,710.489013671875,732.0228881835938,157.26548767089844,1625.4449279765947,804.110107421875,770.4288330078125,675.2890625,2476.20849609375,833.2230224609375,1225.658203125,274.71484375,364.0499267578125,1782.152587890625,8492.5537109375,882.3935546875,141.0062255859375,98.03892517089844,127.28791809082033,1080.257568359375,504.7380981445313,866.9002075195312,1010.8058138565976,2635.32568359375,902.1859130859376,2621.7724609375,5952.73828125,182.1154937744141
2022-09-27,3552.63623046875,3332.740234375,734.9845581054688,708.8594970703125,737.4036865234375,156.09783935546875,1643.2557716570814,814.5806884765625,780.66796875,669.2304077148438,2493.613037109375,824.997802734375,1237.4683837890625,276.5732116699219,358.1383361816406,1772.286376953125,8434.013671875,892.88232421875,141.3618621826172,98.83308410644533,129.82289123535156,1088.845703125,498.4207763671875,863.4834594726562,996.2937172488307,2655.611572265625,893.1019897460938,2567.3232421875,5967.91650390625,183.776123046875
2022-09-28,3542.304931640625,3428.76708984375,714.0064086914062,704.9103393554688,738.2277221679688,153.8355712890625,1650.2992020821973,831.74267578125,782.4097290039062,657.728271484375,2514.879150390625,822.0462646484375,1238.489501953125,268.3962097167969,356.80474853515625,1766.751708984375,8388.5478515625,900.9301147460938,140.42835998535156,97.32418823242188,131.6290283203125,1059.855224609375,487.5976257324219,883.4066162109375,1003.3590589111923,2671.629150390625,899.3907470703125,2544.22021484375,5948.73876953125,183.61468505859372
2022-09-29,3464.396728515625,3250.301513671875,716.5476684570312,695.3435668945312,741.3301391601562,156.09783935546875,1653.3125085615968,849.4696044921875,784.32177734375,654.3201293945312,2513.436767578125,816.6272583007812,1241.9971923828125,275.08648681640625,351.3708801269531,1747.5482177734375,8290.595703125,907.5386352539062,141.85086059570312,100.58023834228516,131.81919860839844,1056.6063232421875,484.7177429199219,895.7744750976562,1000.6368882227819,2637.8779296875,879.6508178710938,2499.347412109375,5951.58203125,181.19293212890625
2022-09-30,3449.4736328125,3209.634521484375,730.6992797851562,717.95166015625,775.505126953125,154.8937225341797,1652.5070448413662,844.5995483398438,792.2239379882812,672.7802734375,2509.620849609375,834.142333984375,1255.1396484375,274.3844299316406,362.0993041992188,1778.5430908203125,8486.017578125,915.4596557617188,141.9397430419922,100.69937133789062,134.48092651367188,1080.4393310546875,492.93951416015625,913.0509033203124,1010.9717135642644,2644.259033203125,880.9609375,2573.839111328125,6027.90576171875,181.8618011474609
2022-10-03,3151.565673828125,3171.656005859375,720.284912109375,701.9058227539062,778.849853515625,156.86412048339844,1635.9517540583838,860.9530029296875,790.439453125,668.922607421875,2440.79443359375,820.9334106445312,1237.64599609375,267.94189453125,355.0730895996094,1751.206298828125,8215.763671875,908.181640625,142.56211853027344,105.14666748046876,133.59368896484375,1076.690673828125,482.8596496582031,909.0565795898438,1018.0108505014205,2627.009033203125,878.2533569335938,2541.50537109375,6015.8115234375,181.9771270751953
2022-10-04,3231.819580078125,3205.120849609375,740.2665405273438,732.9208374023438,784.0367431640625,162.92117309570312,1630.2202287410996,859.8427124023438,803.8224487304688,687.7615966796875,2483.09521484375,839.6097412109375,1269.3031005859375,274.9212951660156,362.7063903808594,1801.5003662109373,8353.701171875,920.5784301757812,144.51806640625,106.33788299560548,132.1043701171875,1096.547607421875,494.8905029296875,909.1046752929688,1017.3705651947552,2720.473876953125,898.1680297851562,2552.266845703125,6078.4501953125,187.0512542724609
2022-10-06,3279.033935546875,3196.6708984375,752.5245361328125,724.64599609375,764.5496826171875,170.40133666992188,1593.0224089646101,856.64794921875,819.5842895507812,680.1881103515625,2432.88330078125,856.83447265625,1292.1690673828125,278.0599060058594,362.0395812988281,1841.3509521484373,8365.716796875,922.8880004882812,144.8292236328125,105.3451919555664,130.7418212890625,1100.5916748046875,499.1640319824219,918.103759765625,1005.8833618574052,2729.97900390625,900.788330078125,2559.918212890625,6058.88818359375,189.19622802734372
2022-10-07,3271.6474609375,3210.83447265625,753.1224365234375,718.87158203125,768.9125366210938,167.6282196044922,1591.4577141539287,852.5767211914062,813.7640991210938,677.25341796875,2419.57470703125,854.0282592773438,1288.661376953125,275.9537658691406,363.3333435058594,1852.516845703125,8438.8681640625,923.8851318359376,146.07394409179688,106.45703125,132.70645141601562,1105.249267578125,492.5679321289063,919.306884765625,985.3606841733986,2697.371826171875,894.2811279296875,2695.820068359375,5978.17919921875,188.2506103515625
2022-10-10,3240.354248046875,3147.697509765625,774.2003784179688,713.8068237304688,768.1854248046875,167.73770141601562,1570.3993834305106,853.229248046875,818.4797973632812,669.774658203125,2425.066162109375,853.2540283203125,1298.8291015625,270.7914733886719,359.9197692871094,1838.174560546875,8518.939453125,914.228271484375,145.76271057128906,105.82170867919922,132.42124938964844,1093.1851806640625,493.0789184570313,910.5484008789062,979.6543389820912,2744.588623046875,899.0850830078125,2646.06005859375,5926.5263671875,189.72671508789065
2022-10-11,3268.003662109375,3167.623046875,782.8706665039062,704.9397583007812,756.5029296875,164.52667236328125,1547.1519973714817,834.2847900390625,797.5345458984375,662.9822387695312,2373.9228515625,842.46435546875,1264.330322265625,269.5111999511719,355.8692321777344,1808.6234130859373,8347.5986328125,882.2335205078125,143.1844482421875,104.11425018310548,132.041015625,1071.41943359375,489.9667053222656,909.297119140625,991.7276513175722,2701.464111328125,877.685546875,2591.166259765625,5856.033203125,186.54383850097656
2022-10-12,3217.795166015625,3119.129638671875,805.9417114257812,707.22998046875,751.8977661132812,169.3796844482422,1551.6037556415151,826.1810302734375,808.9204711914062,667.3133544921875,2411.803466796875,840.2870483398438,1268.6815185546875,272.64990234375,360.3079223632813,1839.7147216796875,8349.953125,895.4048461914062,146.6962890625,104.31280517578124,136.60397338867188,1079.3033447265625,495.912353515625,919.69189453125,995.0527428875874,2728.9228515625,887.3372192382812,2588.056396484375,5953.31640625,188.1814117431641
2022-10-13,3227.777099609375,3081.487548828125,799.2645874023438,699.9337158203125,745.4506225585938,171.1676025390625,1582.4283130425663,828.8109130859375,834.496826171875,659.645263671875,2388.581787109375,826.0137939453125,1260.8670654296875,271.4522705078125,358.57623291015625,1805.9283447265625,8314.337890625,897.2338256835938,146.47398376464844,103.1215591430664,135.5900115966797,1082.7340087890625,484.4390258789063,932.0596923828124,978.3931525298295,2731.166748046875,884.760498046875,2565.644287109375,5957.2197265625,174.87332153320312
2022-10-14,3203.6708984375,3058.921142578125,797.7697143554688,711.7612915039062,742.5905151367188,172.481201171875,1603.3054506212304,839.7490234375,851.8732299804688,681.1348266601562,2397.330322265625,842.125732421875,1309.1298828125,274.3018493652344,365.0451354980469,1840.0513916015625,8283.3388671875,905.0927734375,146.7852020263672,101.33470153808594,134.76612854003906,1077.23583984375,489.7809143066406,939.6632690429688,981.1170863050484,2727.514892578125,890.787353515625,2584.551513671875,5967.09716796875,174.04299926757812
2022-10-17,3206.765625,3070.54052734375,811.3731689453125,719.8551635742188,742.6389770507812,173.68528747558594,1569.3828784238237,844.502197265625,845.1181030273438,684.7085571289062,2411.058349609375,856.5925903320312,1323.0714111328125,274.4256591796875,369.8520202636719,1812.71435546875,8385.7109375,904.7173461914062,149.7635498046875,101.49352264404295,134.25912475585938,1094.5255126953125,505.0633239746094,943.224365234375,986.7453105893314,2745.691650390625,893.7570190429688,2591.65966796875,6043.7099609375,173.02818298339844
2022-10-18,3278.335205078125,3097.66748046875,813.5656127929688,723.3001708984375,759.2659912109375,176.38546752929688,1548.5943878095438,848.6611938476562,857.5238647460938,683.4304809570312,2421.947998046875,867.91455078125,1335.281005859375,281.07470703125,370.1605529785156,1846.30810546875,8466.0224609375,927.0817260742188,148.42996215820312,102.20825958251952,134.57598876953125,1113.83740234375,522.5289306640625,941.6362915039062,975.1029041814986,2774.765380859375,890.3943481445312,2607.555419921875,6116.22607421875,174.965576171875
2022-10-19,3271.298095703125,3085.088134765625,827.0195922851562,722.3214721679688,759.5083618164062,173.831298828125,1569.5134938606527,840.937255859375,854.477294921875,690.4358520507812,2404.03125,863.2695922851562,1319.0753173828125,286.07177734375,372.0813293457031,1833.602294921875,8381.43359375,943.8775634765624,145.85165405273438,101.49352264404295,135.55828857421875,1133.21728515625,514.1212768554688,940.24072265625,977.5540619045898,2754.603271484375,890.2195434570312,2610.961669921875,6166.00048828125,174.3889617919922
2022-10-20,3351.00341796875,3016.093017578125,823.033203125,727.4107666015625,768.7186889648438,175.87464904785156,1548.8765444789906,847.2000732421875,873.1433715820312,685.7734985351562,2420.69140625,859.93115234375,1332.794921875,288.8387756347656,370.92681884765625,1832.88037109375,8369.947265625,959.27490234375,148.42996215820312,102.92301177978516,137.8397674560547,1136.261962890625,515.9793701171875,943.5612182617188,978.7149663327144,2785.88330078125,909.8284912109376,2598.077392578125,6073.390625,175.9804229736328
2022-10-21,3305.884765625,2969.520751953125,897.3289794921875,703.9561157226562,773.1298828125,174.1961669921875,1544.6492995591118,843.6449584960938,881.5536499023438,680.9454345703125,2470.018798828125,877.833251953125,1332.439697265625,285.4523010253906,378.7094421386719,1806.505859375,8366.005859375,970.4569702148438,146.74072265625,104.4716339111328,137.71304321289062,1123.0843505859375,521.0424194335938,941.0106811523438,963.7004710670643,2768.324462890625,909.3919067382812,2631.79345703125,6131.78955078125,176.4647674560547
2022-10-24,3303.788818359375,2997.608154296875,906.34814453125,705.3018798828125,777.6380615234375,175.50973510742188,1557.0609817978889,852.7422485351562,885.3297729492188,691.5719604492188,2394.8173828125,896.3643188476562,1347.8463134765625,287.1867980957031,377.3460083007813,1838.2706298828125,8425.7470703125,998.1958618164062,148.42996215820312,105.4643325805664,138.69534301757812,1126.8330078125,530.007568359375,949.9617309570312,968.8590645952995,2789.765625,915.5059814453124,2649.811767578125,6162.3388671875,177.45654296875
2022-10-25,3294.505615234375,2962.318359375,899.7705688476562,695.1624755859375,777.8319702148438,175.10838317871094,1536.8889707460896,865.3750610351562,880.9529418945312,686.7675170898438,2331.80810546875,895.1547241210938,1355.3499755859375,286.03045654296875,367.5531005859375,1876.14794921875,8656.013671875,969.85693359375,150.563720703125,103.8363037109375,138.47352600097656,1109.4298095703125,537.4862060546875,954.3408813476562,976.7893881984179,2790.11865234375,945.5088500976562,2636.384521484375,6182.67236328125,177.4334716796875
2022-10-27,3318.961181640625,2922.515380859375,912.0286865234376,682.26318359375,792.1806030273438,175.80165100097656,1539.7202595519707,874.89111328125,885.7161254882812,688.4241943359375,2344.46630859375,894.5257568359375,1368.052490234375,285.6175231933594,371.2155151367188,1890.538330078125,8691.53125,962.724853515625,151.7195281982422,104.67015838623048,141.895751953125,1113.7919921875,538.508056640625,973.6866455078124,991.9382893286125,2785.97119140625,939.7005004882812,2669.459228515625,6203.005859375,176.51087951660156
2022-10-28,3317.264404296875,2932.070068359375,899.9698486328125,685.7621459960938,791.9381713867188,178.3558349609375,1512.0903835199306,868.8035888671875,883.956787109375,690.4595336914062,2349.352294921875,878.5105590820312,1358.447021484375,285.6175231933594,375.0470886230469,1901.126708984375,9124.66796875,969.8593139648438,154.7423553466797,106.1790542602539,143.73361206054688,1147.8717041015625,530.2398071289062,952.84912109375,1006.9138918114577,2791.133056640625,916.2046508789062,2701.64501953125,6211.7265625,176.7876739501953
2022-10-31,3341.370361328125,2988.51904296875,902.9098510742188,699.1947631835938,806.6261596679688,179.4869842529297,1500.1109019243572,863.6900634765625,893.5256958007812,708.4464721679688,2373.9697265625,879.3331909179688,1380.35107421875,288.01275634765625,378.5701599121094,1947.3780517578125,9158.359375,979.525390625,153.89773559570312,106.45703125,144.58917236328125,1158.5272216796875,533.0733642578125,978.73974609375,988.2471668735556,2817.51611328125,928.8261108398438,2726.42626953125,6471.05322265625,178.3098907470703
2022-11-01,3569.2060546875,3038.236328125,868.7766723632812,705.595458984375,810.0679321289062,179.26805114746094,1507.3467103355872,883.4818725585938,909.7459106445312,716.2802734375,2390.928466796875,879.236328125,1412.0845947265625,288.67352294921875,380.01318359375,1948.6776123046875,9088.189453125,990.4229736328124,161.6326446533203,107.33058166503906,149.025390625,1149.5528564453125,535.953369140625,997.7005004882812,975.8569037968891,2876.23681640625,935.376953125,2719.959228515625,6573.15478515625,181.0084381103516
2022-11-02,3574.197021484375,3011.790771484375,860.6046142578125,700.3789672851562,785.151611328125,179.3775177001953,1474.994558259767,887.446044921875,897.0015258789062,716.7297973632812,2359.540283203125,875.46240234375,1394.4000244140625,292.92724609375,380.1624755859375,1937.9449462890625,8871.716796875,980.6774291992188,160.87689208984375,108.36299896240234,147.8529815673828,1156.7322998046875,533.1198120117188,1012.4741821289062,983.2209218039856,2860.35400390625,945.072265625,2693.796142578125,6533.6435546875,181.7234344482422
2022-11-03,3583.879150390625,3020.830322265625,861.1029663085938,696.99267578125,793.6832885742188,179.66940307617188,1484.5903346609523,894.1180419921875,896.9586181640625,713.582275390625,2385.822021484375,879.2847900390625,1374.15673828125,292.142578125,378.21185302734375,1933.51708984375,8881.0400390625,982.4138793945312,158.38754272460938,108.32330322265624,144.5258026123047,1161.0491943359375,543.385498046875,1005.0151977539062,990.623358515151,2829.515869140625,919.6112060546876,2728.548828125,6483.8701171875,179.2094268798828
2022-11-04,3826.287841796875,3059.3447265625,865.1390991210938,705.8401489257812,791.501953125,179.5599365234375,1484.7506856356686,881.494873046875,897.1301879882812,708.6594848632812,2361.46142578125,876.04296875,1359.1204833984375,292.0599975585937,378.1720275878906,1939.677490234375,8871.8125,982.5029907226562,157.3206329345703,109.4748306274414,143.32168579101562,1178.1343994140625,551.7931518554688,1000.8766479492188,998.0989790286201,2838.913330078125,920.3099975585938,2734.522216796875,6642.68408203125,180.1550445556641
2022-11-07,3953.406982421875,2984.5283203125,869.97265625,703.69189453125,797.6098022460938,182.1141357421875,1496.7316329987816,873.7710571289062,898.6749267578125,714.173828125,2373.12646484375,887.8486938476562,1353.2403564453125,291.9774169921875,374.7186279296875,1942.1322021484373,8971.58984375,985.1461791992188,156.34266662597656,110.03072357177734,144.49412536621094,1184.427734375,570.5594482421875,989.760009765625,1053.2400429623433,2853.29541015625,920.178955078125,2706.729736328125,6720.21142578125,180.59326171875
2022-11-09,3989.940185546875,2968.132080078125,870.719970703125,699.1849975585938,794.071044921875,186.67523193359372,1501.9543145050336,883.4039916992188,904.0818481445312,713.9608154296875,2350.639404296875,881.074951171875,1356.606689453125,297.9242858886719,376.8682861328125,1928.51171875,8894.8818359375,977.4329223632812,154.16445922851562,110.11014556884766,138.63197326660156,1183.246337890625,571.8600463867188,975.515380859375,1062.009773540724,2837.72216796875,914.13623046875,2683.57763671875,6652.75439453125,180.3395538330078
2022-11-10,3984.99951171875,2928.36767578125,840.822265625,682.6547241210938,800.5668334960938,185.06971740722656,1531.2011680072228,886.23828125,903.2235107421876,721.7235717773438,2355.136474609375,881.2684936523438,1348.302978515625,294.0422668457031,380.600341796875,1903.62939453125,8744.6875,970.4773559570312,153.00868225097656,111.06315612792967,136.19203186035156,1168.9329833984375,562.755615234375,972.7242431640624,1079.2655300148058,2828.545166015625,907.3825073242188,2607.456787109375,6554.2666015625,179.3939208984375
2022-11-11,4001.5693359375,2938.224609375,847.7984619140625,690.1271362304688,801.6817626953125,184.8143310546875,1534.444017330026,884.290283203125,936.0072021484376,762.6201171875,2345.251953125,877.2525634765625,1409.4814453125,294.33135986328125,378.0028381347656,1935.8272705078125,8735.3642578125,977.5579833984376,152.4307403564453,111.53961944580078,135.65335083007812,1195.8785400390625,558.6215209960938,975.515380859375,1094.045315974201,2925.869873046875,940.7952270507812,2618.11962890625,6565.734375,184.3758087158203
2022-11-14,4015.244384765625,2936.109130859375,848.0973510742188,687.6167602539062,796.834228515625,180.3991851806641,1525.9196371107964,850.044189453125,943.1732788085938,764.4661254882812,2302.8544921875,866.0275268554688,1423.1265869140625,286.7738647460937,382.7201843261719,1924.9503173828125,8797.65234375,965.181396484375,152.4307403564453,110.58666229248048,137.1458282470703,1190.0850830078125,550.4925537109375,978.73974609375,1104.386214172571,2943.120361328125,946.7046508789062,2596.39892578125,6605.4375,182.9227600097656
2022-11-15,4050.430419921875,2961.2080078125,855.721435546875,687.6118774414062,809.7770385742188,180.3603515625,1529.0892731111692,863.6900634765625,947.3785400390624,766.3358154296875,2302.5732421875,882.2362060546875,1430.936279296875,285.1632080078125,380.650146484375,1921.8218994140625,8807.12109375,964.7171630859376,153.00868225097656,113.0485382080078,140.16323852539062,1184.745849609375,558.203369140625,977.9215087890624,1099.9895239124762,2940.5615234375,948.1263427734376,2622.90771484375,6711.5869140625,183.19952392578125
2022-11-16,3949.414306640625,2964.814453125,852.4824829101562,674.8201904296875,815.5455322265625,182.49685668945312,1541.2316561946855,872.9041748046875,948.4939575195312,772.9152221679688,2321.640869140625,884.0747680664062,1438.8363037109375,284.2133483886719,391.2989196777344,1928.6080322265625,8780.9267578125,966.7542724609376,151.09715270996094,113.48531341552734,140.87701416015625,1177.95263671875,557.1814575195312,980.4239501953124,1112.043306198492,2960.635009765625,948.0374755859376,2610.71484375,6660.9462890625,183.7069549560547
2022-11-17,4010.852294921875,2953.80322265625,855.2728881835938,674.8201904296875,820.3446655273438,180.5545654296875,1542.862055486364,861.2745361328125,937.6376953125,765.9335327148438,2304.915771484375,890.0744018554688,1425.01171875,283.8829650878906,388.2436218261719,1953.5867919921875,8638.181640625,961.612060546875,149.63018798828125,113.7235870361328,141.65570068359375,1180.9970703125,556.5310668945312,975.3228759765624,1100.6148161920075,2955.031982421875,940.6618041992188,2549.2060546875,6622.25390625,183.0150146484375
2022-11-18,4012.49951171875,2976.787109375,856.26953125,664.685791015625,811.7645263671875,178.3403778076172,1544.3172076558672,858.88818359375,946.7348022460938,763.9218139648438,2327.121826171875,890.6065673828125,1430.3978271484375,281.6942138671875,390.0350036621094,1948.6776123046875,8505.1455078125,958.4421997070312,147.4519805908203,112.57203674316406,141.68817138671875,1180.3609619140625,559.922119140625,971.713623046875,1097.4256390387122,2950.134765625,942.705810546875,2533.2119140625,6566.939453125,181.6772918701172
2022-11-21,3994.58203125,2976.5947265625,867.0823974609375,653.68505859375,825.2405395507812,178.2626953125,1529.9473824625402,847.3558959960938,940.16943359375,756.088134765625,2343.705810546875,891.6227416992188,1407.775634765625,278.51422119140625,386.9598083496094,1936.1640625,8521.6318359375,950.5823364257812,146.16281127929688,112.9472885131836,142.14239501953125,1159.117919921875,555.6485595703125,965.5056762695312,1090.4830476212735,2897.237548828125,926.4881591796876,2540.666015625,6509.50390625,179.2786102294922
2022-11-22,4026.67333984375,2984.81689453125,867.0823974609375,654.2674560546875,821.7504272460938,177.99078369140625,1516.5326227894848,849.8201293945312,946.9493408203124,754.9757690429688,2357.104248046875,893.848388671875,1422.9019775390625,281.03338623046875,386.0939636230469,1953.827392578125,8529.849609375,943.45361328125,148.51885986328125,112.73880767822266,141.33128356933594,1165.547607421875,556.5775756835938,972.19482421875,1092.1361932909501,2924.9873046875,933.6417236328124,2573.098388671875,6594.49951171875,179.34779357910156
2022-11-23,3896.210693359375,2981.8837890625,871.7166748046875,663.5650634765625,817.5330200195312,179.15614318847656,1487.9040273560524,858.225830078125,946.9493408203124,756.9400634765625,2349.280517578125,897.4772338867188,1421.196533203125,280.6617431640625,388.8009643554688,1949.2071533203125,8588.24609375,941.1253662109376,149.40794372558594,113.82283782958984,139.6116485595703,1161.912353515625,564.520751953125,979.4615478515624,1128.1666707709865,2919.12060546875,927.77685546875,2568.705322265625,6576.1904296875,179.32473754882812
2022-11-24,3913.978759765625,2995.827392578125,875.5534057617188,662.713623046875,822.4775390625,177.5246124267578,1525.0015857269054,859.8232421875,969.4343872070312,769.2468872070312,2388.445556640625,908.5087280273438,1463.07421875,281.4463806152344,387.1090698242188,1975.3890380859373,8619.5810546875,949.319580078125,150.6970672607422,116.28274536132812,143.24551391601562,1171.9320068359375,566.1000366210938,996.2567138671876,1099.7646424498791,2982.517578125,950.2146606445312,2577.0478515625,6611.02783203125,183.7069549560547
2022-11-25,3894.01513671875,2988.95166015625,884.7221069335938,660.37939453125,821.0232543945312,179.7776641845703,1499.508345170748,860.6511840820312,968.2327880859376,765.6968383789062,2377.482666015625,900.235107421875,1468.32568359375,281.07470703125,383.8348388671875,1985.5440673828125,8669.951171875,939.40576171875,150.9193572998047,117.1999969482422,143.148193359375,1189.426025390625,564.2885131835938,995.0535888671876,1110.6962006558324,2990.8994140625,959.8562622070312,2562.435791015625,6624.32568359375,185.8057861328125
2022-11-28,3879.092041015625,3030.350830078125,888.6586303710938,663.3106079101562,811.8615112304688,178.57347106933594,1485.7425482917442,857.514892578125,960.1658325195312,757.4607543945312,2366.005126953125,907.1056518554688,1457.328857421875,280.8681640625,383.7850646972656,1987.180419921875,8637.173828125,953.167724609375,151.4972381591797,116.40785217285156,143.60244750976562,1230.299072265625,565.4032592773438,995.9198608398438,1086.5603278112326,2995.841064453125,957.2348022460938,2559.325927734375,6641.96142578125,187.1204376220703
2022-11-29,3871.356201171875,3014.8203125,889.5057373046875,659.0728149414062,810.3587036132812,176.51463317871094,1471.5829375126532,867.517822265625,968.8766479492188,756.32470703125,2468.133544921875,916.1534423828124,1462.4010009765625,282.7266540527344,383.26751708984375,1973.8009033203125,8564.88671875,967.8750610351562,151.27496337890625,116.94984436035156,142.33706665039062,1232.4119873046875,565.3568115234375,1010.4533081054688,1079.8874707040593,2997.6943359375,954.8800659179688,2580.552978515625,6677.23193359375,186.88980102539065
2022-11-30,3910.784423828125,3053.382080078125,898.176025390625,657.7809448242188,822.8653564453125,176.55348205566406,1490.514398816174,874.1021118164062,961.8822631835938,761.3421020507812,2515.12255859375,922.104736328125,1467.697265625,280.826904296875,387.5469665527344,1997.19140625,8626.3583984375,970.888671875,153.0975799560547,117.6586456298828,145.35447692871094,1241.1136474609375,559.6898803710938,1006.7958374023438,1096.7249684218493,2991.91455078125,957.0571899414062,2619.30419921875,6819.95263671875,187.6970672607422
2022-12-01,3907.98974609375,3057.42138671875,900.7671508789062,660.4039306640625,822.7198486328125,175.66006469726562,1484.9986080136784,871.6087036132812,975.2702026367188,766.572509765625,2494.9775390625,909.8151245117188,1487.58154296875,280.4552307128906,385.0091247558594,2025.4906005859373,8610.9794921875,964.4261474609376,153.0975799560547,116.7830581665039,143.99179077148438,1237.455810546875,564.938720703125,1007.1807250976562,1098.1197877528375,3066.783447265625,978.8286743164062,2605.18603515625,7009.79736328125,190.83380126953125
2022-12-02,3915.3759765625,3022.898193359375,902.0628051757812,653.3572998046875,822.7683715820312,176.04849243164062,1511.475118089251,878.63134765625,974.5409545898438,760.7030639648438,2450.238037109375,900.5253295898438,1470.3458251953125,278.4729309082031,384.3125305175781,2007.4423828125,8474.193359375,950.0772094726562,153.0531005859375,117.49187469482422,142.62908935546875,1236.93310546875,564.4278564453125,1000.97265625,1082.2513486466664,3034.5771484375,990.6028442382812,2584.650146484375,6974.18896484375,190.2341461181641
2022-12-05,3923.26171875,3035.83203125,896.133056640625,651.8598022460938,818.3571166992188,179.66111755371094,1498.0024631303816,872.5924682617188,970.507080078125,763.4721069335938,2454.688232421875,903.4283447265624,1472.0062255859375,278.1425476074219,385.835205078125,2007.5389404296875,8451.31640625,950.1253662109376,155.72030639648438,119.8683853149414,143.99179077148438,1218.8935546875,573.4857788085938,1000.3955078125,1071.9832468677967,3022.8857421875,977.2736206054688,2582.4287109375,6937.1357421875,190.2110595703125
2022-12-06,4024.4775390625,3040.447998046875,901.564453125,655.588623046875,807.93505859375,179.9718780517578,1504.377488543455,852.099365234375,962.010986328125,762.6201171875,2487.200927734375,892.832275390625,1447.903076171875,278.59686279296875,385.1982727050781,2015.1431884765625,8379.5107421875,957.7688598632812,155.7647705078125,118.78434753417967,145.02999877929688,1222.415283203125,565.7284545898438,994.7650146484376,1082.5387021866286,2987.106201171875,967.5430297851562,2583.76171875,6979.00732421875,189.74978637695312
2022-12-07,3992.03662109375,3102.76318359375,911.5303344726562,648.409912109375,808.565185546875,178.49574279785156,1487.6274277757464,849.6253662109375,949.0949096679688,762.2888793945312,2536.672119140625,892.348388671875,1441.2598876953125,280.9095458984375,380.4610290527344,2044.5018310546875,8323.5673828125,957.7567749023438,152.78640747070312,117.2834014892578,143.44021606445312,1204.375732421875,563.96337890625,979.5578002929688,1072.0440588569372,2982.9150390625,957.9904174804688,2563.867431640625,6902.05859375,187.4202880859375
2022-12-08,4017.68994140625,3097.906494140625,936.1461181640624,644.177001953125,807.2078857421875,179.00076293945312,1533.099727744281,848.593017578125,945.1900024414062,766.572509765625,2534.89208984375,901.7833862304688,1454.4114990234375,279.5054016113281,377.5848693847656,2086.566162109375,8346.2041015625,952.6819458007812,151.4528045654297,118.95111846923828,141.33128356933594,1203.807861328125,568.2368774414062,943.9943237304688,1075.6736906777494,2956.39990234375,954.5245971679688,2550.68701171875,6918.29541015625,186.22093200683597
2022-12-09,3989.541015625,3103.19580078125,930.515380859375,637.8643798828125,809.437744140625,177.79656982421875,1508.6470313181323,858.50830078125,881.8111572265625,772.0396118164062,2550.6328125,899.8479614257812,1408.76318359375,281.9832458496094,375.8034362792969,2073.427001953125,8279.541015625,973.673828125,150.6970672607422,117.32508087158205,140.94190979003906,1185.5638427734375,572.7426147460938,955.5922241210938,1076.7625274231214,2905.3994140625,920.001220703125,2582.231201171875,6820.3388671875,181.76953125
2022-12-12,4009.405029296875,3044.920166015625,935.4485473632812,636.7927856445312,803.1359252929688,180.5545654296875,1515.7147556427446,867.3035888671875,882.5836181640625,778.0509643554688,2545.947998046875,900.235107421875,1388.923828125,283.4699401855469,371.36474609375,2082.7158203125,8324.1435546875,985.48779296875,150.1636505126953,118.70096588134766,139.87123107910156,1187.38134765625,569.5374145507812,950.3465576171876,1067.4885137238252,2899.840576171875,917.1575927734376,2551.822265625,6887.265625,182.83050537109372
2022-12-13,4052.826171875,3056.603759765625,941.378173828125,647.9107666015625,812.4916381835938,179.89422607421875,1529.6678101999773,868.4529418945312,896.5723876953125,780.2046508789062,2539.436279296875,902.7994384765624,1411.32177734375,285.4523010253906,371.9121398925781,2091.571044921875,8286.607421875,980.7230224609376,150.4303741455078,120.36871337890624,140.35791015625,1192.7886962890625,572.9749145507812,957.3246459960938,1100.1000575436929,2940.120361328125,929.2874145507812,2543.183349609375,6962.8662109375,183.47630310058597
2022-12-14,4048.43408203125,3025.302001953125,939.1857299804688,651.3460693359375,803.9115600585938,180.3603515625,1539.0501947504988,877.49169921875,906.4417114257812,786.8076782226562,2515.4033203125,891.9613647460938,1417.8299560546875,285.287109375,372.84765625,2113.27734375,8306.6962890625,965.0995483398438,152.56411743164062,123.0787582397461,142.23971557617188,1188.471923828125,581.1038208007812,962.7145385742188,1110.2293189904594,2969.458740234375,946.4823608398438,2558.190673828125,6936.12353515625,184.53726196289065
2022-12-15,4036.40576171875,3010.541015625,934.9501953125,648.429443359375,801.1484375,177.29153442382812,1535.686915111821,870.5568237304688,894.5556030273438,772.3946533203125,2495.352294921875,879.4298706054688,1382.9095458984375,279.8770751953125,370.8572082519531,2096.04736328125,8251.4736328125,949.43505859375,153.00868225097656,122.95368957519533,140.39035034179688,1171.591064453125,572.231689453125,964.5912475585938,1079.9134599133336,2916.296630859375,908.8487548828124,2490.659423828125,6855.51220703125,182.30001831054688
2022-12-16,3973.5703125,2938.705322265625,931.9105834960938,645.64013671875,797.6583251953125,174.5334930419922,1533.5093405970179,839.4177856445312,883.6563720703125,776.1102294921875,2502.894775390625,872.849609375,1366.4814453125,276.7797241210937,366.3488464355469,2093.592529296875,8156.935546875,949.4759521484376,150.96380615234375,122.74522399902344,138.34629821777344,1165.79736328125,560.52587890625,956.3621826171876,1083.119258775689,2859.0751953125,907.1160278320312,2451.3154296875,6759.337890625,179.78599548339844
2022-12-19,4067.898681640625,2962.795166015625,942.9727783203124,654.4583129882812,814.77001953125,176.59231567382812,1535.0241660123481,856.3557739257812,886.745849609375,778.5242309570312,2546.744384765625,877.1558837890625,1353.150634765625,281.23992919921875,369.8520202636719,2102.255859375,8270.4091796875,965.9725952148438,152.74192810058594,121.57780456542967,142.0450439453125,1181.110595703125,561.5479125976562,950.8760986328124,1073.6389230387972,2825.36865234375,912.3589477539062,2489.770751953125,6818.98876953125,179.4630889892578
2022-12-20,4157.73486328125,2963.94873046875,946.5106201171876,650.1373291015625,803.6691284179688,175.66006469726562,1532.4825876779144,851.2325439453125,883.6992797851562,773.1519775390625,2505.93994140625,880.3008422851562,1353.105712890625,280.9508361816406,367.6526184082031,2082.28271484375,8193.990234375,968.5653686523438,150.9193572998047,121.61952209472656,141.00682067871094,1191.334716796875,561.5479125976562,951.260986328125,1086.8107778753003,2862.33984375,904.5834350585938,2476.2939453125,6840.18994140625,179.4169921875
2022-12-21,3894.863525390625,2951.92822265625,929.1201782226562,638.7697143554688,789.1751098632812,173.91197204589844,1553.6815286308893,858.5960083007812,892.8391723632812,765.6731567382812,2498.1162109375,863.4147338867188,1355.1256103515625,276.8210144042969,361.1837463378906,2065.967041015625,8026.7822265625,977.1588134765624,149.3190155029297,119.65988159179688,140.1956787109375,1174.3856201171875,551.2821655273438,967.8636474609376,1075.3480420980575,2884.0458984375,911.7814331054688,2457.979736328125,6698.240234375,179.67068481445312
2022-12-22,3861.524169921875,2970.103271484375,916.4136352539062,635.2413940429688,791.69580078125,173.01852416992188,1602.6242187234618,847.239013671875,891.7662963867188,763.046142578125,2478.5810546875,861.8665161132812,1366.3470458984375,274.5909423828125,363.4627380371094,2030.9774169921875,8011.353515625,976.7932739257812,147.49644470214844,118.6175765991211,139.51434326171875,1171.3411865234375,551.2821655273438,972.7242431640624,1074.0477234971402,2876.23681640625,902.7172241210938,2451.463623046875,6757.69873046875,179.32473754882812
2022-12-23,3635.585205078125,2940.62890625,903.5078125,623.8836059570312,783.98828125,167.0751495361328,1590.894554953088,839.680908203125,884.4716186523438,756.2301025390625,2455.859619140625,850.4961547851562,1343.9490966796875,269.84161376953125,362.6466674804688,1985.5440673828125,7826.07470703125,968.4306640625,144.91815185546875,116.57460021972656,137.0809326171875,1136.9888916015625,533.2591552734375,963.9656372070312,1082.0020282683508,2848.574951171875,884.8557739257812,2451.512939453125,6658.43994140625,174.20445251464844
2022-12-26,3710.0,2938.849609375,925.532470703125,629.667724609375,786.2666625976562,171.5035400390625,1561.5719044792163,827.63232421875,885.4157104492188,771.2822265625,2452.43994140625,864.3341064453125,1348.70703125,276.3667297363281,360.97467041015625,2012.784912109375,7936.81005859375,957.1146240234376,147.27413940429688,117.82540130615234,137.4702911376953,1146.9173583984375,554.7195434570312,962.52197265625,1095.4787177791027,2870.23681640625,889.52099609375,2449.587646484375,6817.06201171875,175.5191192626953
2022-12-27,3762.803466796875,2993.231201171875,929.0205078125,636.6165771484375,789.95068359375,171.89198303222656,1560.255561876155,828.0706176757812,889.4063720703125,772.063232421875,2429.765625,871.5432739257812,1359.8834228515625,275.1690979003906,362.4376831054688,2044.5980224609373,7983.57470703125,951.2701416015624,146.87408447265625,120.7439422607422,137.9894256591797,1156.3006591796875,559.178955078125,962.6182250976562,1077.8163185566737,2876.060546875,897.118896484375,2471.75244140625,6849.05615234375,178.33297729492188
2022-12-28,3790.802734375,3003.9052734375,921.5460815429688,633.8173217773438,779.2861938476562,173.406982421875,1617.660871353864,828.4407348632812,888.6339721679688,771.4478759765625,2420.7236328125,869.8982543945312,1355.6641845703125,276.2015075683594,362.2784118652344,2041.7099609375,8094.6943359375,954.5218505859376,147.4519805908203,119.9934310913086,140.0010223388672,1156.187255859375,558.3892211914062,957.6614990234376,1073.2393171784852,2873.943115234375,903.0726928710938,2547.37939453125,6797.5947265625,178.88650512695312
2022-12-29,3803.679443359375,2995.683349609375,931.3624267578124,637.223388671875,795.71923828125,172.20272827148438,1600.3517924592402,829.969970703125,896.3577270507812,776.8912963867188,2406.154296875,878.7041625976562,1362.3072509765625,276.9861755371094,362.00970458984375,2031.89208984375,8108.87255859375,952.8094482421876,148.2521209716797,120.61885833740234,140.0010223388672,1155.66455078125,568.376220703125,963.0032348632812,1066.6037230639354,2884.22265625,900.3623657226562,2520.8212890625,6728.5966796875,180.247314453125
2022-12-30,3851.3427734375,2969.478271484375,930.565185546875,643.5164184570312,781.5160522460938,174.84426879882812,1637.7439553751494,825.4797973632812,891.9381103515625,770.6668701171875,2399.59521484375,862.0599365234375,1353.91357421875,273.8475036621094,363.70159912109375,2007.7314453125,8069.26953125,943.0927734375,147.9853973388672,122.37000274658205,138.67074584960938,1157.4366455078125,570.1412963867188,963.8213500976562,1057.391870295741,2873.58984375,903.2060546875,2564.50927734375,6706.2861328125,181.1698760986328
2023-01-02,3834.2236328125,2930.387451171875,938.388427734375,641.4171142578125,788.6904296875,174.6112060546875,1676.9062273261304,824.9928588867188,892.0667724609375,770.9271850585938,2397.112060546875,873.2850952148438,1368.0972900390625,274.9212951660156,363.2637023925781,2011.24462890625,8077.6318359375,940.9545288085938,149.3634796142578,125.4552764892578,139.54678344726562,1170.477783203125,568.7478637695312,959.5863647460938,1083.9940684786686,2877.781494140625,897.074462890625,2533.162353515625,6763.04736328125,181.30825805664065
2023-01-03,3823.992431640625,2912.11572265625,959.0178833007812,646.5552978515625,792.6652221679688,174.10621643066406,1664.72294667548,825.6356201171875,893.6974487304688,775.96826171875,2381.793212890625,872.2205810546875,1366.7957763671875,273.4758605957031,364.8162231445313,2010.763427734375,8057.87890625,948.9275512695312,149.00782775878906,124.70480346679688,139.90367126464844,1161.912353515625,568.93359375,971.232421875,1090.509598788869,2921.811279296875,909.7819213867188,2580.40478515625,6739.58251953125,183.1534118652344
2023-01-04,3820.099609375,2901.1533203125,954.1844482421876,643.1053466796875,787.042236328125,168.70664978027344,1678.5397755061956,828.5869140625,889.6209716796875,762.0994873046875,2376.218505859375,870.0433349609375,1341.8843994140625,270.0894470214844,362.4078369140625,1993.0523681640625,8096.3759765625,938.9512329101562,148.11878967285156,121.95306396484376,136.951171875,1144.418212890625,562.24462890625,966.419921875,1072.0267958157162,2924.722900390625,906.6716918945312,2564.558837890625,6750.90478515625,179.76295471191406
2023-01-05,3822.844482421875,2889.1328125,946.3112182617188,597.0133056640625,782.4854736328125,169.4835662841797,1717.5036132511,837.1580810546875,896.057373046875,757.2003173828125,2420.817138671875,850.7380981445312,1324.2894287109375,275.4168701171875,362.3182678222656,2009.2235107421875,8133.19091796875,951.2701416015624,151.0526885986328,122.16152954101562,135.49111938476562,1142.37353515625,562.1517333984375,978.0659790039062,1086.1633103825714,2921.590576171875,898.9850463867188,2529.55859375,6752.4951171875,178.47132873535156
2023-01-06,3817.3046875,2864.177978515625,936.6942749023438,585.3031616210938,771.72412109375,166.45359802246094,1709.1527690006935,832.1419677734375,886.3597412109375,754.6917114257812,2414.0244140625,841.9805297851562,1300.32080078125,276.7384033203125,355.6502990722656,2008.453369140625,8058.16650390625,956.5253295898438,150.25253295898438,122.87030029296876,135.03689575195312,1152.75634765625,558.0176391601562,970.847412109375,1119.0074278810719,2833.751953125,876.324951171875,2505.86376953125,6728.5966796875,176.21104431152344
2023-01-09,3848.29833984375,2869.707275390625,955.47998046875,586.5706176757812,794.4104614257812,166.99746704101562,1704.9854741600625,844.2683715820312,916.0966796875,756.1591186523438,2458.6240234375,845.1255493164062,1332.59326171875,279.2162780761719,360.6463012695313,2042.28759765625,8052.35205078125,966.1674194335938,151.4972381591797,123.5373992919922,135.68577575683594,1179.974609375,564.5671997070312,978.6915283203124,1135.5655963250606,2929.399658203125,902.18408203125,2453.092529296875,6779.333984375,180.7316436767578
2023-01-10,3640.276123046875,2846.8203125,948.9025268554688,577.840576171875,768.6701049804688,168.39588928222656,1691.9393411176784,835.4439086914062,913.0072631835938,742.3375854492188,2477.17529296875,833.5133056640625,1319.39697265625,275.37554931640625,357.39190673828125,2027.8009033203125,7971.75146484375,963.1971435546876,149.3190155029297,124.53804779052734,137.43783569335938,1162.52587890625,552.9080200195312,973.8792114257812,1112.327336407871,2899.795654296875,890.9873657226562,2436.851318359375,6668.94384765625,181.30825805664065
2023-01-11,3629.19677734375,2827.635009765625,946.5106201171876,577.0184326171875,742.2026977539062,165.793212890625,1668.9461218452484,830.2232055664062,905.2403564453124,753.0349731445312,2429.765625,838.3033447265625,1320.74365234375,274.0539855957031,358.6458740234375,2045.8011474609373,7963.38818359375,950.4187622070312,147.6298065185547,122.41165924072266,137.53517150878906,1147.8717041015625,554.3479614257812,989.4231567382812,1105.307774398223,2937.1201171875,894.2752075195312,2406.442626953125,6766.90234375,181.6772918701172
2023-01-12,3640.576171875,2804.123046875,932.3590698242188,577.27783203125,733.8165893554688,166.1816864013672,1654.6249721185907,839.7100830078125,919.7011108398438,757.0584106445312,2426.76708984375,832.8359375,1329.1370849609375,272.44342041015625,354.197265625,2078.91357421875,8044.8544921875,955.9480590820312,147.54086303710938,121.8696517944336,138.54100036621094,1123.0843505859375,552.6757202148438,994.0911865234376,1125.3135657861392,2942.105712890625,890.0098876953125,2415.52587890625,6893.529296875,181.9771270751953
2023-01-13,3714.391845703125,2797.58349609375,930.9638671875,585.0487670898438,740.9907836914062,167.1139678955078,1627.4141127554435,841.6190795898438,924.9791870117188,757.6500854492188,2458.576904296875,845.2223510742188,1349.8291015625,271.5347900390625,354.35650634765625,2072.801025390625,8125.791015625,951.671875,149.18568420410156,122.53673553466795,138.86541748046875,1121.266845703125,557.5066528320312,992.887939453125,1114.754837160809,2977.576416015625,891.431640625,2386.499267578125,6985.609375,181.7003326416016
2023-01-16,3613.225830078125,2804.21875,910.0354614257812,588.2882080078125,735.9979248046875,166.06515502929688,1628.802093065854,842.7197265625,938.6246948242188,750.3843994140625,2433.372802734375,837.2872924804688,1369.4439697265625,272.7325134277344,355.2522277832031,2057.20751953125,8055.33154296875,949.3268432617188,147.54086303710938,123.0787582397461,139.93609619140625,1110.5885009765625,560.2007446289062,996.593505859375,1122.0590350325226,3008.7099609375,919.2457885742188,2375.29345703125,7020.2529296875,183.86839294433597
2023-01-17,3632.740234375,2828.115966796875,914.5699462890624,585.7484741210938,742.34814453125,165.56015014648438,1612.1265809545807,847.72607421875,953.5146484375,761.55517578125,2499.38134765625,837.1905517578125,1382.0118408203125,274.4256591796875,357.8099365234375,2130.266845703125,8150.73388671875,959.435546875,149.0967559814453,123.2872314453125,141.72061157226562,1126.35595703125,550.8641357421875,993.94677734375,1134.600945494636,3048.73193359375,929.5540771484376,2377.36669921875,7109.68212890625,182.83050537109372
2023-01-18,3590.167724609375,2832.29931640625,920.848388671875,587.0892333984375,752.8672485351562,168.4735870361328,1617.9732602720048,850.1806030273438,957.033447265625,774.9979248046875,2516.855712890625,841.39990234375,1387.308349609375,276.4080505371094,358.0985412597656,2181.66796875,8164.8642578125,953.5477905273438,150.65260314941406,124.45464324951172,142.33706665039062,1124.4930419921875,549.4705810546875,1001.0689697265624,1120.544927175247,3059.2001953125,931.5978393554688,2393.3115234375,7018.904296875,185.9903106689453
2023-01-19,3457.259765625,2756.232421875,925.532470703125,588.43994140625,748.4560546875,173.9896697998047,1584.0609385561224,843.917724609375,962.4456176757812,778.2166137695312,2482.703369140625,838.1582641601562,1381.4730224609375,274.3431091308594,351.7689208984375,2188.02099609375,8172.17138671875,946.7052612304688,149.98583984375,126.53931427001952,143.24551391601562,1123.2889404296875,547.9840698242188,1001.5022583007812,1120.0466362407174,3043.949462890625,935.99658203125,2354.757568359375,6950.38623046875,186.08255004882807
2023-01-20,3449.872802734375,2680.887451171875,927.3761596679688,573.5587158203125,741.13623046875,176.3592529296875,1591.9465164901198,847.5020751953125,959.328369140625,786.1923828125,2388.07080078125,842.2225341796875,1369.4888916015625,276.3667297363281,350.8931579589844,2165.737548828125,8112.7177734375,923.565673828125,149.98583984375,126.41425323486328,144.86778259277344,1109.9296875,550.1673583984375,991.6849365234376,1071.2548727685758,3034.925048828125,929.953857421875,2341.18212890625,6916.46533203125,185.9672393798828
2023-01-23,3430.109375,2677.66552734375,929.5188598632812,573.8131713867188,749.1347045898438,178.76766967773438,1611.0550517583843,845.0183715820312,970.9321899414062,791.9434814453125,2432.716552734375,843.5289306640625,1389.642333984375,278.9684753417969,355.0432434082031,2149.9033203125,8090.89697265625,931.6011962890624,148.341064453125,127.03963470458984,146.06826782226562,1104.3177490234375,557.831787109375,1009.9237670898438,1056.5556388334564,3081.67041015625,946.66015625,2334.665771484375,6600.95703125,187.74319458007807
2023-01-24,3435.74853515625,2702.812744140625,907.0955200195312,573.03515625,751.9946899414062,176.82540893554688,1567.7459010604255,828.4407348632812,985.3507690429688,802.5463256835938,2436.55810546875,842.609619140625,1393.1431884765625,279.95965576171875,350.3656921386719,2124.87646484375,8361.6796875,927.9260864257812,147.6298065185547,126.8728485107422,143.37530517578125,1097.7972412109375,552.1646728515625,1001.6465454101562,1053.264209834572,3100.98291015625,951.3698120117188,2340.63916015625,6562.36181640625,188.0206451416016
2023-01-25,3382.795166015625,2668.578125,889.306396484375,567.2460327148438,752.8187255859375,175.6988525390625,1576.493302126597,818.35009765625,972.2743530273438,780.3703002929688,2457.031005859375,827.6588745117188,1385.1536865234375,280.2074584960937,348.28570556640625,2093.303955078125,8443.673828125,925.2709350585938,147.49644470214844,127.1230010986328,142.3695068359375,1082.620361328125,528.3353271484375,1001.0209350585938,1035.6006768354032,3095.071044921875,934.0859375,2326.669189453125,6461.56103515625,185.68540954589844
2023-01-27,2756.434814453125,2618.23583984375,870.7698364257812,563.8010864257812,750.8797607421875,172.7854461669922,1604.1547833832026,840.3723754882812,966.082763671875,764.8211669921875,2447.473876953125,790.790283203125,1363.74365234375,285.7826538085937,340.9808349609375,2079.009765625,8398.880859375,924.349853515625,147.85206604003906,123.1204605102539,142.27220153808594,1062.0816650390625,501.62591552734375,1004.2452392578124,1059.6989680609158,3078.19580078125,915.3802490234376,2301.640869140625,6471.67919921875,184.06692504882807
2023-01-30,2887.59619140625,2660.11572265625,868.8762817382812,589.3550415039062,746.7109375,175.46583557128906,1578.0866198879714,843.25537109375,982.6661987304688,764.0401611328125,2406.24755859375,796.8865966796875,1381.3834228515625,284.7915344238281,343.5982666015625,2033.81689453125,8475.2998046875,921.9228515625,150.1191864013672,120.82732391357422,137.4702911376953,1072.26025390625,500.0001831054688,1012.233642578125,1039.2976387102124,3098.590576171875,920.7120971679688,2305.88623046875,6637.52880859375,186.0091094970703
2023-01-31,2968.498779296875,2621.313232421875,868.627197265625,576.1033935546875,746.8078002929688,174.68887329101562,1615.707508238259,842.349609375,971.7981567382812,758.9991455078125,2414.305419921875,805.01513671875,1376.85009765625,291.02752685546875,344.5436706542969,2044.88671875,8550.5654296875,914.7965698242188,152.16403198242188,120.82732391357422,140.58505249023438,1069.5791015625,514.2141723632812,995.6791381835938,1033.3715985381648,3030.9541015625,901.9619140625,2346.957763671875,6828.1923828125,184.4368896484375
2023-02-01,2131.471923828125,2638.52685546875,854.3261108398438,569.3306274414062,745.6444702148438,171.4258575439453,1625.7352300221332,847.6773681640625,980.37158203125,770.3829345703125,2411.963134765625,820.5464477539062,1392.4251708984375,298.50250244140625,347.27056884765625,2065.2451171875,8429.0146484375,918.2647705078124,151.14161682128906,120.2853012084961,140.5201416015625,1063.240478515625,489.9201965332031,976.814697265625,1035.6392882059238,3075.759765625,909.7374877929688,2316.104736328125,6882.013671875,186.07846069335935
2023-02-02,1562.4073486328125,2601.8876953125,865.4879760742188,559.5878295898438,754.0306396484375,169.09510803222656,1610.540401042988,851.3007202148438,995.5260009765624,758.9281005859375,2468.742919921875,830.1748657226562,1421.735107421875,312.7090148925781,350.6642761230469,2064.619384765625,8526.3896484375,911.7589721679688,148.38548278808594,119.61821746826172,138.02183532714844,1057.35595703125,490.6169128417969,969.7886962890624,1056.935026036828,3122.73046875,903.42822265625,2278.784912109375,6907.31005859375,189.3385467529297
2023-02-03,1583.9180908203125,2654.5380859375,879.5896606445312,588.6160278320312,768.7186889648438,170.0662384033203,1609.908020855631,849.0117797851562,992.5383911132812,785.1746826171875,2481.7666015625,835.8841552734375,1435.7840576171875,314.4022521972656,354.35650634765625,2085.459228515625,8595.7431640625,914.1497192382812,151.0312042236328,120.32701873779295,139.4169921875,1058.28759765625,505.57427978515625,989.5675048828124,1036.5047282034348,3142.493408203125,898.6740112304688,2431.81640625,6928.07763671875,188.62179565429688
2023-02-06,1569.8436279296875,2648.57568359375,879.6395263671875,597.4194946289062,765.179931640625,170.610107421875,1623.030190285199,847.2974853515625,992.1486206054688,781.837646484375,2471.319091796875,826.110595703125,1409.2568359375,316.67364501953125,347.7283935546875,2075.400146484375,8562.771484375,914.9769897460938,151.48733520507812,119.65988159179688,140.8446044921875,1050.3128662109375,506.6891479492188,984.9476318359376,1053.7490277928946,3122.324462890625,893.3865966796875,2426.781005859375,6868.376953125,187.11892700195312
2023-02-07,1799.675537109375,2652.278564453125,876.1015625,602.9344482421875,761.9320678710938,170.6877899169922,1625.3584634336528,864.9660034179688,977.0374145507812,782.9972534179688,2437.2138671875,825.1912841796875,1402.5692138671875,308.2901611328125,353.38116455078125,2084.255859375,8422.8642578125,912.8845825195312,150.7574920654297,120.61885833740234,140.7147979736328,1047.7908935546875,508.2683715820313,968.6336669921876,1054.299202677486,3133.694580078125,890.8096313476562,2415.82177734375,6814.94140625,185.1998748779297
2023-02-08,2160.3193359375,2659.53857421875,868.7766723632812,621.6373901367188,751.46142578125,171.5235137939453,1638.1621927610452,874.2288208007812,991.5422973632812,782.9026489257812,2419.974365234375,831.3359985351562,1427.79443359375,310.1898803710937,351.41070556640625,2051.095458984375,8492.3134765625,913.6974487304688,150.98556518554688,119.9934310913086,140.81443786621094,1068.7159423828125,510.7303771972656,982.3064575195312,1040.450727130389,3176.605224609375,898.4517822265625,2435.419677734375,6987.005859375,188.0900115966797
2023-02-09,1922.202392578125,2706.65966796875,864.7405395507812,631.7523803710938,743.2691040039062,170.76739501953125,1618.0080944269348,874.1703491210938,992.7116088867188,781.2697143554688,2423.62841796875,832.981201171875,1451.5836181640625,309.1161193847656,352.48553466796875,2067.025634765625,8460.1103515625,913.9572143554688,151.44168090820312,121.91134643554688,141.3790283203125,1070.578857421875,511.705810546875,976.2943115234376,1047.5334669498836,3195.330322265625,902.8505859375,2431.273193359375,6918.970703125,188.80674743652344
2023-02-10,1843.595458984375,2697.04296875,864.2919921875,629.8438720703125,748.4075317382812,168.33978271484375,1622.4268770266979,876.5274658203125,966.126220703125,784.3699951171875,2415.00830078125,826.2556762695312,1443.9979248046875,306.7208251953125,352.71441650390625,2082.860107421875,8469.8681640625,915.0900268554688,150.52940368652344,122.32827758789062,142.20928955078125,1061.7637939453125,513.7960815429688,976.100341796875,1050.8267007831287,3192.352294921875,904.0502319335938,2437.147705078125,6944.31494140625,187.65069580078125
2023-02-13,1714.5306396484375,2683.724365234375,856.1697387695312,621.0355834960938,745.15966796875,169.573486328125,1591.5541917194207,881.4169311523438,963.8312377929688,784.961669921875,2418.28759765625,823.1591796875,1407.102294921875,309.0747985839844,353.062744140625,2120.833740234375,8468.0419921875,915.2319946289062,153.12945556640625,123.5373992919922,143.4713134765625,1055.72021484375,499.3498229980469,984.4883422851562,1042.5181901802778,3142.58349609375,890.8540649414062,2487.055419921875,6918.48876953125,185.24612426757807
2023-02-14,1746.522216796875,2670.50146484375,867.7800903320312,632.114501953125,751.5584716796875,168.53878784179688,1589.7070091679066,884.0857543945312,974.6126708984376,792.2274169921875,2416.97607421875,837.335693359375,1430.2633056640625,319.1928405761719,352.3760681152344,2109.619384765625,8434.3994140625,917.9305419921876,151.48733520507812,123.7875518798828,142.80711364746094,1080.598388671875,502.4620361328125,976.2457885742188,1043.9239561311895,3158.556640625,899.3404541015625,2475.059814453125,6879.8935546875,187.32701110839844
2023-02-15,1775.8687744140625,2679.300537109375,865.3384399414062,635.1729736328125,761.4473876953125,169.45407104492188,1570.513921904198,880.47216796875,981.0640258789062,790.6181030273438,2387.78955078125,842.657958984375,1433.67431640625,320.8559265136719,355.3915405273437,2093.64111328125,8502.55078125,926.4950561523438,151.25924682617188,122.99539184570312,142.47499084472656,1105.0675048828125,503.7626953125,965.23974609375,1038.7591357156361,3177.101318359375,952.080810546875,2492.23876953125,6892.08447265625,188.39056396484372
2023-02-16,1793.3370361328125,2698.34130859375,861.800537109375,630.02001953125,760.5263671875,171.4837188720703,1555.177328045365,880.364990234375,976.95068359375,787.75439453125,2367.7861328125,841.3515625,1437.9385986328125,321.1497802734375,355.87921142578125,2096.76904296875,8463.8603515625,944.19189453125,152.71893310546875,129.99984741210938,142.54139709472656,1104.204345703125,501.7652282714844,964.997314453125,1040.7901906172865,3210.851806640625,1004.376708984375,2490.363037109375,6911.2607421875,189.546630859375
2023-02-17,1719.5711669921875,2724.9306640625,851.984130859375,628.0039672851562,753.1095581054688,173.11538696289062,1582.6495554614514,878.62158203125,960.8436889648438,783.802001953125,2356.9169921875,834.7713012695312,1421.7799072265625,321.8633117675781,350.1666564941406,2143.02099609375,8466.408203125,914.9674072265624,153.31192016601562,130.58360290527344,142.01002502441406,1108.8162841796875,493.3111572265625,954.6699829101562,1050.7841034538387,3159.50390625,1003.443603515625,2468.5439453125,7032.78125,187.8819122314453
2023-02-20,1618.505126953125,2717.189697265625,843.8619384765625,623.1788940429688,755.3880004882812,173.7521514892578,1607.3786297505437,871.6964111328125,966.16943359375,776.4415283203125,2353.1220703125,824.562255859375,1429.544921875,322.4089660644531,345.7976379394531,2142.20263671875,8356.73046875,905.4310913085938,153.17506408691406,129.12428283691406,143.3385009765625,1097.0928955078125,487.8763732910156,954.5730590820312,1074.5445919659148,3147.005859375,1016.7732543945312,2442.7255859375,7157.09619140625,188.22872924804688
2023-02-21,1568.24658203125,2709.063720703125,841.1712036132812,624.3386840820312,755.291015625,170.36941528320312,1621.6216894080198,873.9074096679688,957.076416015625,779.3526611328125,2357.52587890625,826.594482421875,1417.9197998046875,320.8978881835937,344.38446044921875,2146.0048828125,8333.8525390625,906.6649169921876,158.05589294433594,128.49891662597656,144.2683563232422,1106.0445556640625,486.2970275878906,942.160888671875,1056.6701384392468,3114.247802734375,1008.1090698242188,2432.31005859375,7073.93017578125,186.2403259277344
2023-02-22,1402.298583984375,2688.724609375,830.5076293945312,606.663330078125,748.6014404296875,168.6183624267578,1597.8657269085406,872.0665283203125,946.165283203125,764.0637817382812,2336.8193359375,812.1275024414062,1402.0303955078125,322.2411193847656,338.4828186035156,2112.603515625,8323.3740234375,898.2686157226562,155.54705810546875,128.0819549560547,142.57461547851562,1080.9617919921875,479.700927734375,939.2033081054688,1088.786537227177,3069.62353515625,1000.3335571289062,2400.667236328125,6944.02685546875,182.7259063720703
2023-02-23,1380.138916015625,2602.17626953125,841.4700927734375,607.0255126953125,739.6820678710938,171.04592895507812,1591.4793108704457,866.787353515625,947.6807861328124,758.8807373046875,2333.63330078125,812.6113891601562,1392.0660400390625,325.38922119140625,339.7965087890625,2078.336181640625,8359.228515625,897.0107421875,154.72598266601562,128.95753479003906,141.6446990966797,1075.78173828125,484.0209045410156,943.0336303710938,1060.1289717942916,3080.677978515625,1003.0882568359376,2364.08740234375,6916.2724609375,182.1710357666016
2023-02-24,1313.2607421875,2633.47802734375,848.49609375,610.34326171875,734.0104370117188,172.75721740722656,1619.0767518017424,874.8716430664062,948.1138916015624,752.1119384765625,2327.58984375,812.5630493164062,1392.0211181640625,323.2904663085937,337.8359375,2054.17529296875,8324.865234375,898.5933227539062,156.0032196044922,132.68116760253906,142.84031677246094,1083.14306640625,484.0673522949219,941.09423828125,1058.3035348822943,3068.630126953125,994.379638671875,2368.62939453125,6954.5791015625,181.8704376220703
2023-02-27,1191.3323974609375,2644.440673828125,851.43603515625,606.2572021484375,729.9384765625,172.67758178710938,1622.8765958342167,861.2161254882812,938.6746215820312,753.981689453125,2312.551513671875,828.7233276367188,1354.901123046875,320.8559265136719,343.5385437011719,2034.587158203125,8297.662109375,895.7962646484375,157.28041076660156,132.89517211914062,145.5968017578125,1075.940673828125,490.2454223632813,935.809326171875,1067.3731778373378,3006.724609375,989.89208984375,2370.5048828125,6925.6201171875,180.50628662109372
2023-02-28,1361.373046875,2720.31494140625,841.220947265625,598.1926879882812,719.61328125,171.44390869140625,1676.5251627377372,840.8788452148438,933.1756591796876,757.153076171875,2305.524658203125,827.2234497070312,1335.3760986328125,316.2386779785156,344.1953430175781,2030.2073974609373,8290.1162109375,898.0690307617188,155.54705810546875,130.1559295654297,147.6226806640625,1055.356689453125,485.6931762695313,927.6153564453124,1071.945258037771,2989.5791015625,977.7178344726562,2342.6630859375,6997.55810546875,178.98028564453125
2023-03-01,1561.458984375,2731.95068359375,862.19921875,602.3765869140625,727.3208618164062,174.1103057861328,1686.3295911699424,846.2554321289062,953.526123046875,756.41943359375,2310.771728515625,828.6265258789062,1343.0067138671875,317.917724609375,347.3103942871094,2036.1270751953125,8424.498046875,903.3049926757812,157.14356994628906,132.50999450683594,145.39756774902344,1065.057861328125,498.6066284179688,930.2335205078124,1063.1384661181105,3055.3203125,1001.39990234375,2352.141357421875,7009.94140625,180.7837371826172
2023-03-02,1604.3309326171875,2725.21923828125,842.5663452148438,595.3446044921875,717.52880859375,177.3736114501953,1691.4667244606892,855.2940673828125,957.7261352539062,749.98193359375,2300.559326171875,826.4009399414062,1321.551513671875,315.2733154296875,342.6925964355469,2042.191650390625,8217.4453125,889.0138549804688,155.82078552246094,131.86795043945312,146.3606414794922,1056.9471435546875,495.8659057617188,936.0518188476562,1060.479544276151,2997.33935546875,986.204345703125,2328.989013671875,7024.44580078125,179.44271850585938
2023-03-03,1876.08642578125,2720.36328125,849.7418212890625,597.0133056640625,741.0878295898438,177.45321655273438,1684.8764607366568,864.5179443359375,969.027099609375,764.8684692382812,2315.222412109375,840.4806518554688,1327.969970703125,323.16455078125,348.52459716796875,2071.50146484375,8267.91015625,887.481689453125,157.46290588378906,132.03916931152344,147.52304077148438,1083.9154052734375,521.3676147460938,937.6033325195312,1053.6591535270315,3016.01953125,964.299560546875,2365.667236328125,6953.85595703125,180.5525360107422
2023-03-06,1979.2987060546875,2754.694091796875,856.5684814453125,600.419189453125,743.2206420898438,179.00526428222656,1688.6393828421028,864.761474609375,975.6950073242188,770.2645874023438,2328.19921875,839.70654296875,1353.2403564453125,325.8509521484375,348.52459716796875,2061.009765625,8296.94140625,890.6060180664062,161.29454040527344,135.42037963867188,150.8773651123047,1094.5029296875,521.8321533203125,936.0033569335938,1045.4854730049485,3042.8212890625,968.6537475585938,2372.923828125,6939.06298828125,182.0785217285156
2023-03-08,2035.9456787109373,2749.885986328125,858.0134887695312,586.9131469726562,743.1721801757812,178.9654998779297,1685.715716475372,862.2388305664062,970.4558715820312,771.8029174804688,2328.433349609375,843.9158935546875,1339.999267578125,329.4187927246094,346.3749389648437,2089.5498046875,8356.970703125,890.76953125,163.1647491455078,135.4632110595703,151.4751434326172,1098.433349609375,524.712158203125,928.4880981445312,1058.2704049964766,3059.561279296875,958.21240234375,2366.654541015625,7003.29248046875,181.54673767089844
2023-03-09,1949.6029052734373,2744.11572265625,864.8402099609375,577.5616455078125,749.8133544921875,178.9257049560547,1702.9871459046212,853.414306640625,966.9920043945312,771.8739013671875,2306.227294921875,828.2879028320312,1328.95751953125,325.3052978515625,341.6973876953125,2111.111572265625,8210.9091796875,891.60888671875,163.71214294433594,133.79397583007812,149.98065185546875,1072.032958984375,519.23095703125,923.83349609375,1063.923841010571,3011.23681640625,941.950439453125,2338.171142578125,6979.8759765625,180.39068603515625
2023-03-10,1892.756103515625,2721.6611328125,848.994384765625,574.9044189453125,750.1526489257812,178.56753540039062,1726.3729730815396,856.2583618164062,966.6890869140624,751.969970703125,2310.022216796875,815.417724609375,1321.012939453125,325.7250366210937,338.23406982421875,2077.084716796875,8268.19921875,889.2061767578125,164.89813232421875,133.365966796875,150.4788360595703,1055.425048828125,508.5006408691406,926.59716796875,1054.1567357649835,3005.957763671875,943.061279296875,2345.3291015625,6963.9267578125,179.92825317382812
2023-03-13,1870.995849609375,2677.42529296875,829.510986328125,570.930908203125,741.9603271484375,175.74195861816406,1708.3193125034077,851.359130859375,951.3612670898438,742.4558715820312,2300.32470703125,801.628173828125,1288.2916259765625,322.0732116699219,333.1783142089844,2053.983154296875,8188.27197265625,881.1107177734375,163.94020080566406,133.365966796875,150.179931640625,1038.06689453125,492.3821105957031,925.191162109375,1067.7873239792646,2961.694091796875,1007.531494140625,2302.38134765625,6818.603515625,178.24041748046875
2023-03-14,1735.0430908203125,2640.305908203125,830.0093383789062,560.9481811523438,748.2621459960938,175.9409637451172,1677.7288992123279,847.2974853515625,938.76123046875,740.4678344726562,2288.47216796875,803.5151977539062,1274.736328125,318.7572021484375,328.0728454589844,2063.945556640625,8182.2646484375,878.57080078125,162.29808044433594,131.2259521484375,149.5821075439453,1034.181884765625,488.108642578125,928.1971435546876,1072.7522214009673,2901.232177734375,991.0916748046876,2325.681640625,6807.376953125,175.4658966064453
2023-03-15,1835.66015625,2718.96875,821.2393798828125,559.6954345703125,733.57421875,175.02560424804688,1636.19557776073,856.0538940429688,934.951171875,729.8413696289062,2254.413818359375,799.208984375,1274.422119140625,318.5053405761719,331.5959167480469,2095.180908203125,8146.50634765625,865.5206298828125,162.57176208496094,130.58392333984375,151.64120483398438,1016.5059204101562,480.8157653808594,922.5729370117188,1085.3178402954875,2886.748291015625,990.2919921875,2368.62939453125,6842.83984375,173.75494384765625
2023-03-16,1840.451416015625,2782.293212890625,827.7171630859375,559.3381958007812,723.2005004882812,175.78175354003906,1648.3817253529003,853.9597778320312,928.6727294921876,734.5747680664062,2304.306640625,797.273681640625,1260.4627685546875,320.2262878417969,331.11822509765625,2092.2451171875,8110.458984375,887.5178833007812,163.8489990234375,130.28433227539062,154.19847106933594,1011.4392700195312,487.2724914550781,938.0881958007812,1095.2458720495533,2874.20458984375,993.2689208984376,2419.228271484375,6846.5498046875,172.41390991210938
2023-03-17,1873.141845703125,2752.86669921875,834.5439453125,561.0264892578125,734.1558837890625,176.41847229003906,1623.9849411459438,864.1672973632812,959.8909912109376,744.3966674804688,2293.10986328125,809.2245483398438,1275.3646240234375,315.2733154296875,336.9999694824219,2113.56591796875,7994.5322265625,907.1195678710938,161.431396484375,131.09754943847656,152.57110595703125,1010.1670532226562,492.1962890625,928.6820678710938,1083.1465165288193,2869.060302734375,1001.6220703125,2424.4609375,7025.16845703125,174.1017608642578
2023-03-20,1801.671875,2745.654052734375,834.6932983398438,543.2581787109375,731.780517578125,172.75721740722656,1576.8463455690367,864.8101806640625,944.64990234375,739.2371826171875,2352.887939453125,809.4180908203125,1260.0589599609375,318.0016174316406,338.3037109375,2096.04736328125,7901.05078125,910.9532470703124,160.564697265625,130.36993408203125,151.10984802246094,1000.2384643554688,482.34869384765625,932.0761108398438,1075.17885636929,2836.5732421875,985.493408203125,2428.70654296875,6980.1162109375,169.77810668945312
2023-03-21,1820.936767578125,2730.22021484375,852.6817016601562,558.8488159179688,733.8650512695312,172.75721740722656,1585.9636768660625,860.8945922851562,938.6314697265624,747.615234375,2307.351806640625,824.8526000976562,1248.43359375,316.4485778808594,339.7367858886719,2125.790771484375,7909.51123046875,910.4506225585938,161.56822204589844,129.72793579101562,148.220458984375,1031.341796875,484.81060791015625,927.2275390625,1086.7848955614718,2803.003662109375,973.6302490234376,2482.119140625,7085.6865234375,169.43128967285156
2023-03-22,1812.1029052734373,2730.941162109375,846.7520141601562,570.9945068359375,733.6226806640625,170.28982543945312,1642.3400837026995,871.7255859375,936.5095825195312,745.8876342773438,2320.2353515625,832.4005737304688,1247.1322021484375,317.12017822265625,339.3984375,2131.084716796875,7932.580078125,905.2699584960938,159.05941772460938,129.72793579101562,148.8514862060547,1034.4771728515625,484.5319213867188,942.5972290039062,1096.4336714528645,2825.29296875,977.1402587890624,2476.2939453125,7127.9921875,169.43128967285156
2023-03-23,1790.74169921875,2690.503662109375,845.9049072265625,570.8820190429688,740.2637329101562,169.812255859375,1642.8263274289127,866.2711791992188,923.043701171875,739.89990234375,2328.433349609375,827.8040161132812,1233.935791015625,319.5546875,334.3327941894531,2124.05810546875,8029.474609375,916.0809326171876,159.2874755859375,130.79794311523438,147.55625915527344,1021.390625,476.3564758300781,948.027587890625,1096.532892077387,2819.7431640625,977.0067749023438,2487.055419921875,7138.8818359375,167.16542053222656
2023-03-24,1737.48876953125,2691.1767578125,837.0353393554688,552.8934936523438,739.197265625,165.9121856689453,1662.6599135433237,869.621826171875,910.7903442382812,738.7164306640625,2324.404296875,824.8526000976562,1239.4117431640625,317.917724609375,336.81085205078125,2085.073974609375,7923.44873046875,911.6868896484376,157.5541229248047,127.88751220703124,147.72232055664062,1001.1699829101562,469.4817199707031,943.3729858398438,1098.7349243401484,2815.998291015625,979.2285766601562,2461.68212890625,7136.6650390625,167.28103637695312
2023-03-27,1719.920654296875,2696.2255859375,830.5076293945312,547.3931274414062,738.5185546875,165.8723907470703,1665.179431951207,873.8099975585938,910.5736694335938,741.9351806640625,2341.45703125,821.2721557617188,1246.8626708984375,319.17694091796875,339.40838623046875,2073.378662109375,7957.5244140625,908.6996459960938,156.23126220703125,128.61512756347656,146.194580078125,1016.7329711914062,473.9410400390625,953.65185546875,1118.7884726914426,2817.623046875,980.16162109375,2462.718505859375,7179.59765625,167.0498046875
2023-03-28,1597.942626953125,2677.66552734375,829.6107177734375,541.6578979492188,725.6242065429688,166.2703399658203,1663.5311826719512,881.8261108398438,901.567626953125,747.9702758789062,2326.278564453125,827.1266479492188,1236.6737060546875,318.7991943359375,338.1544189453125,2053.742431640625,7890.669921875,911.3452758789062,156.91551208496094,126.00428771972656,147.52304077148438,1021.4814453125,472.0365295410156,954.379150390625,1110.0756086536899,2811.84716796875,951.1033935546876,2468.5439453125,7134.2080078125,164.714599609375
2023-03-29,1737.2392578125,2664.250732421875,839.72607421875,550.5396728515625,720.922119140625,169.49388122558594,1685.4960683590566,889.8128662109375,924.4293212890624,751.567626953125,2371.299072265625,823.4978637695312,1242.0150146484375,321.31768798828125,342.563232421875,2067.07373046875,7973.8173828125,916.4899291992188,158.7401123046875,127.84471130371094,147.75552368164062,1015.4381103515624,479.8403015136719,961.8458862304688,1118.949551393977,2832.60302734375,960.7005004882812,2483.106689453125,7295.76953125,166.03250122070312
2023-03-31,1747.27099609375,2655.73974609375,855.5718994140625,549.7125854492188,726.1575317382812,170.051025390625,1679.367534105514,900.5172119140625,939.8004150390624,761.8629150390625,2398.939697265625,848.8994750976562,1281.873046875,321.947265625,344.91192626953125,2083.19677734375,7970.7900390625,947.830810546875,159.74362182617188,129.2999267578125,149.91421508789062,1059.218994140625,486.5757446289063,953.3125,1116.2427705280222,2893.06494140625,979.1395874023438,2482.958251953125,7345.3017578125,168.89950561523438
2023-04-03,1714.3306884765625,2670.50146484375,861.6510009765625,559.333251953125,737.3551635742188,175.22459411621094,1686.2432450344998,907.091796875,950.9714965820312,762.3361206054688,2376.218505859375,855.23779296875,1266.5223388671875,318.0855712890625,347.4696350097656,2088.92431640625,8173.51611328125,947.87646484375,162.20684814453125,131.52554321289062,149.18360900878906,1059.4007568359375,489.36279296875,949.3851318359376,1113.3035399452199,2887.740966796875,980.33935546875,2505.17236328125,7362.9853515625,170.14804077148438
2023-04-05,1694.9161376953125,2700.793212890625,857.5651245117188,563.8596801757812,740.1668090820312,177.09503173828125,1694.4218545448298,912.2150268554688,962.2722778320312,782.7843017578125,2419.927001953125,856.011962890625,1277.92333984375,324.3818664550781,348.7037048339844,2173.24560546875,8119.6875,953.4852294921876,160.4734649658203,130.88352966308594,149.88104248046875,1056.856201171875,485.87896728515625,966.936767578125,1130.8160407005767,2923.6572265625,980.60595703125,2540.024169921875,7412.56640625,170.98040771484375
2023-04-06,1750.8642578125,2702.091796875,849.044189453125,580.5858154296875,742.5905151367188,176.45828247070312,1679.444172918639,915.44873046875,945.515869140625,788.7484130859375,2403.530517578125,846.7222290039062,1276.44189453125,325.1793212890625,349.73876953125,2189.127685546875,8186.5888671875,948.0111083984376,159.8348388671875,128.9147186279297,149.61532592773438,1063.94482421875,490.1989440917969,981.4337768554688,1144.2608538874351,2906.4208984375,971.0531616210938,2516.082275390625,7422.10791015625,169.546875
2023-04-10,1793.98583984375,2669.87646484375,844.4597778320312,570.466064453125,746.2745971679688,176.7368927001953,1703.3407378692355,927.1854858398438,955.2578735351562,785.009033203125,2372.516845703125,840.3839721679688,1281.5589599609375,326.18670654296875,350.1766052246094,2223.2509765625,8204.373046875,939.4465942382812,162.02439880371094,134.5215606689453,152.13937377929688,1056.4017333984375,488.94476318359375,978.0397338867188,1157.6744734938593,2944.953857421875,983.9382934570312,2550.884521484375,7416.7109375,172.62200927734375
2023-04-11,1799.875244140625,2648.19140625,850.3895263671875,571.3419189453125,750.5404663085938,178.0103759765625,1699.8617207839413,927.90625,941.31591796875,787.3047485351562,2387.1337890625,853.3992919921875,1262.30322265625,332.4409484863281,367.5331726074219,2215.358154296875,8323.951171875,946.392578125,162.48052978515625,136.1479949951172,153.66708374023438,1061.62744140625,494.3330383300781,978.670166015625,1179.2582310570206,2900.194091796875,975.9404907226562,2547.281005859375,7460.26904296875,171.2116241455078
2023-04-12,1843.89501953125,2679.87744140625,848.1473388671875,573.22119140625,747.5834350585938,181.23388671875,1682.7904915338784,950.82470703125,947.8106689453124,797.52880859375,2369.518798828125,861.3826293945312,1282.1873779296875,330.3842163085937,367.0455322265625,2202.8447265625,8286.943359375,935.1222534179688,160.38223266601562,134.94956970214844,150.9769744873047,1066.3076171875,490.7098693847656,985.8943481445312,1180.050067521856,2925.326904296875,986.293212890625,2555.031005859375,7403.796875,172.0902099609375
2023-04-13,1867.352294921875,2701.995361328125,861.40185546875,577.869873046875,743.6569213867188,179.48284912109375,1695.993845632,945.3507080078124,928.1962280273438,801.1025390625,2376.311767578125,869.946533203125,1247.0870361328125,332.1051940917969,372.1111450195313,2174.2080078125,8334.765625,936.3272094726562,157.87339782714844,135.89120483398438,153.56744384765625,1070.3291015625,495.122802734375,973.0942993164062,1191.7085172629218,2877.678466796875,965.8101806640624,2552.809814453125,7377.19970703125,170.3098907470703
2023-04-17,1875.3377685546875,2734.06640625,861.6011962890625,583.448486328125,736.482666015625,182.7461700439453,1675.6438366407294,945.2338256835938,902.5200805664062,788.890380859375,2390.975341796875,872.1722412109375,1129.577880859375,335.9249267578125,377.2166442871094,2131.133056640625,8338.466796875,973.8011474609376,154.72598266601562,137.089599609375,157.1874237060547,1075.7589111328125,505.388427734375,968.4398193359376,1187.0464794022973,2833.14453125,915.2469482421876,2572.50634765625,7461.23291015625,167.09605407714844
2023-04-18,1847.5882568359373,2745.125732421875,860.4053344726562,578.966064453125,736.57958984375,184.8155975341797,1676.9357746886533,956.94140625,921.2686767578124,785.5534057617188,2380.856201171875,867.8660278320312,1130.5206298828125,334.53973388671875,375.8531799316406,2133.635498046875,8394.21875,993.8527221679688,155.18212890625,137.04681396484375,152.96966552734375,1063.4449462890625,507.1071166992188,974.3548583984376,1192.8446944894952,2825.248291015625,911.0259399414062,2544.960693359375,7319.42724609375,170.1249237060547
2023-04-19,1850.4830322265625,2701.947265625,870.4210205078125,582.1076049804688,741.3301391601562,183.3829040527344,1677.3614036617678,956.3472290039062,899.4891967773438,788.4407348632812,2372.00244140625,863.0761108398438,1106.14794921875,334.7496643066406,375.1764526367188,2136.523681640625,8343.5615234375,991.8060302734376,152.44525146484375,137.04681396484375,152.73716735839844,1068.7386474609375,501.9510192871094,965.336669921875,1191.1479422863308,2788.11376953125,900.9844360351562,2536.66748046875,7242.9111328125,166.84173583984375
2023-04-20,1839.552978515625,2734.7880859375,865.7869262695312,578.6773681640625,748.7468872070312,182.7063751220703,1703.4425321830147,946.3831787109376,898.4500732421875,791.3754272460938,2335.460693359375,865.4953002929688,1098.248291015625,336.0508728027344,374.9972839355469,2149.18115234375,8376.916015625,984.80224609375,154.81723022460938,136.2335968017578,153.3681640625,1066.034912109375,506.1316833496094,957.8215942382812,1193.203725555747,2801.830322265625,908.004638671875,2546.490966796875,7204.267578125,167.7897186279297
2023-04-21,1799.725341796875,2771.57080078125,861.25244140625,581.1436767578125,741.8633422851562,183.10433959960935,1715.337887693634,948.4382934570312,908.3653564453124,792.6534423828125,2340.47314453125,857.028076171875,1101.794189453125,342.7248840332031,376.9180603027344,2132.2880859375,8226.7685546875,990.8814086914062,154.81723022460938,136.61878967285156,153.79991149902344,1067.37548828125,504.5987854003906,959.4700317382812,1203.5435404728578,2852.41162109375,887.5216064453125,2535.68017578125,7091.228515625,170.19427490234375
2023-04-24,1798.6773681640625,2780.225830078125,879.2907104492188,580.7374877929688,737.0643920898438,184.29823303222656,1715.3950397305143,936.2340087890624,912.7820434570312,799.0671997070312,2342.16015625,875.5108032226562,1100.8516845703125,343.1026306152344,377.6346435546875,2145.47509765625,8138.04638671875,1000.18505859375,155.95761108398438,137.1752166748047,154.06558227539062,1071.465087890625,515.236083984375,949.4821166992188,1190.4255422325516,2864.99951171875,894.0531005859375,2596.152099609375,7170.29833984375,174.77227783203125
2023-04-25,1841.25,2786.861083984375,875.3541870117188,594.586181640625,749.0377197265625,183.26351928710935,1735.6061742094093,941.5325927734376,912.2623901367188,787.7070922851562,2333.446044921875,883.9296264648438,1099.5947265625,345.4951477050781,376.05224609375,2163.812255859375,8140.6904296875,999.02001953125,156.09442138671875,137.51759338378906,154.69664001464844,1079.666748046875,521.9249877929688,943.0336303710938,1225.916542781218,2866.0830078125,885.9664916992188,2599.756103515625,7168.9970703125,173.7086944580078
2023-04-26,1844.5439453125,2798.40087890625,884.6224365234375,592.6972045898438,749.86181640625,182.86553955078125,1770.0421444473827,943.831298828125,922.7407836914062,791.328125,2352.51318359375,885.3811645507812,1101.9737548828125,346.08282470703125,373.9224243164063,2190.956787109375,8177.21728515625,1016.4740600585938,154.95407104492188,137.9456024169922,158.2834014892578,1073.328125,526.1520385742188,941.821533203125,1209.4029774076455,2886.0712890625,885.3446044921875,2607.456787109375,7186.05419921875,173.2000274658203
2023-04-27,1849.6845703125,2788.736328125,878.393798828125,606.8004150390625,762.5137329101562,184.4574279785156,1784.45677229149,958.1394653320312,927.6767578125,795.6828002929688,2313.3017578125,888.6712036132812,1118.7606201171875,349.23095703125,379.8937683105469,2219.3046875,8211.8701171875,1022.326171875,155.95761108398438,137.0039825439453,156.72250366210938,1080.1212158203125,524.665771484375,949.0458374023438,1189.6747101844664,2876.8662109375,891.431640625,2629.62158203125,7228.45556640625,173.1306610107422
2023-04-28,1921.453857421875,2791.04443359375,857.0667724609375,614.6348876953125,774.92333984375,185.53195190429688,1785.3914166347026,960.3406372070312,937.2330932617188,798.806884765625,2302.3857421875,887.993896484375,1124.595703125,357.24810791015625,385.7555541992188,2275.903564453125,8256.6630859375,1052.013671875,156.91551208496094,136.06239318847656,157.58596801757812,1099.86474609375,537.2539672851562,957.724609375,1209.3826028202975,2905.1123046875,909.6930541992188,2608.2958984375,7281.74755859375,178.0323486328125
2023-05-02,1916.3631591796875,2788.3515625,867.6804809570312,611.6058349609375,766.1010131835938,187.9197235107422,1753.8923001511919,964.3438720703124,940.2719116210938,798.6411743164062,2297.13916015625,892.300048828125,1146.7689208984375,356.3246765136719,382.3917846679688,2295.203369140625,8436.705078125,1051.2620849609375,160.1997833251953,140.59922790527344,159.47898864746094,1109.20263671875,534.466796875,943.5669555664062,1223.189212105329,2905.2470703125,936.1297607421876,2630.0166015625,7185.76513671875,179.58143615722656
2023-05-03,1835.66015625,2817.345458984375,856.9172973632812,604.862548828125,755.5333862304688,188.55645751953125,1728.850195172727,964.7041625976562,932.6971435546876,801.4339599609375,2329.276611328125,893.0258178710938,1139.3182373046875,358.59136962890625,384.3423767089844,2268.10693359375,8456.36328125,1057.5394287109375,160.8839874267578,137.9456024169922,159.21328735351562,1099.68310546875,530.007568359375,934.4031982421876,1234.284194646782,2869.601806640625,923.822265625,2620.3408203125,7234.52734375,178.07858276367188
2023-05-04,1907.7789306640625,2868.457275390625,862.9965209960938,625.4153442382812,765.0345458984375,188.99424743652344,1722.2071628689043,967.7723388671876,939.611328125,817.8350830078125,2348.71826171875,891.9130249023438,1143.2679443359375,356.4506225585937,387.6564331054688,2268.6845703125,8459.5341796875,1048.7431640625,160.8839874267578,137.81719970703125,158.64871215820312,1112.360595703125,538.833251953125,944.4881591796876,1245.5527552924848,2906.4208984375,929.020751953125,2636.483154296875,7229.75732421875,177.43118286132812
2023-05-05,1916.8125,2897.40283203125,862.3486938476562,625.3760986328125,763.2893676757812,188.9544219970703,1708.370198961246,962.804931640625,929.7024536132812,769.4835815429688,2343.0966796875,896.9932861328125,1130.2960205078125,359.9345703125,383.8945007324219,2288.513427734375,8601.8486328125,1064.508056640625,158.96820068359375,137.218017578125,160.11001586914062,1109.5206298828125,535.5816650390625,941.0457763671876,1245.8148900340739,2915.44482421875,920.9786987304688,2698.189208984375,7351.7109375,175.44276428222656
2023-05-08,1884.0718994140625,2903.653564453125,875.4537963867188,651.6151123046875,769.5426635742188,185.33294677734372,1704.5971310367665,955.9088745117188,947.4942626953124,778.3822631835938,2357.66650390625,907.5894775390624,1136.1312255859375,362.201171875,389.8956604003906,2276.8662109375,8724.5029296875,1062.738525390625,161.52261352539062,141.24124145507812,162.56761169433594,1123.220703125,542.177734375,932.706298828125,1230.887221815766,2933.4033203125,927.1546630859376,2716.306396484375,7454.48681640625,175.882080078125
2023-05-09,1892.656494140625,2918.414794921875,885.2203979492188,641.270263671875,769.397216796875,188.11871337890625,1706.5845754893728,961.0029907226562,950.3567504882812,778.4059448242188,2357.197998046875,904.2025756835938,1140.70947265625,355.779052734375,388.989990234375,2285.481689453125,8758.4345703125,1062.163330078125,160.564697265625,141.45523071289062,161.6708984375,1126.69677734375,532.7946166992188,928.439697265625,1232.6495262737424,2962.86669921875,931.1091918945312,2713.492431640625,7435.984375,176.78379821777344
2023-05-10,1888.713623046875,2924.761474609375,886.8648071289062,649.0264892578125,771.7725219726562,188.2779083251953,1719.812131908439,948.1558837890624,949.7401123046876,782.0032958984375,2363.6630859375,905.7992553710938,1134.0216064453125,357.0802307128906,389.8658447265625,2275.951904296875,8812.8408203125,1065.965576171875,161.52261352539062,142.9104461669922,164.4938507080078,1134.4443359375,531.5868530273438,924.9002075195312,1221.6000533390618,2966.07080078125,929.6428833007812,2710.580078125,7461.95556640625,177.4542999267578
2023-05-11,1981.045654296875,3019.33984375,892.8941650390625,652.1533813476562,764.5496826171875,187.95950317382807,1718.7859468193549,882.8390502929688,958.3717651367188,782.5239868164062,2428.968505859375,908.847412109375,1127.6031494140625,352.9247131347656,389.716552734375,2158.229248046875,8901.99609375,1064.5054931640625,163.8033447265625,142.99607849121094,165.09164428710938,1127.03759765625,532.7481689453125,931.930419921875,1238.6914827243463,2961.874267578125,927.77685546875,2722.82275390625,7550.85498046875,177.87049865722656
2023-05-12,1961.1318359375,3011.021484375,907.5440673828124,657.1399536132812,767.797607421875,187.08399963378903,1731.0715927015583,870.0015258789062,964.8894653320312,789.434814453125,2458.014404296875,913.3955688476562,1117.818115234375,352.9666748046875,390.2440185546875,2137.96728515625,8935.1591796875,1053.596923828125,159.60679626464844,141.66925048828125,160.57493591308594,1128.8778076171875,537.1146240234375,927.0335693359376,1236.6396007957858,2954.79052734375,929.8206176757812,2737.9775390625,7423.16748046875,177.2230987548828
2023-05-15,1912.5703125,3011.88720703125,912.6764526367188,656.9343872070312,772.7420654296875,189.19320678710935,1733.277846249389,880.218994140625,968.6328735351562,793.221435546875,2494.415283203125,915.185791015625,1129.622802734375,359.1370544433594,392.7121276855469,2162.753662109375,8850.4736328125,1053.23193359375,160.51910400390625,141.75485229492188,161.57127380371094,1131.1044921875,540.5984497070312,924.1244506835938,1223.0375317302025,2937.419189453125,945.9047241210938,2744.2470703125,7479.060546875,178.379150390625
2023-05-16,1885.718994140625,3017.753173828125,914.6696166992188,664.0104370117188,763.3378295898438,191.77999877929688,1687.1101419855895,879.537109375,960.6618041992188,788.6732177734375,2507.20458984375,915.766357421875,1134.9639892578125,355.9049377441406,387.5469665527344,2143.8388671875,8719.791015625,1052.9322509765625,161.88755798339844,143.80926513671875,159.81112670898438,1114.9962158203125,544.6860961914062,912.4396362304688,1218.0652193331373,2940.216064453125,939.4622802734376,2754.81103515625,7419.07177734375,178.93406677246094
2023-05-17,1896.0501708984373,2973.85400390625,911.6798095703124,656.2249145507812,768.0885009765625,192.2973480224609,1665.922932890094,873.0015869140625,946.437255859375,784.4360961914062,2493.947021484375,908.9926147460938,1119.34423828125,358.9691467285156,380.0032043457031,2136.523681640625,8765.98046875,1050.6165771484375,160.564697265625,143.16726684570312,158.61550903320312,1108.4073486328125,544.6860961914062,907.5910034179688,1225.5216191103257,2895.591552734375,936.7518310546876,2727.314697265625,7420.7578125,176.78379821777344
2023-05-18,1886.5673828125,2989.8173828125,911.5802612304688,664.4801635742188,774.9718627929688,190.70550537109372,1663.2317994372415,861.6251831054688,951.1495361328124,787.572021484375,2461.903076171875,915.9114990234376,1118.536376953125,352.3370666503906,383.6357727050781,2106.298828125,8702.44140625,1048.0592041015625,159.74362182617188,142.39683532714844,156.52320861816406,1106.0218505859375,533.4449462890625,901.48193359375,1216.4469038649702,2887.60498046875,931.9087524414062,2687.280029296875,7327.95556640625,176.92251586914062
2023-05-19,1952.4974365234373,2966.160400390625,920.8983154296876,663.9713134765625,781.1766967773438,190.94427490234372,1636.2023923275412,855.55712890625,964.7572631835938,788.4816284179688,2474.9267578125,923.4594116210938,1139.093505859375,352.4630126953125,386.4721374511719,2108.079345703125,8753.0517578125,1048.5692138671875,158.10150146484375,141.15562438964844,155.2279815673828,1109.611572265625,534.3275146484375,897.797119140625,1203.1215738359488,2908.361328125,952.7472534179688,2667.33642578125,7402.3037109375,178.5872344970703
2023-05-22,2321.87548828125,2966.593505859375,914.4204711914062,664.83740234375,777.3956298828125,189.98915100097656,1650.4901949638277,868.3555297851562,986.336181640625,785.680908203125,2471.788330078125,919.6370239257812,1160.5487060546875,356.5765380859375,386.18353271484375,2133.635498046875,8801.787109375,1039.1256103515625,158.8313446044922,141.75485229492188,155.6597442626953,1115.5413818359375,536.185546875,909.045654296875,1207.6506211887195,2976.809326171875,981.4500122070312,2678.097900390625,7435.40625,183.0033721923828
2023-05-23,2628.916748046875,3000.924560546875,913.0252075195312,663.614013671875,775.5536499023438,190.4667053222656,1686.5191036875326,868.9204711914062,975.32666015625,783.8375854492188,2462.605712890625,922.5885620117188,1167.0570068359375,360.2703552246094,382.46142578125,2115.39501953125,8844.12890625,1034.721435546875,158.87696838378906,141.24124145507812,155.49366760253906,1115.3367919921875,540.3197021484375,903.3729248046876,1212.2182105002107,2975.3203125,969.0535888671876,2649.36767578125,7376.23583984375,183.8819580078125
2023-05-24,2471.10400390625,2982.556640625,914.5699462890624,664.1425170898438,776.95947265625,191.81982421875,1715.899294643563,880.355224609375,979.3782958984376,773.5921020507812,2450.097412109375,910.2506103515624,1165.800537109375,363.9221801757813,380.24212646484375,2103.36279296875,8911.46484375,1033.604736328125,159.60679626464844,142.31124877929688,156.62286376953125,1108.8389892578125,541.3416137695312,923.3002319335938,1204.1892269768864,2981.005859375,976.3848266601562,2672.865234375,7375.80224609375,184.8299560546875
2023-05-25,2532.841552734375,3003.76123046875,917.908447265625,669.5449829101562,797.6098022460938,191.0636444091797,1711.4816063211395,877.3748168945312,982.9451904296876,770.6237182617188,2433.51318359375,909.4763793945312,1170.9171142578125,370.3442993164063,384.1432800292969,2122.18115234375,8922.1337890625,1038.1634521484375,159.1962432861328,142.0972442626953,158.05091857910156,1108.7027587890625,539.9945068359375,916.3668823242188,1196.8088000763046,2972.116943359375,975.8073120117188,2673.55615234375,7344.91650390625,182.2403564453125
2023-05-26,2539.729248046875,3008.425048828125,923.7883911132812,675.7450561523438,793.004638671875,192.21778869628903,1747.8721134296125,882.6344604492188,1003.37939453125,773.5921020507812,2485.1396484375,919.9757690429688,1182.6771240234375,372.4010620117188,387.1488952636719,2135.41650390625,9035.6572265625,1043.328857421875,159.1962432861328,140.17123413085938,157.6191864013672,1138.94287109375,544.4074096679688,940.5123901367188,1201.1203542752455,3004.062255859375,990.6028442382812,2707.322021484375,7441.380859375,185.7547912597656
2023-05-29,2529.44775390625,3017.080078125,926.6286010742188,678.4413452148438,796.2039794921875,195.8790435791016,1752.1429977919192,887.56298828125,991.9295043945312,783.0237426757812,2483.218994140625,917.5082397460938,1179.9390869140625,377.0182800292969,388.7710876464844,2141.2880859375,8971.783203125,1050.46923828125,160.8384246826172,136.1051788330078,155.7593536376953,1145.3497314453125,552.7685546875,939.1063232421876,1177.7034884049315,2996.34619140625,989.9810791015624,2776.53173828125,7555.76904296875,184.8761749267578
2023-05-30,2491.915771484375,3023.811279296875,934.2526245117188,685.6593017578125,793.4893798828125,194.4463806152344,1744.6399381690007,880.2872314453125,1000.4288330078124,783.6221923828125,2489.07470703125,919.2500610351562,1188.42236328125,386.1734313964844,393.050537109375,2128.052978515625,9019.69921875,1042.97607421875,161.29454040527344,135.97677612304688,156.15789794921875,1145.0543212890625,550.7247314453125,930.5244750976562,1155.393397836451,2992.601806640625,976.0737915039062,2766.905517578125,7614.93896484375,186.12472534179688
2023-05-31,2488.82177734375,3070.499755859375,911.7296752929688,684.0982666015625,823.9802856445312,192.018798828125,1730.5294325570057,876.8099365234375,1008.5758056640624,771.22216796875,2499.38134765625,918.4758911132812,1183.4403076171875,382.3966674804688,400.9425659179688,2123.09521484375,9004.6572265625,1047.7449951171875,158.60325622558594,132.59555053710938,155.32763671875,1122.311767578125,549.1620483398438,945.7972412109376,1144.3815360381968,2968.507080078125,991.31396484375,2787.392333984375,7584.197265625,186.6565093994141
2023-06-01,2487.62353515625,3116.41845703125,916.5631713867188,689.055419921875,802.69970703125,183.34312438964844,1723.9457685017512,886.7447509765625,1005.757568359375,767.942626953125,2527.8173828125,905.8475952148438,1184.5174560546875,377.418212890625,384.1632385253906,2125.1650390625,8966.7841796875,1057.471435546875,159.1050262451172,131.52554321289062,154.76303100585938,1119.2900390625,551.9086303710938,957.7730102539062,1141.4351876369637,2999.640380859375,995.9794311523438,2791.34130859375,7557.93701171875,188.2749786376953
2023-06-02,2440.609375,3113.10107421875,922.9412841796876,687.4307861328125,810.9889526367188,183.78086853027344,1715.3484685681656,898.1212158203125,1001.4859619140624,769.1395263671875,2545.432373046875,907.8313598632812,1181.7879638671875,380.5941162109375,385.8948974609375,2150.913818359375,9117.7470703125,1065.7938232421875,159.2418670654297,132.4243621826172,155.82577514648438,1115.6322021484375,556.1231079101562,969.3124389648438,1146.7998677630849,2983.0361328125,998.0231323242188,2825.30419921875,7565.50244140625,187.25765991210935
2023-06-05,2429.529541015625,3077.0390625,947.6068725585938,689.3197021484375,809.0499267578125,182.82574462890625,1720.058246035087,896.7770385742188,1002.5867919921876,768.1341552734375,2525.850341796875,916.1534423828124,1186.7918701171875,378.2336120605469,383.13818359375,2183.40087890625,9210.7470703125,1055.5306396484375,158.8313446044922,133.02357482910156,156.489990234375,1125.6517333984375,556.1231079101562,978.1852416992188,1170.934342836722,2967.965576171875,985.8043823242188,2819.4296875,7595.71435546875,186.9108428955078
2023-06-06,2429.22998046875,3089.5400390625,964.8976440429688,696.2439575195312,804.1539306640625,181.3134765625,1724.5457097991075,903.2249755859376,994.0431518554688,765.740234375,2521.493408203125,911.6536865234376,1163.5927734375,380.0791320800781,389.93548583984375,2192.689208984375,9358.876953125,1049.3065185546875,160.01730346679688,131.52554321289062,156.29074096679688,1126.60595703125,554.3710327148438,983.0821533203124,1185.3857127360484,2916.888671875,965.2769165039062,2844.852783203125,7814.9990234375,184.94554138183597
2023-06-07,2435.119384765625,3101.1279296875,973.4185791015624,692.9163208007812,818.5026245117188,183.62168884277344,1725.2742645070202,910.4520874023438,994.4396362304688,769.7139892578125,2544.96435546875,909.8151245117188,1172.644775390625,381.0661926269531,386.0243225097656,2228.833984375,9331.287109375,1081.3265380859375,161.7963104248047,131.69674682617188,158.88116455078125,1135.148681640625,558.0172729492188,983.8579711914062,1183.2108905067796,2955.33203125,973.6744995117188,2870.029052734375,7861.3037109375,186.263427734375
2023-06-08,2424.738037109375,3089.0595703125,958.8184814453124,686.0801391601562,810.504150390625,181.55226135253903,1736.4131617908693,905.7086791992188,992.41357421875,770.1928100585938,2510.952880859375,907.5894775390624,1167.0499267578125,380.1649169921875,375.4949035644531,2252.705810546875,9284.283203125,1070.7464599609375,166.0841064453125,133.6227569580078,160.508544921875,1135.8302001953125,557.3543701171875,957.0941772460938,1183.3488832583419,2920.6337890625,951.9920654296876,2840.459228515625,7805.9404296875,184.7605743408203
2023-06-09,2446.6982421875,3078.943115234375,971.4254150390624,688.7275390625,808.0803833007812,181.19407653808597,1765.974300046112,909.0982055664062,977.4406127929688,771.1024780273438,2470.0078125,907.7345581054688,1151.72021484375,376.3452758789063,372.6087951660156,2274.556396484375,9254.67578125,1067.0992431640625,166.7683563232422,132.03916931152344,162.66722106933594,1127.787353515625,548.072998046875,954.1366577148438,1167.4651537285886,2896.133056640625,944.6608276367188,2839.71875,7857.11181640625,183.72010803222656
2023-06-12,2480.287353515625,3092.68994140625,970.8773193359376,694.6536254882812,810.843505859375,182.2686004638672,1790.047742966471,910.8222045898438,1003.775634765625,766.4105834960938,2476.80078125,905.7025146484376,1175.3741455078125,375.0577392578125,374.0916748046875,2252.368896484375,9180.32421875,1077.5364990234375,169.41397094726562,132.72398376464844,160.508544921875,1128.7869873046875,548.025634765625,955.5911865234376,1167.609450576076,2930.064208984375,955.0577392578124,2816.369384765625,7900.814453125,182.93402099609372
2023-06-13,2458.077392578125,3158.6142578125,982.4874877929688,701.4114990234375,808.9044799804688,182.2288055419922,1754.254005999693,915.9552612304688,996.4212036132812,767.7031860351562,2507.20458984375,913.0567626953124,1187.1102294921875,382.3108520507813,369.4141540527344,2266.27783203125,9148.65234375,1087.3621826171875,169.09471130371094,133.23757934570312,160.90704345703125,1145.4635009765625,545.8947143554688,958.1609497070312,1163.3900268041994,2927.17626953125,959.1898193359376,2875.508544921875,7975.6923828125,182.910888671875
2023-06-14,2452.687255859375,3165.729248046875,974.3653564453124,694.5704345703125,802.69970703125,182.2288055419922,1693.8936899229216,915.370849609375,1000.4288330078124,766.8654174804688,2528.6142578125,909.4280395507812,1183.061767578125,381.5382995605469,371.1458129882813,2266.90380859375,9163.0693359375,1098.7783203125,170.78245544433594,135.12078857421875,163.72999572753906,1159.549560546875,546.0366821289062,956.8032836914062,1169.0492335845368,2933.809326171875,957.5902709960938,2870.127685546875,8054.71337890625,183.32708740234372
2023-06-15,2481.135498046875,3189.10791015625,973.8171997070312,697.4819946289062,804.3963012695312,181.95025634765625,1716.6220802985065,935.7177734375,1007.2546997070312,757.4337158203125,2520.135009765625,896.6546630859375,1170.68896484375,384.62841796875,364.9456176757813,2272.919677734375,9223.0029296875,1110.25732421875,170.32630920410156,134.94956970214844,163.69679260253906,1159.86767578125,536.5186157226562,958.451904296875,1156.1628257272125,2924.036376953125,961.0560913085938,2871.065673828125,8030.525390625,179.85891723632812
2023-06-16,2505.042236328125,3210.88916015625,978.2021484375,704.9789428710938,812.249267578125,181.91043090820312,1685.0503650110609,957.4575805664062,1011.3062744140624,767.3441162109375,2544.44873046875,904.009033203125,1175.1011962890625,388.9201965332031,369.7027587890625,2278.214111328125,9231.5107421875,1110.3709716796875,171.6947784423828,134.39317321777344,163.69679260253906,1171.159423828125,541.0172119140625,961.9427490234376,1164.957071596932,2886.397705078125,957.2348022460938,2916.77734375,8030.57373046875,176.3213653564453
2023-06-19,2397.038330078125,3203.96728515625,962.3564453125,722.8890991210938,802.8936157226562,180.79611206054688,1680.448390017409,950.4349975585938,1001.9260864257812,768.0144653320312,2534.624755859375,893.316162109375,1177.2393798828125,389.3493347167969,363.1641845703125,2277.781005859375,9162.58984375,1101.9737548828125,169.5508270263672,135.07798767089844,161.47164916992188,1159.5269775390625,538.7442626953125,971.4458618164062,1190.4199706271024,2918.671875,971.8082885742188,2930.89599609375,7968.271484375,175.78958129882812
2023-06-20,2410.41455078125,3212.6796875,971.5250854492188,709.4417724609375,805.8505859375,180.87571716308597,1654.0462737229002,954.7595825195312,1029.318115234375,769.6183471679688,2527.87109375,895.6385498046875,1185.7911376953125,388.70556640625,367.0355529785156,2292.844970703125,9124.2353515625,1109.74267578125,171.0561065673828,134.607177734375,165.22447204589844,1161.9351806640625,537.3710327148438,961.894287109375,1189.0789859879612,2934.39990234375,984.0272216796876,2936.22705078125,7944.03515625,176.87628173828125
2023-06-21,2401.580322265625,3210.163330078125,962.7052001953124,705.267578125,813.4126586914062,181.8308563232422,1613.8645272469398,956.5518188476562,1030.9034423828125,783.0716552734375,2528.34326171875,894.8160400390625,1182.1065673828125,383.7270812988281,367.3440856933594,2304.828857421875,9074.970703125,1106.65087890625,171.0561065673828,137.1324005126953,171.50137329101562,1165.2069091796875,536.3765258789062,961.8458862304688,1196.1719379363606,2962.12841796875,995.1795043945312,2933.3642578125,7942.2041015625,178.2635498046875
2023-06-22,2392.896240234375,3144.287109375,963.3031616210938,688.0277709960938,817.0968017578125,180.63694763183597,1626.6387303718855,954.4187622070312,1024.694091796875,786.9017333984375,2507.32568359375,895.8320922851562,1165.9127197265625,384.24212646484375,365.463134765625,2325.813232421875,9038.63671875,1089.310302734375,168.3192596435547,136.06239318847656,168.41273498535156,1152.1201171875,533.1565551757812,960.2942504882812,1208.1268006712758,2944.218505859375,994.4241943359376,2932.52490234375,7866.2666015625,176.78379821777344
2023-06-23,2229.49365234375,3192.3505859375,955.1311645507812,684.0787353515625,828.7308349609375,179.8011932373047,1644.4678187399386,972.8176879882812,1026.235595703125,786.8538818359375,2495.281982421875,893.6548461914062,1150.85595703125,381.7528991699219,363.96038818359375,2300.112548828125,8965.822265625,1089.50146484375,170.32630920410156,134.3075714111328,166.1211700439453,1142.6915283203125,525.2484130859375,961.4093627929688,1201.8846026931055,2924.08154296875,991.26953125,2901.81982421875,7786.71484375,175.69711303710938
2023-06-26,2291.430908203125,3202.467041015625,957.2738037109376,684.96435546875,825.9677734375,178.52774047851562,1632.0016915044698,982.1096801757812,1028.305419921875,783.0477294921875,2505.200439453125,897.4772338867188,1155.7232666015625,382.568359375,362.8457336425781,2288.5615234375,9103.185546875,1094.0433349609375,168.6841278076172,134.3075714111328,165.0584259033203,1133.9671630859375,527.5687255859375,964.8034057617188,1206.0814287294515,2899.80810546875,988.0703735351562,2934.84521484375,7870.45849609375,176.13641357421875
2023-06-27,2280.301025390625,3219.746826171875,969.9305419921876,686.9756469726562,838.5227661132812,179.20425415039062,1575.0373413672014,978.9928588867188,1030.50732421875,794.083251953125,2504.491943359375,905.8475952148438,1163.729248046875,382.0533142089844,367.1748962402344,2298.668701171875,9094.3408203125,1094.35498046875,169.73330688476562,135.12078857421875,165.755859375,1134.3760986328125,536.1397705078125,971.4458618164062,1206.75059510259,2906.8076171875,995.0018310546876,2937.905517578125,7910.3544921875,176.92251586914062
2023-06-28,2397.637451171875,3241.2861328125,974.8635864257812,693.9194946289062,845.6001586914062,180.87571716308597,1563.7533155417975,995.0153198242188,1030.727294921875,802.4856567382812,2513.843505859375,907.1539916992188,1176.647705078125,385.7013549804688,366.3488464355469,2330.818603515625,9170.9052734375,1099.5203857421875,172.51583862304688,135.72000122070312,166.15438842773438,1149.3939208984375,539.64404296875,990.8397827148438,1208.8447009745964,2923.263427734375,984.6936645507812,2989.640380859375,7960.611328125,176.50636291503906
2023-06-30,2383.713134765625,3254.64501953125,984.08203125,703.7874755859375,851.9503784179688,183.86045837402344,1572.8652481680513,1005.0962524414062,1046.317138671875,814.5745239257812,2529.807373046875,904.3961181640624,1214.99462890625,387.6326599121094,367.5431213378906,2382.8935546875,9409.677734375,1106.781494140625,172.5614471435547,137.218017578125,169.47549438476562,1158.82275390625,542.5325927734375,1019.7369384765624,1196.4183208997017,3002.176025390625,1004.9100952148438,3008.941650390625,7993.47216796875,179.95138549804688
2023-07-03,2381.167724609375,3251.40185546875,978.750244140625,720.7319946289062,852.3381958007812,184.3778076171875,1541.542172105691,993.1549072265624,1040.7242431640625,823.3838500976562,2551.439208984375,912.0891723632812,1213.35693359375,397.6324768066406,367.025634765625,2362.197998046875,9298.1259765625,1094.1278076171875,174.47726440429688,139.44363403320312,166.3868865966797,1188.56298828125,554.4657592773438,1001.4095458984376,1197.2798580984283,2974.947021484375,996.5567626953124,2999.710693359375,8156.38232421875,181.0843048095703
2023-07-04,2383.36328125,3240.75341796875,967.3892211914062,772.572998046875,838.7651977539062,184.4972381591797,1546.0520454276427,1010.7066040039062,1048.651123046875,827.4054565429688,2550.447021484375,914.169677734375,1223.77392578125,400.2933349609375,370.55859375,2369.706298828125,9273.517578125,1093.716796875,177.03172302246094,137.98838806152344,165.7890625,1176.3167724609375,558.0645751953125,1017.0218505859376,1206.0299897953619,3008.176025390625,1020.1500854492188,3035.598876953125,8106.17431640625,183.09585571289065
2023-07-05,2394.792724609375,3266.600341796875,963.2034912109376,770.440185546875,840.219482421875,184.1788482666016,1546.3117795031328,1008.7488403320312,1052.3505859375,801.1211547851562,2603.20361328125,927.0398559570312,1225.72998046875,407.803955078125,371.1856384277344,2378.3212890625,9605.0517578125,1107.0523681640625,176.438720703125,139.35801696777344,168.21347045898438,1174.3856201171875,559.3431396484375,1013.0458984375,1230.9978294370053,3018.267578125,1044.1431884765625,3060.478759765625,8072.92724609375,182.14788818359372
2023-07-06,2398.535888671875,3290.8017578125,977.604248046875,763.3145141601562,843.1279907226562,186.7258453369141,1559.3685795570455,1019.1608276367188,1039.887451171875,801.9349975585938,2604.384033203125,928.3945922851562,1222.63671875,406.7738952636719,373.6636962890625,2395.455322265625,9477.3017578125,1116.69921875,179.49490356445312,141.58363342285156,174.49034118652344,1199.03662109375,561.142578125,1010.9127197265624,1247.9466076850806,3020.948974609375,1047.919921875,3066.94580078125,8104.72900390625,183.21145629882807
2023-07-07,2376.428955078125,3236.881103515625,974.362060546875,749.1710815429688,843.903564453125,186.24827575683597,1562.5488552434256,1009.5571899414062,1019.5855712890624,794.9450073242188,2548.652587890625,915.8147583007812,1210.1728515625,402.052978515625,368.9264831542969,2357.67431640625,9468.5048828125,1107.3568115234375,175.70887756347656,139.95724487304688,169.6747589111328,1196.6964111328125,562.184326171875,1004.318603515625,1286.2357758216829,3026.72216796875,1027.25927734375,3104.068359375,8033.65771484375,183.0496063232422
2023-07-10,2407.037841796875,3236.3486328125,961.7422485351562,740.413818359375,858.3975830078125,186.0492706298828,1542.2047682779182,1004.1903686523438,990.4320068359376,793.0538330078125,2509.40380859375,917.7501220703124,1209.2176513671875,399.8641662597656,371.5936584472656,2347.470703125,9358.97265625,1091.599365234375,174.7509765625,139.31521606445312,166.0547637939453,1242.7947998046875,561.2373046875,1013.3367919921876,1273.1137488873485,2974.62890625,1019.3947143554688,3006.86865234375,8048.01611328125,180.3213348388672
2023-07-11,2419.671142578125,3284.1708984375,950.9182739257812,731.641845703125,864.6994018554688,186.24827575683597,1568.5884543695838,1014.183349609375,981.9765625,789.1998291015625,2535.805908203125,914.41162109375,1226.91259765625,406.1301574707031,371.5339660644531,2381.93115234375,9516.47265625,1104.7509765625,175.52639770507812,140.89883422851562,168.37953186035156,1256.267578125,557.4016723632812,1039.761474609375,1289.0880842796114,2975.03857421875,1032.10205078125,3048.384521484375,8023.4912109375,181.2924041748047
2023-07-12,2384.7177734375,3297.916748046875,947.7258911132812,730.4573974609375,862.808837890625,186.566650390625,1565.7411445114844,1018.7281494140624,978.145263671875,781.8029174804688,2525.556640625,913.87939453125,1212.9932861328125,405.4005737304688,373.8229370117188,2363.06494140625,9454.6162109375,1114.7943115234375,174.0667266845703,143.50965881347656,167.41641235351562,1257.653564453125,558.0645751953125,1046.0643310546875,1292.8590671785448,2963.674072265625,1030.280517578125,3057.17138671875,7921.9189453125,181.199951171875
2023-07-13,2358.902099609375,3289.9794921875,957.8516235351562,734.6493530273438,858.0582275390625,182.9849548339844,1565.743889854637,1009.58935546875,976.6036376953124,785.704833984375,2507.65625,924.814208984375,1241.9237060546875,405.14306640625,372.1509704589844,2358.444091796875,9273.662109375,1103.2259521484375,171.42105102539062,143.6380615234375,161.47164916992188,1246.4073486328125,554.6552124023438,1043.05810546875,1333.2026723397737,3036.995849609375,1044.365234375,3055.43798828125,7934.92822265625,182.33287048339844
2023-07-14,2372.933837890625,3320.18212890625,954.7590942382812,735.4109497070312,859.4640502929688,183.9002685546875,1546.2108430442386,999.6945190429688,1013.7283325195312,787.3325805664062,2528.626708984375,929.0236206054688,1297.2830810546875,405.9155883789063,372.0116271972656,2379.717041015625,9231.462890625,1118.5650634765625,171.01051330566406,144.87925720214844,159.44577026367188,1245.3623046875,553.4713134765625,1040.4400634765625,1318.8528020099307,3195.275390625,1091.818359375,3026.515625,7885.34716796875,187.3038787841797
2023-07-17,2405.34033203125,3349.85302734375,962.5403442382812,738.2219848632812,851.3201904296875,183.2237243652344,1537.3254176533871,1026.7283935546875,1016.1946411132812,803.80224609375,2533.160888671875,937.39404296875,1294.5538330078125,405.4434814453125,377.5948181152344,2376.39599609375,9314.033203125,1115.311767578125,170.1438446044922,142.4396514892578,160.0767822265625,1270.8084716796875,569.2874755859375,1044.94921875,1304.08934492123,3174.41015625,1104.036865234375,3004.62548828125,7951.3115234375,192.0205841064453
2023-07-18,2413.67919921875,3401.20849609375,961.3432006835938,729.2828979492188,848.7510986328125,181.67166137695312,1519.1669272988743,1019.1207885742188,1028.0411376953125,803.1320190429688,2534.19970703125,943.9259643554688,1342.0889892578125,405.57220458984375,376.36077880859375,2382.075439453125,9291.0595703125,1110.7869873046875,170.91932678222656,142.86764526367188,160.17642211914062,1281.600341796875,561.0005493164062,1034.8157958984375,1293.793155868387,3179.092529296875,1108.6134033203125,2967.976806640625,7879.03515625,192.92233276367188
2023-07-19,2420.52001953125,3402.3701171875,961.9916381835938,745.4705810546875,844.1943969726562,181.95025634765625,1516.106388841689,1025.0792236328125,1029.670654296875,806.7706298828125,2523.62060546875,941.9906005859376,1341.8616943359375,411.0227966308594,379.4956970214844,2400.79736328125,9235.2119140625,1109.036865234375,175.66326904296875,142.7392578125,161.57127380371094,1291.3243408203125,569.6189575195312,1049.0704345703125,1256.7437687662327,3154.72802734375,1106.0806884765625,2967.1845703125,8026.67041015625,193.2691192626953
2023-07-20,2416.525390625,3413.357421875,975.5592041015624,746.6401977539062,857.8643188476562,182.86553955078125,1553.0918260520034,1048.23583984375,1026.7833251953125,808.51806640625,2553.516845703125,963.4246826171876,1318.7081298828125,422.4388732910156,389.5075378417969,2396.513916015625,9393.76953125,1112.275634765625,175.9825439453125,143.12445068359375,162.23550415039062,1289.7606201171875,577.7637939453125,1064.3917236328125,1248.0944452573028,3156.778564453125,1113.411865234375,2960.89501953125,7925.43701171875,193.13040161132807
2023-07-21,2413.080078125,3405.322509765625,968.9749145507812,745.1806030273438,858.979248046875,182.2686004638672,1524.4216109292784,1038.20361328125,990.9374389648438,802.2941284179688,2459.7646484375,964.7794799804688,1211.4464111328125,420.9797058105469,392.1548156738281,2489.4501953125,9391.4140625,1111.0477294921875,177.98965454101562,145.99209594726562,162.13584899902344,1249.834716796875,582.5465087890625,1063.9068603515625,1235.5021829535324,3070.1865234375,1089.8388671875,2948.0185546875,7824.298828125,187.14205932617188
2023-07-24,2414.9775390625,3430.491943359375,969.1743774414062,745.1659545898438,861.0637817382812,183.82064819335935,1491.2778446376565,1058.523193359375,988.6721801757812,803.5628662109375,2437.329833984375,959.9411010742188,1215.995361328125,404.5850830078125,377.6346435546875,2507.739013671875,9319.080078125,1103.1944580078125,178.71949768066406,146.3772735595703,164.36099243164062,1224.554931640625,584.9616088867188,1067.058349609375,1238.5507350217297,3094.2958984375,1059.5174560546875,2950.890869140625,7921.2919921875,186.84146118164065
2023-07-25,2463.36279296875,3291.77001953125,960.1959838867188,747.6083374023438,856.700927734375,183.02471923828125,1522.57355178067,1065.1392822265625,987.4728393554688,812.2764282226562,2425.900146484375,962.5538330078124,1214.17578125,396.8170166015625,373.305419921875,2465.049072265625,9380.4072265625,1100.912841796875,183.05288696289065,148.08929443359375,166.81861877441406,1223.767333984375,577.3375854492188,1061.870361328125,1244.9039587396107,3098.306396484375,1054.638671875,3000.2177734375,8088.4423828125,185.1536407470703
2023-07-26,2467.457275390625,3265.2451171875,974.461669921875,730.5753784179688,862.2756958007812,183.4624786376953,1518.7402898153105,1075.0047607421875,990.5377197265624,809.45166015625,2440.21142578125,964.2472534179688,1227.139892578125,405.357666015625,377.24652099609375,2547.20458984375,9378.244140625,1102.2178955078125,183.91958618164065,148.04649353027344,166.718994140625,1243.6563720703125,582.5939331054688,1078.3067626953125,1278.1833703277978,3088.416748046875,1042.5101318359375,2979.763916015625,8048.97998046875,186.2403259277344
2023-07-27,2425.16357421875,3261.760009765625,957.602294921875,715.9258422851562,867.8502807617188,182.30838012695312,1505.2950367463998,1081.159423828125,992.6253051757812,801.04931640625,2427.506103515625,958.2476806640624,1231.0521240234375,399.177490234375,372.9571228027344,2560.632568359375,9375.6015625,1079.2742919921875,184.2388610839844,146.3772735595703,166.51968383789062,1232.0872802734375,583.9197998046875,1100.5614013671875,1295.6229513156475,3096.255859375,1003.0238037109376,2973.573486328125,8023.71337890625,184.94554138183597
2023-07-28,2459.91748046875,3282.379638671875,947.676025390625,725.5087280273438,867.8018188476562,180.75636291503903,1527.7266790121707,1096.080078125,980.3658447265624,786.8538818359375,2441.439208984375,964.0053100585938,1219.5433349609375,402.0959167480469,373.5741271972656,2550.381103515625,9295.529296875,1086.7965087890625,191.5828857421875,147.06210327148438,171.50137329101562,1244.4686279296875,583.4462890625,1107.957275390625,1285.7942856842376,3058.42822265625,994.9534301757812,2958.61669921875,8041.62255859375,184.390625
2023-07-31,2488.878662109375,3269.456298828125,951.6165771484376,717.5181274414062,862.7604370117188,182.4675750732422,1515.534096852515,1107.35888671875,992.0479125976562,790.5403442382812,2418.9580078125,966.0374755859376,1233.3719482421875,399.73541259765625,369.5335388183594,2580.990966796875,9440.1494140625,1090.296630859375,199.2005920410156,151.55612182617188,176.7154998779297,1255.00390625,587.3766479492188,1112.6768798828125,1270.3671462853638,3118.632080078125,1017.2498168945312,2975.505126953125,8052.6591796875,187.3038787841797
2023-08-01,2477.793701171875,3236.155029296875,957.602294921875,714.5104370117188,864.4569702148438,191.30245971679688,1554.966793448036,1112.5811767578125,1011.4144897460938,795.8306884765625,2409.794677734375,962.40869140625,1242.0145263671875,398.9629211425781,368.2297973632813,2566.8408203125,9340.1796875,1092.2496337890625,205.4042205810547,151.25653076171875,167.25035095214844,1237.2562255859375,579.468505859375,1112.7254638671875,1279.5436205398464,3146.524658203125,1042.7835693359375,2973.375,8017.46875,188.1824951171875
2023-08-02,2470.253662109375,3255.468017578125,942.9872436523438,707.9990234375,851.3201904296875,186.68603515625,1570.241640886707,1111.285400390625,1004.6627197265624,785.4175415039062,2426.656005859375,955.0543212890624,1234.4180908203125,394.92864990234375,362.9949951171875,2552.724853515625,9279.6689453125,1106.20166015625,199.88482666015625,150.61451721191406,165.09164428710938,1224.0380859375,566.7777099609375,1104.745849609375,1256.8227561186443,3136.133056640625,1044.744384765625,2948.8603515625,8023.1806640625,186.263427734375
2023-08-03,2529.22509765625,3229.76611328125,933.3104858398438,698.652099609375,845.115478515625,183.10433959960935,1560.2528026359175,1111.098876953125,999.865478515625,779.7442626953125,2409.9833984375,933.8136596679688,1241.196044921875,391.4523010253906,362.9054260253906,2529.311767578125,9260.166015625,1086.5501708984375,200.797119140625,147.31887817382812,165.19126892089844,1218.893310546875,559.2484741210938,1110.34130859375,1289.6214241541932,3099.035400390625,1042.1453857421875,2874.523681640625,7876.46728515625,184.8068084716797
2023-08-04,2538.41259765625,3232.96044921875,949.9705200195312,702.6178588867188,862.5180053710938,186.0492706298828,1608.2160182453847,1109.1455078125,1016.611328125,791.0191650390625,2404.97705078125,939.1359252929688,1253.978271484375,390.5080871582031,366.24212646484375,2557.348876953125,9189.044921875,1085.5203857421875,198.8356475830078,148.38890075683594,164.29458618164062,1235.45947265625,542.958740234375,1108.346435546875,1311.3725909850025,3138.777099609375,1071.6915283203125,2876.8017578125,7897.765625,189.06109619140625
2023-08-07,2547.10107421875,3236.20361328125,945.1321411132812,700.0083618164062,864.2146606445312,185.4125213623047,1595.3788640888213,1105.44482421875,1022.3414916992188,790.5642700195312,2426.892333984375,944.1195068359376,1267.3062744140625,390.4652099609375,364.857666015625,2566.110595703125,9240.8583984375,1085.7520751953125,198.8356475830078,148.04649353027344,164.69309997558594,1242.49951171875,537.8446044921875,1129.609375,1303.368886263116,3175.6923828125,1079.3974609375,2877.0,7914.51318359375,190.12466430664065
2023-08-08,2471.252197265625,3241.092041015625,950.6190185546876,705.0652465820312,858.3975830078125,183.26351928710935,1612.4840437105536,1110.7945556640625,1013.9461669921876,789.91796875,2423.727783203125,948.2321166992188,1264.7589111328125,388.2763977050781,364.1504821777344,2562.508544921875,9259.05078125,1074.6309814453125,198.47073364257807,148.38890075683594,163.54188537597656,1235.016357421875,542.769287109375,1117.7857666015625,1273.272947252768,3163.432861328125,1099.231689453125,2893.49169921875,7896.5068359375,192.52926635742188
2023-08-09,2503.759033203125,3224.587158203125,947.7258911132812,700.3228149414062,856.7494506835938,186.84523010253903,1619.8018683626228,1152.62158203125,1016.43359375,790.2052001953125,2410.833740234375,949.0126953125,1268.5799560546875,393.68402099609375,364.8476867675781,2581.395263671875,9181.9609375,1074.106689453125,199.5198974609375,151.42771911621094,162.76312255859375,1243.1639404296875,543.3849487304688,1121.82421875,1297.882091305387,3156.0498046875,1119.8411865234375,2927.8125,7852.3623046875,193.1997528076172
2023-08-10,2548.99853515625,3134.4609375,937.50048828125,702.1411743164062,848.1207885742188,186.964599609375,1649.9160957591127,1148.724609375,1007.6832885742188,783.1913452148438,2396.192138671875,940.6220703125,1263.7579345703125,387.7613830566406,358.7420349121094,2573.509521484375,9118.40625,1063.052734375,198.3339080810547,152.92575073242188,163.74505615234375,1248.702392578125,543.290283203125,1119.3916015625,1296.3162148248302,3137.455322265625,1126.954345703125,2960.152099609375,7843.6015625,193.59283447265625
2023-08-11,2536.115966796875,3083.590087890625,934.95654296875,693.9588012695312,847.8773803710938,186.964599609375,1686.6513361803115,1143.197998046875,1040.6864013671875,775.0283813476562,2363.2255859375,929.64599609375,1248.0645751953125,385.1863098144531,356.8694763183594,2568.64208984375,9078.8671875,1055.929443359375,197.03880310058597,151.6845245361328,165.4380340576172,1253.969970703125,543.7638549804688,1101.923828125,1319.2471611752896,3143.562255859375,1112.9560546875,2988.579345703125,7873.3701171875,191.00326538085935
2023-08-14,2452.726806640625,3100.28857421875,937.699951171875,689.7767944335938,844.468505859375,186.16868591308597,1688.0411940171725,1143.2667236328125,1040.2864990234375,771.2461547851562,2392.7919921875,936.1829223632812,1267.806640625,385.5725708007813,357.3973999023437,2589.475341796875,9044.7138671875,1058.6898193359375,197.03880310058597,152.3693084716797,165.573486328125,1268.7884521484375,531.1202392578125,1103.772705078125,1290.9065323499565,3144.51904296875,1112.31787109375,2982.042236328125,7797.22998046875,191.97434997558597
2023-08-16,2441.841552734375,3092.01220703125,930.81640625,686.1844482421875,834.631591796875,185.4921417236328,1671.142573785231,1150.039794921875,1045.750244140625,768.995849609375,2411.2119140625,933.2071533203124,1290.5052490234375,386.4738159179688,355.8236083984375,2619.800537109375,9139.705078125,1061.0296630859375,201.1553497314453,153.26815795898438,167.9774932861328,1267.7545166015625,535.4295043945312,1112.920166015625,1280.714738465251,3152.312744140625,1119.7042236328125,2982.488037109375,7988.52392578125,193.59283447265625
2023-08-17,2476.395263671875,3081.55712890625,934.3080444335938,680.4592895507812,834.3881225585938,184.89517211914065,1682.4689738339716,1154.51611328125,1045.3505859375,764.73486328125,2402.37939453125,928.475341796875,1284.1824951171875,378.5340881347656,351.7398986816406,2582.271484375,9096.76953125,1047.4720458984375,199.58273315429688,152.15528869628906,165.0316925048828,1249.465576171875,541.86962890625,1114.039306640625,1281.2948153072498,3131.667236328125,1123.2608642578125,3042.561767578125,7945.39453125,193.08416748046875
2023-08-18,2573.965087890625,3062.486328125,940.7925415039062,674.4490966796875,833.9498291015625,184.206787109375,1667.374524645676,1153.2989501953125,1042.6854248046875,761.5989379882812,2413.24267578125,927.4996337890624,1263.4852294921875,379.0920104980469,348.7716979980469,2572.000732421875,9175.1201171875,1055.3302001953125,199.02767944335935,150.48138427734375,163.20327758789062,1258.7208251953125,542.6273193359375,1104.4052734375,1282.6168302865503,3069.09326171875,1104.156005859375,3021.464111328125,7952.6552734375,190.37901306152344
2023-08-21,2636.232177734375,3080.63720703125,950.3197021484376,692.7401733398438,849.2409057617188,186.35296630859372,1715.2062428633803,1160.4451904296875,1047.61572265625,761.00048828125,2420.799560546875,931.9388427734376,1278.58740234375,384.3708801269531,350.67413330078125,2591.76318359375,9158.3828125,1065.2088623046875,202.40419006347656,151.125244140625,167.40187072753906,1244.986328125,541.4434204101562,1106.8380126953125,1275.126293244376,3100.585205078125,1111.4970703125,3049.04931640625,7956.96337890625,191.72003173828125
2023-08-22,2694.454345703125,3078.120361328125,954.7590942382812,694.8778686523438,854.79248046875,186.87939453125,1719.1082415774883,1163.3310546875,1047.8380126953125,757.7448120117188,2423.680419921875,928.8167724609376,1277.086181640625,389.9072570800781,351.2219543457031,2607.874755859375,9209.9052734375,1064.802978515625,205.0868682861328,151.21104431152344,167.80819702148438,1244.6898193359375,538.412841796875,1106.9840087890625,1286.6697287496038,3082.810546875,1106.344482421875,3046.375244140625,7941.66796875,192.87608337402344
2023-08-23,2526.927978515625,3067.568603515625,976.9058837890624,699.4481811523438,845.5399169921875,187.0008544921875,1711.0769542712476,1168.7889404296875,1050.5030517578125,759.6119995117188,2431.473388671875,943.3051147460938,1280.9071044921875,386.6455383300781,354.5984802246094,2645.647705078125,9315.716796875,1072.4024658203125,205.0868682861328,150.65310668945312,169.0271453857422,1246.0733642578125,546.3682861328125,1093.50634765625,1268.2545752451947,3097.48583984375,1095.21923828125,3040.828125,7901.39599609375,192.0205841064453
2023-08-24,2536.16552734375,3122.553955078125,979.0008544921876,701.5121459960938,846.8060302734375,185.66456604003903,1716.114214279978,1159.7188720703125,1040.5086669921875,756.1170043945312,2438.27490234375,945.3539428710938,1295.1451416015625,387.0317993164063,354.7778015136719,2616.977294921875,9289.275390625,1075.387451171875,204.3005523681641,148.5928955078125,166.79241943359375,1225.1258544921875,546.4155883789062,1088.2513427734375,1266.2358091435576,3087.91552734375,1093.486572265625,3032.111572265625,7949.31640625,190.8414306640625
2023-08-25,2492.424072265625,3155.177490234375,980.7466430664062,708.790283203125,850.75048828125,184.4092559814453,1685.0130363639964,1134.6087646484375,1025.1400146484375,747.594970703125,2421.555419921875,946.7686767578124,1291.9610595703125,380.5511779785156,354.35943603515625,2568.544677734375,9223.2958984375,1072.6610107421875,201.57162475585935,149.96633911132812,163.88047790527344,1219.4691162109375,539.7860717773438,1076.57373046875,1268.8308285440112,3082.0361328125,1084.732177734375,3038.0546875,7813.8330078125,189.4541778564453
2023-08-28,2469.155029296875,3155.564697265625,987.8296508789062,711.158935546875,847.6825561523438,185.8265686035156,1663.1080221993236,1133.951171875,1018.4769897460938,755.3749389648438,2414.139892578125,946.9149780273438,1287.9124755859375,378.87744140625,356.6503295898437,2623.987060546875,9312.5615234375,1065.2137451171875,202.3116912841797,150.3955535888672,168.28224182128906,1207.315673828125,542.5325927734375,1086.986328125,1278.3951213905875,3076.794921875,1080.4005126953125,3019.58203125,7858.55810546875,188.69114685058597
2023-08-29,2503.109619140625,3180.73388671875,978.3524169921876,716.8349609375,832.9271240234375,186.23146057128903,1691.6501727133245,1123.72265625,1028.3380126953125,761.3834838867188,2386.226806640625,944.1832275390624,1289.7320556640625,377.7615356445313,355.2060546875,2646.962158203125,9335.412109375,1066.593994140625,204.53184509277344,150.8247833251953,170.07679748535156,1195.755126953125,544.4266967773438,1081.7313232421875,1291.5560009586945,3077.341796875,1092.4835205078125,3050.138671875,7937.98974609375,188.7142791748047
2023-08-30,2509.751220703125,3189.4462890625,980.99609375,714.3532104492188,835.4107055664062,185.25961303710935,1676.9571749676943,1109.184814453125,1039.8424072265625,755.8297729492188,2391.70556640625,935.5487670898438,1305.6529541015625,380.0791320800781,353.5726013183594,2637.275390625,9505.3603515625,1073.14453125,203.88427734375,150.86769104003906,167.33416748046875,1194.6187744140625,537.3710327148438,1084.942626953125,1272.065272104604,3090.832275390625,1091.75390625,3052.912109375,8002.12451171875,188.29812622070312
2023-08-31,2416.026123046875,3152.079833984375,971.169677734375,704.0233154296875,834.0958862304688,186.3124847412109,1653.4306018437105,1100.958740234375,1041.3082275390625,752.3587036132812,2366.295654296875,935.40234375,1305.92578125,377.418212890625,350.3554077148437,2631.142333984375,9706.59765625,1062.890869140625,203.7917633056641,149.49423217773438,165.60733032226562,1189.15966796875,531.6411743164062,1081.7313232421875,1245.7790944783828,3059.704833984375,1096.08544921875,3074.950927734375,8032.61962890625,188.8530120849609
2023-09-01,2446.78515625,3155.419677734375,988.7774047851562,719.5133056640625,843.3971557617188,191.8601226806641,1666.4068954774368,1095.2064208984375,1053.434814453125,753.9147338867188,2366.0595703125,945.1099853515624,1313.5679931640625,378.5769653320313,352.81561279296875,2630.55810546875,10024.318359375,1059.4656982421875,213.41244506835935,156.0182342529297,170.78781127929688,1191.950927734375,539.4072265625,1079.2012939453125,1268.516627539745,3080.122314453125,1119.886962890625,3087.18359375,7998.6884765625,192.52926635742188
2023-09-04,2467.307861328125,3132.186279296875,979.8987426757812,714.5646362304688,842.7640991210938,200.68780517578125,1694.6601557601255,1111.089111328125,1094.9215087890625,758.630615234375,2362.847412109375,943.7928466796876,1332.9005126953125,375.5298461914063,351.04266357421875,2639.31982421875,10054.5927734375,1050.8922119140625,218.1302947998047,157.04830932617188,172.9548797607422,1190.9874267578125,545.0896606445312,1079.1038818359375,1274.8567330345834,3115.944091796875,1146.0589599609375,3070.84033203125,8308.619140625,200.73724365234372
2023-09-05,2490.726318359375,3120.327392578125,979.1006469726562,721.9212646484375,843.3484497070312,206.8024139404297,1712.2805513061587,1095.275146484375,1097.63134765625,754.010498046875,2368.1845703125,944.8174438476562,1345.4552001953125,380.3366394042969,352.8056335449219,2660.591064453125,9957.22265625,1061.346435546875,217.0202178955078,157.1770782470703,172.20997619628906,1197.36083984375,542.6746215820312,1101.48583984375,1262.1806711146376,3125.833984375,1144.0528564453125,3106.349365234375,8184.99560546875,199.69679260253903
2023-09-06,2493.1728515625,3122.263671875,962.7399291992188,726.1181030273438,857.3734741210938,207.16683959960935,1736.7407418915316,1096.1390380859375,1097.8978271484375,763.873046875,2383.723388671875,934.182861328125,1344.135986328125,384.0704040527344,352.65625,2658.157470703125,9876.4462890625,1063.74658203125,214.52252197265625,157.13418579101562,172.34539794921875,1199.8802490234375,540.3069458007812,1111.6549072265625,1290.0977889609942,3126.3349609375,1138.9459228515625,3145.87060546875,8264.9111328125,198.5176239013672
2023-09-07,2506.15576171875,3142.64111328125,975.8584594726562,723.7002563476562,852.503662109375,221.9066467285156,1719.2741303529433,1102.3919677734375,1114.0218505859375,771.22216796875,2368.5625,942.1343383789062,1333.901123046875,382.739990234375,356.3813781738281,2771.03759765625,9975.3193359375,1058.53515625,216.5576629638672,156.0182342529297,174.03836059570312,1201.5106201171875,548.4044189453125,1102.60498046875,1292.6589251954153,3149.44140625,1157.4578857421875,3142.6513671875,8224.0087890625,200.1592254638672
2023-09-08,2515.94287109375,3134.606201171875,977.9533081054688,728.3638916015625,862.7788696289062,228.46665954589844,1686.3693418120854,1096.2371826171875,1121.1729736328125,777.230712890625,2374.56103515625,946.9149780273438,1336.994384765625,379.9503479003906,357.21807861328125,2824.7763671875,10025.046875,1057.9041748046875,222.246826171875,158.33596801757812,175.15573120117188,1209.51416015625,552.5715942382812,1100.07470703125,1314.4587196542068,3137.27294921875,1151.7127685546875,3168.70166015625,8161.470703125,198.84130859375
2023-09-11,2611.46533203125,3155.274169921875,998.0053100585938,726.4964599609375,867.5999755859375,225.91554260253903,1722.479094235568,1102.126953125,1138.49658203125,781.2523803710938,2395.767333984375,954.4274291992188,1343.2264404296875,383.85589599609375,360.1464233398437,2817.572021484375,10220.900390625,1069.6903076171875,224.8832550048828,157.43463134765625,179.1173095703125,1222.556884765625,560.385009765625,1106.3516845703125,1316.189524070743,3172.5927734375,1157.093017578125,3182.7666015625,8191.62744140625,201.0840606689453
2023-09-12,2532.321044921875,3152.805908203125,998.5040283203124,730.3935546875,867.21044921875,219.2745056152344,1715.4455168373672,1113.906494140625,1139.2515869140625,783.6940307617188,2360.43896484375,966.379150390625,1365.6522216796875,387.2463684082031,360.8038024902344,2866.151123046875,10191.548828125,1078.909423828125,217.48275756835935,155.28855895996094,172.7291259765625,1204.8948974609375,557.2122192382812,1114.477294921875,1354.8358164356193,3263.879150390625,1154.494140625,3155.52783203125,8298.068359375,201.15342712402344
2023-09-13,2515.54296875,3173.038330078125,1012.0216674804688,734.777099609375,891.3157958984375,226.4824066162109,1710.1426076685236,1126.687255859375,1132.899658203125,787.04541015625,2367.71240234375,965.6962280273438,1363.1502685546875,389.2634887695313,363.4731750488281,2829.78955078125,10162.2470703125,1072.240478515625,219.37913513183597,157.86383056640625,174.44467163085938,1210.922119140625,564.8836059570312,1117.883056640625,1388.7265477335184,3252.075439453125,1149.3873291015625,3232.1923828125,8360.7021484375,201.4771270751953
2023-09-14,2516.442138671875,3136.736083984375,1018.4561767578124,736.5855712890625,891.1210327148438,224.7816925048828,1742.5751016917834,1127.8160400390625,1140.3175048828125,786.5665893554688,2362.281005859375,963.6473999023438,1370.97412109375,386.2163391113281,362.8656005859375,2841.325927734375,10176.55859375,1086.641845703125,220.1191864013672,161.29751586914062,176.2053680419922,1212.0338134765625,565.6885986328125,1113.066162109375,1384.4694732559658,3244.965576171875,1167.124267578125,3230.360107421875,8410.65625,201.8239288330078
2023-09-15,2536.665283203125,3094.529052734375,1024.6912841796875,736.379150390625,911.7689208984376,226.1989898681641,1756.7275729176906,1142.510986328125,1158.973388671875,795.5913696289062,2332.903564453125,968.2816772460938,1375.2047119140625,384.8429870605469,361.3416748046875,2831.5419921875,10212.5556640625,1093.63232421875,218.50030517578125,160.22447204589844,175.25732421875,1214.28173828125,567.1091918945312,1118.9049072265625,1403.7705705239546,3279.83056640625,1185.5452880859375,3217.731201171875,8449.7666015625,203.9510498046875
2023-09-18,2499.114990234375,3103.870849609375,1022.2970581054688,741.9274291992188,896.2343139648438,227.7782287597656,1768.533928108365,1124.5472412109375,1159.3287353515625,779.9357299804688,2350.803466796875,966.0865478515624,1357.1912841796875,388.0188598632813,358.2440185546875,2842.542724609375,10209.4990234375,1103.1605224609375,223.1256103515625,160.31031799316406,180.67483520507807,1203.709228515625,571.9866333007812,1116.8126220703125,1416.9208612333555,3286.985107421875,1176.197998046875,3307.76708984375,8352.619140625,201.6620941162109
2023-09-20,2467.0078125,3111.663818359375,1024.8409423828125,740.97900390625,886.981689453125,230.24835205078125,1823.0942322851263,1102.372314453125,1149.023681640625,748.6482543945312,2330.21142578125,963.1107177734376,1355.7811279296875,388.7914123535156,356.4710693359375,2813.483154296875,10039.3583984375,1096.43359375,223.6344146728516,161.55502319335938,184.78314208984372,1176.8826904296875,569.2874755859375,1122.164794921875,1444.6018090123812,3286.89453125,1162.1087646484375,3275.229248046875,8188.1904296875,198.88755798339844
2023-09-21,2475.946044921875,3140.559814453125,1012.0216674804688,735.5928344726562,894.0428466796875,227.13034057617188,1807.5946150267437,1112.865966796875,1135.3426513671875,743.6929931640625,2336.351318359375,935.93896484375,1366.24365234375,384.1134033203125,349.74786376953125,2822.585693359375,9978.763671875,1089.3394775390625,221.0442352294922,160.2674102783203,182.0292510986328,1168.31103515625,557.0228881835938,1115.35302734375,1425.9543308428113,3267.981201171875,1177.8848876953125,3273.099853515625,8048.205078125,198.35577392578125
2023-09-22,2461.614990234375,3170.23095703125,1015.8125610351562,734.3298950195312,887.6635131835938,229.47897338867188,1831.6841308455914,1083.1324462890625,1131.5228271484375,732.3462524414062,2344.947021484375,927.1580810546876,1361.1488037109375,380.3366394042969,349.897216796875,2841.228759765625,10222.1630859375,1089.2911376953125,220.1191864013672,158.89395141601562,179.81704711914062,1163.4447021484375,566.4935913085938,1101.923828125,1440.1240182998204,3284.706787109375,1190.37841796875,3243.385009765625,7926.08154296875,193.52346801757807
2023-09-25,2478.792236328125,3217.08447265625,1016.5109252929688,768.58251953125,886.6895751953125,233.285400390625,1833.8289806224948,1067.7603759765625,1122.41650390625,732.9925537109375,2338.712646484375,933.060791015625,1341.1339111328125,379.9074401855469,355.4650573730469,2825.65234375,10273.6357421875,1094.4276123046875,221.69178771972656,159.23731994628906,179.59132385253906,1156.2811279296875,562.6105346679688,1093.8468017578125,1461.9596723472346,3260.552490234375,1184.9979248046875,3252.7451171875,7944.28173828125,191.48880004882807
2023-09-26,2454.67431640625,3187.607421875,1011.7223510742188,773.5755615234375,888.9296264648438,232.2325592041016,1841.3677132831594,1073.4537353515625,1120.6400146484375,736.1763916015625,2341.64111328125,925.59716796875,1328.85205078125,379.7786865234375,351.421142578125,2835.436279296875,10243.0234375,1112.1597900390625,222.20057678222656,161.1687774658203,179.0947265625,1157.2939453125,562.9420776367188,1095.598388671875,1427.2993575455732,3268.345703125,1169.3585205078125,3231.59814453125,7966.2578125,190.93389892578125
2023-09-27,2479.990478515625,3196.320068359375,1022.7459106445312,770.3223266601562,896.282958984375,236.1199951171875,1881.5038136724922,1079.0882568359375,1120.3292236328125,731.0056762695312,2363.17822265625,920.1334228515624,1334.6290283203125,385.5296630859375,351.6303100585937,2886.546142578125,10363.435546875,1105.751953125,221.3679962158203,160.7395477294922,179.99766540527344,1170.336669921875,558.5381469726562,1109.3194580078125,1404.6186390473986,3271.626953125,1175.1492919921875,3184.004638671875,7998.97900390625,192.20556640625
2023-09-28,2471.951171875,3069.0693359375,1028.4322509765625,760.63623046875,901.5423583984376,235.0266571044922,1895.512894720713,1065.86572265625,1103.272705078125,729.49755859375,2324.0712890625,919.6455688476562,1309.56494140625,378.3194885253906,345.26568603515625,2930.305908203125,10251.462890625,1089.57861328125,219.28662109375,160.91123962402344,181.26174926757807,1153.14404296875,558.7275390625,1101.8751220703125,1365.9974465045561,3223.72802734375,1121.208984375,3127.249267578125,7894.0869140625,187.442626953125
2023-09-29,2410.682861328125,3060.06640625,1034.21826171875,767.688232421875,902.2728271484376,239.0760498046875,1910.432583511951,1096.865478515625,1096.96484375,730.7423706054688,2329.03076171875,928.7191772460938,1305.92578125,381.4524841308594,345.763671875,2943.497314453125,10295.3701171875,1088.053466796875,227.149658203125,164.6883087158203,180.35882568359372,1158.529052734375,566.8723754882812,1127.5172119140625,1361.424288601796,3216.299560546875,1115.0992431640625,3118.87939453125,7991.37890625,187.76632690429688
2023-10-03,2384.068603515625,3065.680908203125,1038.5579833984375,783.1043701171875,901.201416015625,236.4034576416016,1939.7777666608986,1072.265869140625,1100.429443359375,722.0048828125,2332.147705078125,917.4016723632812,1304.606689453125,377.4611511230469,344.04052734375,2991.88134765625,10039.5048828125,1078.7884521484375,223.1256103515625,158.46473693847656,180.17823791503903,1145.263916015625,571.03955078125,1110.779296875,1375.5529317370897,3202.85498046875,1109.080322265625,3165.878662109375,8039.83251953125,187.4888610839844
2023-10-04,2461.6650390625,3068.633544921875,993.1668701171876,771.9440307617188,900.1787719726562,233.2044219970703,1930.7254295966745,1063.6474609375,1101.1846923828125,732.29833984375,2368.940185546875,907.4012451171876,1314.0228271484375,374.328125,343.0445251464844,2947.586181640625,9828.9013671875,1111.2242431640625,217.5290069580078,156.87664794921875,179.68161010742188,1143.2877197265625,555.223388671875,1093.603515625,1405.0271871381797,3224.63916015625,1098.8670654296875,3136.559814453125,7861.65625,187.2345123291016
2023-10-05,2463.063232421875,3103.822021484375,1000.8484497070312,771.6343994140625,904.6589965820312,234.3382568359375,1909.1261198677776,1061.575927734375,1097.542236328125,735.2667236328125,2379.992431640625,917.938232421875,1331.3992919921875,374.28521728515625,345.4748229980469,3014.07763671875,9906.8173828125,1107.9613037109375,216.326416015625,156.4044952392578,177.51461791992188,1143.26318359375,560.8111572265625,1089.02978515625,1407.0054740978912,3271.672119140625,1099.4139404296875,3185.93603515625,7916.44970703125,188.11312866210935
2023-10-06,2474.7978515625,3093.65771484375,998.553955078125,802.85498046875,901.9319458007812,233.08294677734372,1882.3972034946196,1065.0411376953125,1099.5408935546875,734.4528198242188,2360.958251953125,922.1823120117188,1345.2734375,379.5212097167969,347.39715576171875,3011.7900390625,9995.9853515625,1107.6494140625,217.8990020751953,155.76068115234375,177.92092895507812,1145.18994140625,562.7999877929688,1097.0096435546875,1439.6705711868851,3300.8857421875,1109.7188720703125,3278.300048828125,7933.87548828125,188.5986785888672
2023-10-09,2439.344970703125,3052.079833984375,993.8651733398438,789.0114135742188,900.4710083007812,233.08294677734372,1832.4888876312118,1078.774169921875,1110.1129150390625,725.9307250976562,2372.19921875,915.7430419921876,1342.3165283203125,378.06201171875,342.4966735839844,2993.292724609375,9940.4375,1106.1798095703125,217.1127166748047,155.97531127929688,177.19859313964844,1135.4324951171875,554.1342163085938,1092.87353515625,1412.933539725771,3316.3359375,1105.843017578125,3236.451416015625,7851.24951171875,187.5582275390625
2023-10-10,2494.970703125,3050.8212890625,1009.8268432617188,794.505615234375,923.651123046875,245.59555053710935,1886.17619367326,1075.573974609375,1120.951171875,730.0481567382812,2376.827880859375,928.0362548828124,1360.239013671875,381.4524841308594,349.8275146484375,2994.55859375,10066.7705078125,1110.346923828125,218.2227783203125,157.52047729492188,178.7335662841797,1140.447021484375,560.337646484375,1096.2308349609375,1380.494219000884,3307.72216796875,1119.613037109375,3238.13525390625,7897.91064453125,188.55242919921875
2023-10-11,2485.28369140625,3062.824951171875,1016.6605224609376,796.3091430664062,930.7122802734376,244.46173095703125,1858.2640205325704,1093.0567626953125,1106.559326171875,737.1099853515625,2414.80126953125,929.889892578125,1359.556640625,384.7571716308594,352.8753356933594,3006.92236328125,10102.767578125,1121.6591796875,220.81298828125,157.3058624267578,179.23016357421875,1158.5537109375,557.2122192382812,1098.4205322265625,1379.9564003900673,3290.40380859375,1123.1240234375,3249.327880859375,8076.7158203125,194.74888610839844
2023-10-12,2503.010009765625,3058.1787109375,1016.0120849609376,787.6943359375,925.5990600585938,248.7946014404297,1853.2791829578623,1085.7142333984375,1087.1483154296875,742.017333984375,2415.367919921875,931.011962890625,1333.264404296875,386.860107421875,351.3713073730469,3000.15625,10266.552734375,1115.5244140625,223.4956817626953,158.33596801757812,181.26174926757807,1160.7027587890625,555.0339965820312,1100.0263671875,1387.8485055868089,3229.014892578125,1093.1673583984375,3253.78515625,8085.1865234375,192.87608337402344
2023-10-13,2451.27880859375,3048.207763671875,991.6704711914062,791.3652954101562,929.3487548828124,249.4019927978516,1846.8850963631871,1071.9715576171875,1115.70947265625,735.2667236328125,2427.128173828125,928.1337890625,1302.013916015625,384.8429870605469,351.0027770996094,3007.798583984375,10408.845703125,1138.6905517578125,223.9119415283203,158.72225952148438,182.20982360839844,1160.6534423828125,545.6578979492188,1114.5257568359375,1387.747268661455,3254.809814453125,1088.9268798828125,3252.546875,8101.88525390625,190.07843017578125
2023-10-16,2426.11279296875,3012.6318359375,1002.3947143554688,789.8271484375,921.8980102539062,252.6820373535156,1855.4753255828064,1078.4305419921875,1128.8131103515625,732.3223266601562,2416.595947265625,928.2313842773438,1304.7430419921875,385.3579711914063,348.5625305175781,3019.77294921875,10386.48046875,1117.1390380859375,225.2070159912109,160.138671875,183.3385009765625,1158.059814453125,545.1843872070312,1104.794677734375,1349.0624460793495,3212.152099609375,1080.2635498046875,3270.029052734375,8027.537109375,189.68536376953125
2023-10-17,2425.16357421875,3014.083740234375,1005.6369018554688,795.4295043945312,928.8131713867188,257.0552978515625,1877.2841236741644,1088.4429931640625,1134.587646484375,737.8759765625,2414.56494140625,930.6705322265624,1312.29443359375,389.2205810546875,352.9052124023437,2985.115478515625,10431.404296875,1127.6173095703125,227.5196990966797,159.881103515625,187.0404510498047,1163.593017578125,545.9420166015625,1106.2542724609375,1347.9095864497037,3196.656494140625,1092.11865234375,3277.012451171875,8036.44384765625,190.2402801513672
2023-10-18,2403.14306640625,2997.530029296875,990.4733276367188,773.172607421875,928.033935546875,256.6909484863281,1900.527193010331,1114.6229248046875,1127.7469482421875,727.6064453125,2407.1025390625,920.7676391601562,1310.565673828125,387.6755676269531,349.28961181640625,2964.96337890625,10467.9365234375,1124.603271484375,223.8656768798828,160.48202514648438,186.4535369873047,1148.1541748046875,542.3432006835938,1122.408203125,1324.2640201209622,3178.60888671875,1082.54345703125,3251.556640625,8014.08056640625,188.4137115478516
2023-10-19,2398.998779296875,3002.709228515625,989.0267944335938,770.7154541015625,918.3917846679688,254.9496612548828,1885.9483214035852,1105.4840087890625,1125.881591796875,725.3082885742188,2406.960693359375,912.9625244140624,1304.28857421875,386.60260009765625,346.3114624023437,2973.530517578125,10451.6845703125,1166.6326904296875,221.5530242919922,159.92404174804688,185.82151794433597,1139.33544921875,540.9698486328125,1110.827880859375,1337.1196646976223,3157.95556640625,1068.91015625,3253.438232421875,8246.662109375,182.79525756835935
2023-10-20,2390.56005859375,3006.6298828125,978.0032958984376,763.6044311523438,920.5831909179688,253.0059509277344,1882.3007883121109,1093.390380859375,1128.796142578125,729.066650390625,2356.943603515625,910.0355834960938,1298.4656982421875,376.2165222167969,352.5168151855469,2932.59375,10407.0029296875,1173.756103515625,222.9406280517578,159.83822631835938,183.1578826904297,1135.8525390625,533.2985229492188,1111.509033203125,1344.4412905285667,3193.5048828125,1067.587890625,3235.16357421875,8190.99755859375,181.199951171875
2023-10-23,2305.573486328125,2973.861083984375,961.9916381835938,766.5234985351562,914.8368530273438,247.90374755859372,1890.4052061674454,1089.9842529296875,1109.1102294921875,721.0474243164062,2345.939208984375,907.3037109375,1281.5440673828125,374.1564636230469,346.7696533203125,2879.97509765625,10240.1123046875,1169.794189453125,218.82408142089844,158.6793212890625,180.35882568359372,1118.1163330078125,523.685791015625,1092.2896728515625,1327.5473985353171,3116.3759765625,1054.1370849609375,3189.1552734375,8059.5322265625,177.17686462402344
2023-10-25,2253.991943359375,2963.018798828125,953.1629028320312,756.2575073242188,898.57177734375,251.30520629882807,1884.617390753798,1082.5042724609375,1102.2490234375,716.47509765625,2340.08251953125,893.7909545898438,1262.560302734375,371.4097290039063,344.23974609375,2838.89208984375,10274.2666015625,1172.934326171875,214.6612701416016,158.25013732910156,180.1331024169922,1115.5225830078125,526.7637329101562,1090.1976318359375,1318.6280120540337,3098.052490234375,1041.5526123046875,3157.55859375,7992.8310546875,176.5757293701172
2023-10-26,2200.263916015625,2865.7294921875,969.7230834960938,729.4597778320312,881.9171752929688,247.21533203125,1927.8023958662468,1064.4620361328125,1104.7603759765625,700.6278686523438,2339.23193359375,886.5224609375,1252.7918701171875,372.8260498046875,337.6260681152344,2788.755859375,10114.4599609375,1138.2674560546875,214.2912750244141,155.28855895996094,179.63648986816406,1099.9849853515625,518.0506591796875,1074.0433349609375,1299.9069049986126,3049.298583984375,1017.2042846679688,3071.335693359375,7943.41015625,174.91099548339844
2023-10-27,2258.68603515625,2860.743896484375,1000.349609375,737.8533935546875,890.7800903320312,254.26124572753903,1941.7024332138715,1059.62255859375,1137.8544921875,703.3807983398438,2344.5693359375,890.5225830078125,1272.0521240234375,372.3110046386719,339.1898193359375,2825.068115234375,10246.9521484375,1162.98779296875,218.87034606933597,158.59347534179688,181.4423370361328,1119.40087890625,531.4517822265625,1081.4395751953125,1299.2720660628913,3062.275634765625,1021.8551635742188,3091.04638671875,7948.10595703125,176.8069305419922
2023-10-30,2296.0361328125,2872.31201171875,986.8320922851562,737.4454956054688,902.1267700195312,254.74713134765625,1962.3244976077663,1049.4234619140625,1134.3121337890625,711.0171508789062,2341.593994140625,902.376708984375,1269.01123046875,369.47845458984375,342.1380920410156,2848.870849609375,10088.7958984375,1168.5350341796875,217.0202178955078,162.07009887695312,181.3520355224609,1142.47265625,535.2874755859375,1085.2344970703125,1317.08550605578,3087.497802734375,1027.645751953125,3086.836669921875,8133.44482421875,176.64505004882812
2023-10-31,2291.592041015625,2899.99853515625,979.4996948242188,736.4234008789062,890.5853881835938,254.5042266845703,1981.187808882609,1053.781982421875,1144.4017333984375,706.8997192382812,2346.4111328125,893.0592041015625,1261.039794921875,367.71881103515625,346.500732421875,2851.49951171875,10083.5546875,1171.5855712890625,218.1302947998047,159.79527282714844,182.5258331298828,1130.3192138671875,535.6188354492188,1059.349365234375,1299.7093016091949,3078.5419921875,1033.3453369140625,3159.34130859375,8153.43701171875,176.55258178710938
2023-11-01,2214.34521484375,2840.802001953125,969.4736938476562,734.3839721679688,889.6600952148438,248.34913635253903,2014.4365853939887,1049.6395263671875,1129.1102294921875,705.9421997070312,2335.312255859375,891.7908935546875,1247.9075927734375,367.4613342285156,343.5126342773437,2818.642822265625,9923.89453125,1160.7862548828125,215.1700897216797,160.2674102783203,181.4423370361328,1135.0125732421875,536.4239501953125,1086.2076416015625,1309.3177658808158,3043.724609375,1026.004150390625,3143.24560546875,8113.9384765625,176.15953063964844
2023-11-02,2212.347900390625,2860.98583984375,980.5970458984376,732.1430053710938,899.7892456054688,250.13087463378903,2020.264468410785,1048.0787353515625,1142.0701904296875,707.0194702148438,2366.28466796875,897.5472412109375,1262.6524658203125,370.0792541503906,346.1620788574219,2840.839111328125,9997.490234375,1172.4122314453125,217.6215057373047,159.83822631835938,183.3836212158203,1146.2767333984375,541.8222045898438,1102.410400390625,1300.2254740877013,3070.636962890625,1028.216552734375,3171.07861328125,8189.01318359375,177.40806579589844
2023-11-03,2226.87841796875,2887.751220703125,986.4828491210938,728.447509765625,906.509521484375,252.6820373535156,1985.0342830676918,1033.2659912109375,1135.6573486328125,710.3707885742188,2387.64697265625,911.0599365234376,1280.0697021484375,371.8818359375,345.2756042480469,2834.17041015625,9971.001953125,1166.9296875,218.8824005126953,163.10023498535156,184.55740356445312,1146.0296630859375,547.5521240234375,1110.438720703125,1286.505547927829,3062.229736328125,1044.439208984375,3243.385009765625,8250.5830078125,177.36183166503906
2023-11-06,2243.007080078125,2937.644287109375,1006.9837036132812,743.2444458007812,914.739501953125,256.3668518066406,1996.8191672739488,1048.0001220703125,1138.75146484375,715.517578125,2376.37109375,922.42626953125,1293.20166015625,373.6843872070313,346.6601257324219,2896.6708984375,9979.2978515625,1181.054931640625,220.28338623046875,165.93301391601562,187.98851013183597,1155.564697265625,543.9531860351562,1119.0994873046875,1285.0871313094647,3089.051513671875,1052.78125,3236.005859375,8365.15625,177.87049865722656
2023-11-07,2230.373779296875,2941.572021484375,1018.4561767578124,736.7133178710938,912.742919921875,254.5042266845703,1979.627506184861,1061.0067138671875,1142.5633544921875,712.0464477539062,2375.46728515625,925.0116577148438,1294.1231689453125,371.4097290039063,348.861328125,2882.8955078125,9948.685546875,1184.9425048828125,223.3655548095703,165.84713745117188,187.8079376220703,1148.0552978515625,549.0673828125,1139.486572265625,1267.263145063612,3080.095458984375,1059.09521484375,3239.125732421875,8408.5263671875,177.2462158203125
2023-11-08,2256.938232421875,3001.598876953125,1019.2542724609376,733.2094116210938,912.353271484375,257.0552978515625,1965.925091362921,1070.6658935546875,1136.9127197265625,714.105224609375,2397.25732421875,912.9625244140624,1281.8665771484375,375.0577392578125,347.86529541015625,2917.11474609375,10015.634765625,1180.6661376953125,221.0772857666016,167.6927490234375,186.90499877929688,1154.033203125,549.5882568359375,1145.0819091796875,1258.0549928049531,3090.2392578125,1050.0159912109375,3280.380126953125,8421.20703125,176.73757934570312
2023-11-09,2211.698486328125,2987.004150390625,1019.4537963867188,726.0098876953125,908.06787109375,262.0360412597656,1982.7193650908705,1071.5296630859375,1136.7783203125,711.280517578125,2356.674072265625,914.5235595703124,1266.937744140625,372.8689270019531,347.6063232421875,2944.762939453125,10091.3662109375,1178.0015869140625,222.2447967529297,165.41795349121094,189.43321228027344,1141.50927734375,547.741455078125,1144.595458984375,1237.8128645632412,3059.0771484375,1036.0052490234375,3252.546875,8351.69921875,176.11328125
2023-11-10,2202.161376953125,2983.36767578125,1026.736328125,731.7203369140625,911.1358032226562,261.9145812988281,2017.8053657322935,1065.0411376953125,1125.97119140625,714.0812377929688,2366.046875,915.7430419921876,1261.454345703125,374.7144165039063,347.7059326171875,2952.9404296875,10080.1591796875,1173.6470947265625,226.7279510498047,168.1649169921875,190.6521453857422,1143.6583251953125,548.8306274414062,1147.660888671875,1272.4633825889746,3046.283203125,1049.0941162109375,3225.407470703125,8432.82421875,175.3965301513672
2023-11-13,2210.699951171875,2992.240966796875,1022.8955688476562,723.4692993164062,910.6488037109376,282.9309387207031,2019.1677534260966,1064.0498046875,1130.9486083984375,712.7886352539062,2358.0537109375,911.6941528320312,1265.7857666015625,374.2423095703125,348.2537536621094,2967.78662109375,10089.474609375,1171.1505126953125,229.48326110839844,168.07904052734375,191.6905059814453,1143.51025390625,550.5827026367188,1146.1527099609375,1273.5694627280775,3044.54638671875,1042.8262939453125,3233.727783203125,8400.4423828125,176.48321533203125
2023-11-15,2222.43408203125,3021.9150390625,1038.8572998046875,710.0482788085938,925.2581787109376,283.9432678222656,2028.5994021387835,1064.0694580078125,1144.98486328125,720.2573852539062,2365.904296875,918.18212890625,1299.8367919921875,379.3495178222656,352.49688720703125,2983.80126953125,10145.4111328125,1175.43896484375,230.9776763916016,171.25521850585938,189.7492218017578,1164.185791015625,553.75537109375,1149.1693115234375,1261.7585637082525,3111.02978515625,1081.90869140625,3264.630859375,8487.0869140625,181.107421875
2023-11-16,2202.960205078125,3035.5888671875,1023.8931274414062,723.62646484375,924.8198852539062,280.05584716796875,2077.813721942451,1088.4725341796875,1175.8370361328125,722.1484375,2370.4716796875,913.206298828125,1331.537841796875,376.5169372558594,353.16424560546875,2970.366455078125,10173.0166015625,1171.0069580078125,235.69435119628903,173.2295684814453,190.7156982421875,1166.285400390625,553.7080688476562,1157.5869140625,1265.9870250997385,3196.5205078125,1112.7413330078125,3304.2509765625,8494.9755859375,183.62765502929688
2023-11-17,2205.8564453125,3073.020263671875,991.9697265625,709.723876953125,922.6284790039062,279.6104431152344,2085.5506683169024,1101.6851806640625,1174.133056640625,720.5924682617188,2406.24951171875,899.4010009765625,1324.7645263671875,377.0319213867188,351.5207824707031,3026.684814453125,10210.857421875,1185.1151123046875,234.9938507080078,168.55120849609375,192.8326873779297,1163.7412109375,533.251220703125,1162.5010986328125,1264.4983891437128,3200.723876953125,1108.6395263671875,3307.12353515625,8510.3681640625,182.84152221679688
2023-11-20,2146.9853515625,3045.33447265625,986.333251953125,694.7451171875,936.361328125,281.6351623535156,2162.9413413326965,1100.2322998046875,1188.70703125,720.640380859375,2384.982177734375,899.0107421875,1323.8890380859375,374.9289855957031,352.7060241699219,3007.019775390625,10252.337890625,1181.687255859375,234.4801788330078,169.83883666992188,192.6486053466797,1160.6781005859375,533.9141845703125,1156.078369140625,1261.1113060237353,3216.397216796875,1116.9814453125,3314.05712890625,8385.0498046875,185.0611572265625
2023-11-21,2193.72265625,3038.44921875,989.42578125,698.1409912109375,945.5651245117188,283.0751037597656,2180.7882919093777,1108.536865234375,1189.783203125,726.7446899414062,2383.840576171875,903.5474243164062,1326.1007080078125,374.4568786621094,352.0386962890625,2993.439208984375,10222.1630859375,1185.1346435546875,233.4994659423828,169.04312133789062,192.3264617919922,1175.2769775390625,531.783203125,1169.118408203125,1272.3747423462537,3207.806640625,1110.2525634765625,3362.1953125,8430.404296875,185.2692413330078
2023-11-22,2169.754638671875,3038.206787109375,995.7107543945312,700.6177978515625,944.4938354492188,281.33868408203125,2129.0262036330605,1112.0904541015625,1192.563720703125,724.1593017578125,2399.683837890625,900.279052734375,1343.42578125,377.418212890625,347.74578857421875,3000.69189453125,10182.767578125,1184.035888671875,236.90853881835935,168.86630249023438,194.765625,1179.87158203125,529.3682250976562,1171.7459716796875,1286.2914834471335,3226.03759765625,1120.2996826171875,3397.259033203125,8480.3095703125,185.0842742919922
2023-11-23,2172.35107421875,3028.460693359375,996.6585083007812,695.2415161132812,951.214111328125,283.2868347167969,2152.188402381599,1108.18359375,1191.9356689453125,728.3485717773438,2397.780517578125,900.52294921875,1335.546630859375,377.9761047363281,346.4808044433594,2965.011962890625,10176.8974609375,1186.099853515625,236.0679473876953,168.5568389892578,194.12130737304688,1183.4781494140625,530.3153076171875,1166.5882568359375,1277.35478192725,3206.024658203125,1116.1517333984375,3376.012451171875,8330.5947265625,186.12472534179688
2023-11-24,2222.484130859375,3041.26123046875,1006.0859375,690.047119140625,947.8052978515624,281.8892517089844,2164.4097759294077,1108.47802734375,1174.133056640625,733.5192260742188,2393.30859375,906.7671508789062,1324.626220703125,375.7873229980469,347.4170837402344,2973.384521484375,10203.2412109375,1173.7322998046875,237.1420440673828,166.9654541015625,193.70713806152344,1182.6876220703125,530.6941528320312,1163.328125,1267.683768526077,3159.28125,1104.122802734375,3364.67138671875,8283.111328125,183.1189727783203
2023-11-28,2420.270263671875,3053.092529296875,1018.7056274414062,700.5391235351562,959.2492065429688,289.6395263671875,2204.2827119320687,1114.299072265625,1180.859375,731.8674926757812,2388.8837890625,902.9620971679688,1329.5103759765625,373.5985107421875,347.0684814453125,2969.2470703125,10224.4892578125,1177.6053466796875,240.55113220214844,171.4744415283203,193.4770050048828,1182.9346923828125,534.5772094726562,1159.33837890625,1263.3409147249902,3171.206787109375,1108.31689453125,3409.689453125,8447.9765625,183.51206970214844
2023-11-29,2393.40625,3053.092529296875,1057.6123046875,700.7897338867188,969.4757690429688,289.97833251953125,2225.789603409528,1122.063720703125,1196.375244140625,746.4699096679688,2402.680908203125,916.7186889648438,1345.08447265625,375.2723388671875,349.29962158203125,3002.103515625,10284.357421875,1170.258056640625,241.34503173828125,169.75039672851562,194.25938415527344,1186.047119140625,538.5075073242188,1169.89697265625,1224.1396387252182,3211.05126953125,1126.106689453125,3396.714111328125,8454.0263671875,187.8587951660156
2023-11-30,2355.406982421875,3025.502685546875,1071.678466796875,699.9837646484375,988.2730712890624,289.80889892578125,2222.3675014947125,1136.3560791015625,1202.6083984375,746.3023071289062,2422.187744140625,912.1819458007812,1340.983642578125,374.0706481933594,349.6979675292969,3026.87939453125,10293.52734375,1178.45849609375,244.0536346435547,172.35855102539062,192.3264617919922,1174.5606689453125,534.861328125,1192.911376953125,1199.158242285321,3187.153564453125,1125.41552734375,3457.431396484375,8716.2802734375,191.00326538085935
2023-12-01,2359.55126953125,3077.384521484375,1102.0057373046875,713.4932861328125,988.2730712890624,293.6204833984375,2185.809083128463,1128.7484130859375,1198.8414306640625,744.6744995117188,2439.410400390625,923.6458129882812,1338.3572998046875,386.0875854492188,348.7119445800781,3106.1728515625,10271.208984375,1183.4403076171875,251.19869995117188,172.00491333007812,193.4770050048828,1182.8853759765625,541.4907836914062,1198.166259765625,1222.5552081642086,3209.13134765625,1125.0467529296875,3456.342041015625,8745.5146484375,188.5061798095703
2023-12-04,2527.826904296875,3097.89453125,1122.905517578125,728.069091796875,1005.9991455078124,300.43902587890625,2180.3151235427295,1130.044189453125,1199.962646484375,770.5279541015625,2476.1875,967.0621337890624,1349.4617919921875,389.7356262207031,362.2679748535156,3225.819091796875,10284.5517578125,1186.5615234375,256.6626281738281,178.63575744628906,195.9622039794922,1195.6810302734375,563.2261962890625,1198.0689697265625,1251.2216196747142,3209.8623046875,1128.1346435546875,3455.25244140625,9020.3544921875,188.4137115478516
2023-12-05,2955.40625,3128.635009765625,1129.739013671875,722.38330078125,1004.2460327148438,301.1590270996094,2155.585696631854,1134.05908203125,1181.6666259765625,777.3743286132812,2439.02978515625,988.770263671875,1339.8778076171875,387.7613830566406,364.2401123046875,3227.668701171875,10403.36328125,1196.5831298828125,266.6097412109375,178.63575744628906,204.61436462402344,1204.3514404296875,576.0590209960938,1206.2435302734375,1247.3848171534974,3227.363037109375,1125.0927734375,3511.61181640625,9031.9716796875,186.98019409179688
2023-12-06,2880.106689453125,3154.139404296875,1117.8177490234375,729.980712890625,997.7691040039062,298.2791748046875,2139.125993905676,1125.008544921875,1192.4290771484375,779.3372802734375,2443.216796875,978.8186645507812,1358.63134765625,397.6324768066406,362.835693359375,3302.484130859375,10310.0703125,1214.068359375,262.5467834472656,178.54736328125,206.5472869873047,1215.887451171875,576.2484741210938,1207.0218505859375,1257.8698570035024,3293.616943359375,1129.332763671875,3513.1962890625,8918.947265625,193.6390686035156
2023-12-07,2883.30224609375,3153.412353515625,1115.1741943359375,726.4522094726562,973.9559936523438,298.1097412109375,2157.4660763232264,1135.75732421875,1191.0390625,780.60595703125,2396.21044921875,974.6721801757812,1350.8900146484375,393.2119140625,363.92138671875,3266.756103515625,10378.8642578125,1214.396484375,265.068603515625,175.85081481933594,211.70176696777344,1213.886474609375,579.3265380859375,1206.0001220703125,1263.787773662572,3303.48681640625,1127.5355224609375,3551.33056640625,9055.9794921875,193.40786743164065
2023-12-08,2818.388671875,3134.211181640625,1128.4920654296875,718.2355346679688,974.1994018554688,297.3050231933594,2208.817446192405,1131.5953369140625,1223.4156494140625,791.4979248046875,2400.064208984375,986.2335815429688,1374.1591796875,385.5296630859375,366.2322082519531,3289.0009765625,10303.0830078125,1205.36962890625,266.2360534667969,173.24267578125,210.4131774902344,1213.244140625,581.6468505859375,1202.59423828125,1319.3811713061696,3314.270263671875,1129.425048828125,3600.112548828125,9113.0966796875,195.41940307617188
2023-12-11,2851.994384765625,3135.180908203125,1113.827392578125,716.7760620117188,974.7838134765624,299.5496826171875,2221.776435586969,1074.5823974609375,1233.460693359375,790.4446411132812,2382.318115234375,992.3313598632812,1371.7171630859375,388.3622131347656,367.3477783203125,3296.15625,10228.5654296875,1217.712646484375,268.3375549316406,174.8782958984375,212.57618713378903,1215.022705078125,581.7415161132812,1208.043701171875,1340.5216451526162,3329.074951171875,1136.7991943359375,3596.002197265625,9362.232421875,194.49456787109372
2023-12-12,2853.841552734375,3127.180908203125,1128.292724609375,718.9186401367188,969.3296508789062,294.3404846191406,2186.0884466254197,1087.7069091796875,1233.460693359375,782.5928955078125,2381.4619140625,990.9655151367188,1360.243896484375,388.9201965332031,363.4233703613281,3253.9052734375,10031.2568359375,1213.0301513671875,264.69500732421875,172.7563934326172,212.9443817138672,1197.5830078125,579.9894409179688,1185.2723388671875,1338.6561172934012,3355.759765625,1130.20849609375,3537.463623046875,9548.685546875,195.2344512939453
2023-12-13,2871.21875,3145.508544921875,1112.1812744140625,713.3605346679688,973.8585815429688,292.3923645019531,2200.4362187748557,1099.152587890625,1227.9898681640625,780.8214721679688,2390.168212890625,989.2092895507812,1335.3160400390625,391.1089782714844,363.7919006347656,3309.78564453125,10071.6689453125,1217.7589111328125,274.6420593261719,170.76710510253906,218.0988311767578,1202.4739990234375,587.0451049804688,1199.9666748046875,1321.5480652620975,3283.97607421875,1120.9449462890625,3568.119873046875,9428.3046875,194.0552520751953
2023-12-14,2890.193115234375,3143.278564453125,1117.767822265625,734.6099853515625,979.0205078125,294.4252014160156,2238.0826383691156,1094.185546875,1268.70751953125,790.0376586914062,2394.40283203125,1008.4783935546876,1383.6510009765625,394.92864990234375,369.2999877929688,3342.2041015625,10045.6171875,1205.54931640625,275.9029846191406,173.24267578125,213.63470458984372,1217.39404296875,590.64404296875,1198.2152099609375,1292.9426331069321,3351.326904296875,1165.7421875,3557.2734375,9645.30078125,200.87594604492188
2023-12-15,2987.81298828125,3213.63330078125,1117.6680908203125,738.6250610351562,966.7000122070312,296.4580383300781,2220.0925768972425,1097.346435546875,1337.497314453125,793.101806640625,2400.63525390625,1012.1370239257812,1454.56396484375,393.2977294921875,368.6525573730469,3395.650390625,9980.8017578125,1184.7916259765625,284.9627380371094,177.75164794921875,218.467041015625,1232.9317626953125,613.942138671875,1202.5452880859375,1297.0865463423816,3528.38623046875,1203.902587890625,3566.3369140625,9709.3388671875,206.494384765625
2023-12-18,2976.628173828125,3231.234130859375,1108.689697265625,745.7556762695312,964.4598999023438,294.46759033203125,2216.8155999680607,1097.66064453125,1349.1566162109375,792.6947631835938,2412.625,996.575439453125,1441.6160888671875,387.6755676269531,367.9254760742188,3399.1552734375,10013.015625,1184.2010498046875,283.18817138671875,175.93922424316406,213.40460205078125,1245.4803466796875,614.1788940429688,1219.088623046875,1284.049497360737,3526.74169921875,1190.675537109375,3585.205810546875,9652.125,205.8932342529297
2023-12-19,2937.33056640625,3235.113037109375,1117.568359375,750.1834716796875,962.706787109375,310.8150634765625,2218.1099728195854,1106.7698974609375,1334.806640625,791.3543090820312,2436.603759765625,990.7216186523438,1436.0408935546875,391.4952087402344,367.84576416015625,3406.310302734375,9929.5703125,1239.4111328125,289.2124328613281,177.0885772705078,214.96934509277344,1263.8094482421875,620.7137451171875,1211.498291015625,1259.466638911045,3487.4453125,1181.1815185546875,3576.142578125,9697.3828125,202.8643798828125
2023-12-20,2780.140380859375,3197.389892578125,1107.5924072265625,736.55126953125,946.2468872070312,298.2791748046875,2194.9471312302767,1095.32421875,1291.4432373046875,793.3172607421875,2433.558837890625,982.1358642578124,1415.859130859375,387.11761474609375,363.8516540527344,3327.990478515625,9781.7470703125,1220.3529052734375,278.0044250488281,179.6525115966797,209.07850646972656,1248.518798828125,602.7666015625,1199.0423583984375,1248.7060182139533,3454.40966796875,1150.9019775390625,3520.328125,9571.87109375,199.7430419921875
2023-12-21,2796.018798828125,3203.014404296875,1092.7779541015625,724.0885620117188,952.4315795898438,301.1166381835937,2215.5982144863483,1090.48486328125,1275.3892822265625,807.5365600585938,2429.467041015625,979.9407348632812,1415.490478515625,387.5038757324219,369.0709228515625,3333.490966796875,9715.3779296875,1221.233154296875,282.0206298828125,179.16622924804688,213.8648223876953,1266.008056640625,609.6802978515625,1200.3558349609375,1230.5966609831416,3461.2177734375,1152.2845458984375,3545.982177734375,9636.7333984375,200.6909942626953
2023-12-22,2804.607666015625,3240.2041015625,1085.69482421875,717.0266723632812,963.778076171875,307.6811218261719,2212.7286036325204,1104.8558349609375,1311.8466796875,799.9481201171875,2450.781494140625,970.086669921875,1440.2799072265625,390.72265625,370.6247253417969,3385.8662109375,9913.609375,1233.515380859375,282.81451416015625,180.3155975341797,213.3125457763672,1267.2430419921875,603.0507202148438,1210.233154296875,1260.18796199323,3494.573486328125,1175.3743896484375,3592.88232421875,9650.818359375,213.9393615722656
2023-12-26,2861.631103515625,3280.98193359375,1091.630615234375,703.95458984375,973.8098754882812,310.052734375,2226.477517706108,1105.7294921875,1307.7659912109375,805.5018310546875,2459.488037109375,970.8670654296876,1422.816650390625,391.795654296875,375.8738098144531,3397.64599609375,9965.5205078125,1242.928955078125,289.1657409667969,183.32159423828125,214.7852478027344,1273.66552734375,604.2819213867188,1213.979736328125,1276.1649188399092,3468.574462890625,1181.6885986328125,3621.953125,9698.8837890625,217.38442993164065
2023-12-27,2839.56103515625,3301.443603515625,1103.70166015625,710.8837890625,994.6038208007812,309.6716003417969,2200.096936364383,1121.896728515625,1320.232421875,815.4841918945312,2481.896484375,977.8430786132812,1444.150390625,392.3535461425781,378.9615173339844,3450.167724609375,9982.83984375,1250.631103515625,285.8500366210937,181.7301788330078,215.4295654296875,1278.01318359375,614.2262573242188,1218.7967529296875,1276.5091064793444,3482.8759765625,1179.9832763671875,3654.19384765625,10103.009765625,217.7774810791016
2023-12-28,2806.1552734375,3294.46142578125,1105.197998046875,713.4244384765625,1009.7000122070312,322.67340087890625,2187.6304634880244,1150.1773681640625,1320.59130859375,816.417724609375,2506.1611328125,981.4041748046876,1440.049560546875,398.3620300292969,382.7464599609375,3424.90478515625,9966.4404296875,1276.3751220703125,293.1818542480469,184.16151428222656,220.0778045654297,1287.2518310546875,616.9254150390625,1228.236083984375,1303.4561951364517,3472.549560546875,1185.3294677734375,3679.79833984375,10093.5234375,217.08384704589844
2023-12-29,2845.1533203125,3299.455322265625,1099.661376953125,720.216064453125,1005.3173217773438,318.4805908203125,2210.481579922163,1138.270263671875,1314.8961181640625,818.3328247070312,2534.849609375,972.3306274414062,1421.8489990234375,396.6453552246094,380.1069641113281,3432.644287109375,9996.27734375,1292.4404296875,290.61346435546875,181.28814697265625,218.32896423339844,1277.074462890625,608.0701904296875,1225.6085205078125,1305.350687782371,3466.60986328125,1173.0699462890625,3640.525146484375,10167.822265625,217.93931579589844
2024-01-01,2913.312255859375,3293.34619140625,1095.072265625,717.395263671875,986.6660766601562,323.39337158203125,2199.925680435687,1142.9329833984375,1330.725830078125,812.9945678710938,2526.095703125,975.0624389648438,1429.635986328125,401.7525329589844,380.3161010742188,3432.108642578125,9977.79296875,1330.9556884765625,289.3057861328125,181.55337524414065,219.29542541503903,1279.69287109375,607.4072265625,1226.3870849609375,1290.3527267682925,3482.78466796875,1195.653076171875,3642.208984375,10130.01953125,220.64450073242188
2024-01-02,2928.4921875,3288.739990234375,1090.633056640625,730.2706909179688,995.0908813476562,332.58355712890625,2254.0694031345124,1163.576416015625,1317.990478515625,813.4733276367188,2487.130126953125,958.3301391601562,1414.015869140625,403.7267761230469,371.5310974121094,3347.071533203125,9894.78515625,1323.6983642578125,285.8033447265625,183.0563507080078,218.92726135253903,1290.2900390625,605.60791015625,1261.3712158203125,1318.380760415574,3457.28857421875,1178.0936279296875,3663.1083984375,9878.99609375,216.9682464599609
2024-01-03,2998.998046875,3271.527099609375,1095.9700927734375,725.8232421875,1008.2392578125,325.72265625,2242.472222496567,1164.5777587890625,1289.469970703125,800.9296264648438,2480.231689453125,960.0862426757812,1373.0994873046875,409.6494140625,371.7004089355469,3349.261962890625,9778.25390625,1295.1099853515625,285.9901428222656,184.11729431152344,218.1909027099609,1276.25927734375,609.3961791992188,1263.706787109375,1328.7691157771355,3373.716796875,1146.8460693359375,3657.957763671875,9788.818359375,210.81805419921875
2024-01-04,2994.304443359375,3277.684814453125,1120.7109375,757.3485107421875,1020.6085205078124,325.8920593261719,2250.3211162573293,1146.9674072265625,1273.505615234375,809.5234985351562,2466.90966796875,963.1107177734376,1394.018310546875,408.9197998046875,371.2422790527344,3367.1259765625,9717.7548828125,1318.5079345703125,296.17071533203125,189.77561950683597,222.2408599853516,1282.854736328125,608.733154296875,1277.6710205078125,1310.3028779910321,3350.91552734375,1149.887939453125,3684.354736328125,9695.15625,209.19955444335935
2024-01-05,3002.59326171875,3254.023193359375,1134.2283935546875,757.89892578125,1019.3423461914062,325.46856689453125,2280.460912598228,1145.6815185546875,1285.0306396484375,805.382080078125,2493.077392578125,969.501220703125,1412.3111572265625,406.81683349609375,368.054931640625,3428.65283203125,9719.4052734375,1296.51025390625,294.16265869140625,191.36705017089844,222.05674743652344,1288.3138427734375,607.9755249023438,1265.263671875,1307.347960585369,3415.890625,1150.62548828125,3677.272705078125,9696.3662109375,211.1417388916016
2024-01-08,2959.550537109375,3198.602294921875,1119.3140869140625,760.34130859375,1021.7285766601562,322.20751953125,2236.922493746615,1131.0946044921875,1298.5732421875,796.4052734375,2453.302978515625,958.086181640625,1403.3260498046875,399.5637512207031,363.77197265625,3408.403564453125,9651.1943359375,1273.6085205078125,295.5635986328125,192.69322204589844,223.0692443847656,1278.26025390625,593.8167114257812,1270.226806640625,1292.07035476255,3361.425537109375,1132.789306640625,3670.834228515625,9617.419921875,208.2516021728516
2024-01-09,3010.582763671875,3168.63720703125,1113.8773193359375,759.3043823242188,1036.776123046875,326.4002990722656,2183.826638648455,1128.8270263671875,1309.7841796875,790.2052001953125,2454.730224609375,955.8909912109376,1409.3160400390625,398.748291015625,363.8815307617188,3461.801025390625,9726.2939453125,1260.6258544921875,298.64581298828125,191.54388427734372,223.02322387695312,1274.8759765625,592.3014526367188,1288.424072265625,1268.0270819608334,3372.026123046875,1138.9652099609375,3658.898681640625,9583.1484375,208.43658447265625
2024-01-10,3094.071044921875,3187.40185546875,1104.3499755859375,754.891357421875,1035.02294921875,323.6051025390625,2138.9503679463382,1136.1695556640625,1338.2149658203125,792.8145141601562,2452.494140625,968.8670654296876,1400.6534423828125,397.6753540039063,362.7161865234375,3451.6279296875,9712.806640625,1253.5753173828125,292.668212890625,187.5211334228516,220.12380981445312,1309.261474609375,588.8445434570312,1289.2510986328125,1284.8962642111517,3393.181396484375,1143.80419921875,3679.154541015625,9464.1728515625,209.7544708251953
2024-01-11,3076.794189453125,3188.7109375,1123.05517578125,753.829833984375,1035.1690673828125,325.55328369140625,2177.5342444745365,1117.56787109375,1331.667724609375,789.4869995117188,2413.291015625,967.0133666992188,1376.9698486328125,397.117431640625,363.1245727539063,3412.05419921875,9713.6806640625,1243.4130859375,292.2478942871094,187.30014038085935,222.7010498046875,1343.696044921875,587.3766479492188,1280.8824462890625,1319.8527441346596,3413.7431640625,1151.639404296875,3663.455078125,9603.8173828125,207.2574005126953
2024-01-12,3099.963623046875,3178.625732421875,1117.6680908203125,752.9747314453125,1048.3173828125,322.8005065917969,2161.765566778021,1116.861083984375,1381.8922119140625,785.752685546875,2420.712646484375,979.0625610351562,1486.2188720703125,400.5937805175781,365.1963195800781,3474.31103515625,9669.5810546875,1239.717529296875,292.0144348144531,197.5116424560547,220.4459686279297,1354.39208984375,600.0674438476562,1290.32177734375,1295.0094687637702,3548.308349609375,1205.7001953125,3690.594482421875,9495.3935546875,215.23416137695312
2024-01-15,3085.3828125,3174.843505859375,1116.8201904296875,734.9834594726562,1073.6890869140625,325.807373046875,2240.6337460932773,1135.3941650390625,1424.403564453125,800.8817749023438,2448.49755859375,985.2579345703124,1522.4815673828125,401.36627197265625,368.8318176269531,3449.242919921875,9787.228515625,1238.720703125,296.35748291015625,206.44125366210935,221.96469116210935,1377.51318359375,606.2234497070312,1293.6302490234375,1305.6489356915822,3567.4990234375,1232.9842529296875,3723.1328125,9636.8291015625,228.7137451171875
2024-01-16,3052.427001953125,3197.1474609375,1116.421142578125,732.8851318359375,1067.3583984375,323.47808837890625,2224.0262296996943,1130.46630859375,1395.031005859375,803.9219360351562,2444.5966796875,984.4774780273438,1503.5438232421875,405.4005737304688,368.1346130371094,3478.886474609375,9881.0068359375,1236.04638671875,290.9403381347656,207.85585021972656,220.0317840576172,1358.24560546875,603.1928100585938,1278.1578369140625,1294.420734991942,3528.66064453125,1217.0838623046875,3783.998779296875,9651.3984375,224.2745056152344
2024-01-17,2967.090576171875,3144.19970703125,1079.709228515625,723.272705078125,1056.9857177734375,321.5722351074219,2230.569579409002,1109.22412109375,1413.372314453125,736.1046142578125,2438.69677734375,957.84228515625,1511.51513671875,400.5079650878906,354.518798828125,3476.404052734375,9753.07421875,1236.5567626953125,288.8855285644531,205.15928649902344,220.1698303222656,1345.3509521484375,592.8696899414062,1264.095947265625,1286.2004976849287,3549.953369140625,1222.9371337890625,3793.656005859375,9540.1181640625,223.07220458984372
2024-01-18,2915.010009765625,3068.123291015625,1094.872802734375,714.1025390625,1058.739013671875,318.1841735839844,2279.620002412439,1109.22412109375,1405.88330078125,711.5198364257812,2424.51904296875,962.3302612304688,1513.7269287109375,399.5637512207031,354.04071044921875,3500.791015625,9629.6533203125,1216.572509765625,279.5455017089844,206.48545837402344,214.87730407714844,1351.650146484375,595.0479125976562,1299.8585205078125,1276.1693203094906,3566.40234375,1249.11474609375,3699.2119140625,9576.517578125,223.18780517578125
2024-01-19,2911.764404296875,3070.062744140625,1113.8773193359375,719.3658447265625,1095.700439453125,324.6215515136719,2344.778066757602,1112.80712890625,1417.0899658203125,704.0989379882812,2441.07568359375,974.8673095703124,1529.0244140625,404.71380615234375,351.4609680175781,3549.467041015625,9739.490234375,1222.4803466796875,288.09161376953125,214.00045776367188,216.67214965820312,1351.1561279296875,594.5270385742188,1299.7125244140625,1261.459324008397,3628.471435546875,1281.1458740234375,3774.390869140625,9771.5390625,224.2976226806641
2024-01-23,2892.689697265625,2962.275634765625,1086.642578125,694.9515991210938,1127.841064453125,317.8876953125,2413.651314615322,1114.024169921875,1377.052490234375,683.3682861328125,2260.42626953125,1003.990478515625,1513.3121337890625,394.2418823242188,355.4849548339844,3456.982177734375,9567.5068359375,1197.5604248046875,282.62774658203125,203.25840759277344,219.01927185058597,1312.7442626953125,573.0757446289062,1341.26513671875,1262.787841841296,3550.4365234375,1259.7149658203125,3704.11474609375,9517.22265625,217.29193115234372
2024-01-24,2899.58056640625,2908.697265625,1056.6146240234375,693.4380493164062,1158.9588623046875,324.0710144042969,2455.344825535913,1158.7274169921875,1424.727294921875,697.037109375,2323.322998046875,974.8673095703124,1543.953369140625,397.932861328125,356.3017272949219,3494.1708984375,9691.4619140625,1222.383056640625,288.4652404785156,207.19273376464844,226.61294555664065,1327.8619384765625,585.5771484375,1344.962890625,1248.803786440402,3535.29931640625,1297.783447265625,3732.047119140625,9671.6328125,221.53211975097656
2024-01-25,2889.743896484375,2859.968017578125,1039.7550048828125,696.40625,1130.3245849609375,329.83074951171875,2491.386894563919,1149.5784912109375,1401.09326171875,686.9830322265625,2310.619873046875,985.3555297851562,1538.147705078125,391.1089782714844,352.2777404785156,3498.308349609375,9587.4462890625,1206.9205322265625,293.975830078125,206.9275054931641,225.96864318847656,1336.952392578125,580.3208618164062,1331.5338134765625,1253.969927045507,3506.31201171875,1218.604736328125,3734.374755859375,9651.1572265625,217.80169677734372
2024-01-29,3060.56591796875,2886.005615234375,1058.7095947265625,706.8392333984375,1131.8829345703125,349.65106201171875,2512.8846383869063,1147.261962890625,1423.05517578125,696.438720703125,2325.939453125,991.6484375,1526.62841796875,386.0875854492188,363.1344909667969,3609.8251953125,9694.5673828125,1214.89501953125,303.1289978027344,223.23947143554688,233.74636840820312,1430.795654296875,589.9810791015625,1363.2091064453125,1253.5736398487225,3497.75439453125,1211.50732421875,3829.908203125,9946.1318359375,219.19189453125
2024-01-30,3086.98046875,2864.719482421875,1051.57666015625,670.0360717773438,1128.47412109375,340.9690856933594,2541.103869421675,1146.721923828125,1409.2724609375,691.4834594726562,2339.498779296875,992.1362915039062,1521.88232421875,376.0019226074219,363.2739868164063,3537.103515625,9655.9970703125,1211.734375,294.6296081542969,220.32188415527344,233.88442993164065,1390.852294921875,593.5799560546875,1334.8912353515625,1249.9043574473274,3497.33984375,1214.7332763671875,3700.251953125,9645.5908203125,218.960205078125
2024-01-31,3137.812744140625,2868.35595703125,1065.194091796875,674.5276489257812,1140.210205078125,344.0184020996094,2522.7259008573214,1201.732177734375,1424.3656005859375,700.2210083007812,2361.289306640625,1003.1123657226562,1530.5911865234375,379.0061950683594,363.6026306152344,3387.61865234375,9884.2578125,1218.517333984375,296.5442810058594,223.01841735839844,238.6707305908203,1409.6259765625,606.6022338867188,1380.336181640625,1234.7512625620752,3511.51123046875,1229.297119140625,3662.4150390625,9842.8369140625,221.57846069335935
2024-02-01,3149.297607421875,2840.71826171875,1081.6546630859375,662.7727661132812,1121.218017578125,344.4842529296875,2495.2302552720166,1176.6025390625,1425.6307373046875,702.0402221679688,2353.724609375,1000.1853637695312,1527.043212890625,380.1649169921875,363.1046142578125,3308.033203125,10321.9072265625,1199.9429931640625,300.747314453125,218.95150756835935,244.65359497070312,1409.650634765625,613.3739013671875,1370.118408203125,1225.386620024094,3546.663818359375,1209.802001953125,3592.981201171875,9605.609375,218.42730712890625
2024-02-02,3153.2421875,2847.458251953125,1064.4957275390625,673.0927734375,1120.8284912109375,355.5802001953125,2496.062286626387,1185.7022705078125,1431.3701171875,692.3692016601562,2333.7421875,999.0633544921876,1560.495361328125,377.7615356445313,363.14447021484375,3286.664306640625,10338.888671875,1206.555908203125,310.55426025390625,227.43902587890625,255.0545959472656,1440.33056640625,615.26806640625,1378.584716796875,1238.7530879954268,3649.8662109375,1233.3988037109375,3578.07421875,9776.232421875,223.8955078125
2024-02-05,3169.220947265625,2829.08154296875,1058.958984375,649.4942626953125,1084.5487060546875,372.90179443359375,2491.129012349559,1196.490234375,1405.702392578125,691.7467651367188,2302.246337890625,998.5755004882812,1554.8277587890625,376.0019226074219,360.2360534667969,3253.2724609375,10118.7275390625,1197.463134765625,313.9166564941406,232.4785003662109,260.3931579589844,1421.878173828125,608.922607421875,1424.4677734375,1247.8567976846348,3656.30810546875,1228.4674072265625,3518.2978515625,9599.84765625,223.5247802734375
2024-02-06,3199.48046875,2842.27001953125,1047.5364990234375,648.5065307617188,1104.5147705078125,380.016845703125,2476.472168378785,1210.655029296875,1467.521240234375,691.3876953125,2308.7646484375,1001.4049072265624,1593.762939453125,370.29388427734375,355.98297119140625,3333.588134765625,10522.66015625,1194.521240234375,315.1898498535156,240.74497985839844,252.43136596679688,1410.7869873046875,615.8362426757812,1435.464111328125,1231.533368924593,3806.028076171875,1245.335693359375,3525.330078125,9728.0224609375,231.541748046875
2024-02-07,3225.545654296875,2890.951171875,1066.5408935546875,659.4210815429688,1104.7581787109375,383.4049072265625,2501.4391251044367,1213.23681640625,1459.9298095703125,684.6130981445312,2307.907958984375,997.2584228515624,1560.8638916015625,370.63720703125,357.0985412597656,3304.820556640625,10610.8125,1215.4056396484375,311.8890075683594,240.3912811279297,246.63255310058597,1424.966064453125,639.5131225585938,1455.9970703125,1233.6987975952568,3757.6240234375,1214.87158203125,3542.515380859375,9900.1005859375,229.4795837402344
2024-02-08,3164.37744140625,2840.9609375,1033.4202880859375,646.2951049804688,1112.40380859375,388.9529418945313,2535.740388272053,1209.3692626953125,1476.6046142578125,671.7343139648438,2299.9150390625,965.2084350585938,1559.3431396484375,361.2610168457031,344.56842041015625,3247.18798828125,10424.7109375,1178.183837890625,312.0775756835937,241.49644470214844,254.2262420654297,1432.845947265625,662.527099609375,1459.3057861328125,1247.0867296522358,3804.279296875,1206.8062744140625,3515.375732421875,9678.5537109375,226.5369415283203
2024-02-09,3210.915283203125,2862.343505859375,1048.8831787109375,654.0448608398438,1091.0740966796875,386.411865234375,2539.814441387415,1208.544677734375,1473.7122802734375,671.9976196289062,2306.670654296875,986.0873413085938,1538.378173828125,362.0888671875,347.1082763671875,3236.528076171875,10413.9873046875,1191.3365478515625,306.4188537597656,236.54542541503903,251.28079223632807,1443.3443603515625,686.8670043945312,1502.073974609375,1219.0289401577643,3803.9111328125,1208.465576171875,3557.471923828125,9628.3095703125,227.2783660888672
2024-02-12,3165.52587890625,2864.428466796875,1044.1943359375,645.6561279296875,1089.5645751953125,366.591552734375,2593.3431237230825,1243.4217529296875,1506.56494140625,665.4864501953125,2270.03662109375,971.8427734375,1548.284912109375,354.5508117675781,340.5544128417969,3212.18994140625,10391.5263671875,1195.6885986328125,298.1665954589844,228.01368713378903,248.7956085205078,1435.04443359375,670.4352416992188,1501.7314453125,1228.710215959796,3791.94873046875,1215.6090087890625,3551.18212890625,9645.8310546875,232.3758850097656
2024-02-13,3174.21435546875,2881.6904296875,1068.1868896484375,649.0470581054688,1088.736572265625,383.15081787109375,2553.6039103130183,1243.784912109375,1505.3447265625,667.616943359375,2277.982421875,994.965576171875,1552.3857421875,354.4636535644531,346.052490234375,3233.558837890625,10473.806640625,1194.862060546875,303.2594299316406,229.42828369140625,248.7495574951172,1447.6424560546875,675.6915283203125,1509.3160400390625,1217.9414175787635,3818.450439453125,1224.50390625,3526.12255859375,9537.9404296875,237.07945251464844
2024-02-14,3202.926025390625,2886.3447265625,1094.224365234375,653.2586059570312,1086.7886962890625,395.0091552734375,2547.727920621655,1228.66796875,1510.6771240234375,662.6378173828125,2272.22509765625,997.7950439453124,1535.475341796875,358.6466369628906,348.4031677246094,3221.3896484375,10700.3212890625,1209.2789306640625,309.3425598144531,237.69479370117188,251.8790740966797,1463.7236328125,704.0564575195312,1487.98095703125,1228.07755576108,3772.991943359375,1191.7357177734375,3551.479248046875,9475.40234375,238.42333984375
2024-02-15,3189.543701171875,2925.280029296875,1069.6334228515625,650.5950317382812,1091.512451171875,403.9028930664063,2523.502671893956,1227.548828125,1502.58837890625,677.0007934570312,2236.923095703125,991.8923950195312,1544.8287353515625,351.9800109863281,346.4708251953125,3212.919921875,10760.76953125,1196.3814697265625,319.95263671875,245.16554260253903,263.5770263671875,1453.076904296875,721.387939453125,1477.7049560546875,1215.6177271174051,3775.8447265625,1198.602783203125,3587.632568359375,9501.0556640625,240.2769775390625
2024-02-16,3219.30419921875,2916.891845703125,1066.191650390625,650.575439453125,1090.8306884765625,406.5710144042969,2459.9973636967243,1240.2117919921875,1507.0167236328125,679.8014526367188,2260.140625,998.3316650390624,1568.14404296875,352.5900573730469,345.6739807128906,3297.080810546875,11042.2998046875,1213.009033203125,318.5379333496094,246.4214782714844,256.9325561523437,1443.1712646484375,714.7583618164062,1477.7537841796875,1186.0390299491812,3798.941650390625,1200.6304931640625,3620.66552734375,9599.7041015625,251.63047790527344
2024-02-19,3254.457275390625,2907.38818359375,1060.405517578125,659.7749633789062,1112.4525146484375,390.4775695800781,2458.1144944894454,1259.8443603515625,1514.06640625,678.4609985351562,2271.463623046875,1018.3323974609376,1566.39306640625,356.6422424316406,344.9070739746094,3251.4228515625,11142.1904296875,1225.491943359375,319.4810485839844,246.3765869140625,258.6170654296875,1456.4364013671875,719.0675048828125,1497.4742431640625,1160.027543923906,3776.396240234375,1207.4976806640625,3659.93896484375,9586.150390625,248.3634796142578
2024-02-20,3224.29736328125,2920.5283203125,1085.994140625,664.7678833007812,1114.15673828125,382.5523681640625,2454.903584265655,1251.7655029296875,1503.0401611328125,696.2711181640625,2287.59228515625,1023.210693359375,1553.0306396484375,353.897216796875,351.1024169921875,3267.87548828125,11106.388671875,1238.2431640625,326.0357360839844,248.12583923339844,269.42596435546875,1453.4969482421875,719.87255859375,1505.8907470703125,1161.2422102510093,3709.08251953125,1217.22216796875,3651.66796875,9660.451171875,246.50982666015625
2024-02-21,3218.904541015625,2910.976318359375,1081.6046142578125,657.4161376953125,1110.21240234375,370.9429931640625,2507.890816997077,1246.494140625,1478.864013671875,689.017822265625,2290.447265625,1026.332763671875,1525.6610107421875,351.500732421875,347.8354187011719,3209.123046875,11125.2109375,1240.2911376953125,316.9818115234375,244.8515472412109,262.12646484375,1450.2115478515625,730.6693115234375,1510.4906005859375,1165.8726673908122,3673.05615234375,1195.1461181640625,3621.606689453125,9650.2373046875,241.62088012695312
2024-02-22,3258.70166015625,2926.104248046875,1098.2646484375,656.0548706054688,1105.975830078125,381.3956909179688,2530.8734362438017,1249.39990234375,1524.1435546875,679.6339721679688,2272.3681640625,1036.8209228515625,1549.4366455078125,361.1738586425781,343.5823669433594,3274.68994140625,11311.4580078125,1249.823974609375,320.2355651855469,246.4214782714844,264.46600341796875,1464.0941162109375,725.3656616210938,1524.8282470703125,1151.7901516401214,3761.029052734375,1224.1812744140625,3617.347412109375,9643.267578125,246.0927276611328
2024-02-23,3268.93798828125,2895.605712890625,1094.174560546875,658.3056030273438,1096.4310302734375,380.3247375488281,2496.152979233354,1264.75244140625,1505.480224609375,680.1366577148438,2278.07763671875,1035.4549560546875,1545.2896728515625,358.51593017578125,343.4329528808594,3298.249267578125,11192.888671875,1257.552490234375,318.5379333496094,244.17881774902344,263.8577575683594,1475.82763671875,718.8781127929688,1527.9600830078125,1162.4706420247612,3728.821533203125,1218.7890625,3656.8681640625,9681.701171875,248.4561309814453
2024-02-26,3323.315185546875,2781.6611328125,1082.602294921875,652.939208984375,1081.1397705078125,378.9538879394531,2562.0973613485535,1264.4775390625,1491.0650634765625,680.9505004882812,2287.735595703125,1028.5279541015625,1529.89990234375,356.5987548828125,339.9069519042969,3378.272705078125,11126.3271484375,1259.9417724609375,318.396484375,242.0707092285156,269.33233642578125,1469.6025390625,718.736083984375,1523.751708984375,1136.4407839085166,3681.843994140625,1196.6669921875,3588.078125,9613.111328125,246.95005798339844
2024-02-27,3297.8994140625,2773.030517578125,1076.467041015625,644.3883056640625,1098.1353759765625,378.1828002929688,2606.8127330158472,1266.215087890625,1499.198974609375,679.9212036132812,2288.734375,1034.3818359375,1533.0792236328125,358.29803466796875,339.9966125488281,3413.611572265625,11158.9775390625,1267.1585693359375,316.9818115234375,241.6222076416016,273.73077392578125,1467.9476318359375,710.1649780273438,1549.00146484375,1135.8322451199958,3776.948974609375,1194.6392822265625,3619.13037109375,9633.490234375,246.27810668945312
2024-02-28,3214.710205078125,2709.80322265625,1071.6285400390625,638.73193359375,1099.352783203125,372.0139770507813,2628.926464959819,1261.9842529296875,1492.9630126953125,674.7745361328125,2304.197021484375,1020.7227783203124,1540.129150390625,355.8143920898437,335.3849792480469,3378.3212890625,10821.4609375,1253.602783203125,314.3410339355469,238.39280700683597,261.6116943359375,1438.2802734375,703.2040405273438,1540.291259765625,1117.3532171639526,3790.338134765625,1185.2373046875,3560.542236328125,9492.00390625,239.90625
2024-02-29,3281.021728515625,2736.51953125,1072.5264892578125,638.4027099609375,1094.093505859375,374.1559448242188,2621.6842605704883,1261.2381591796875,1503.7630615234375,671.9019775390625,2295.395263671875,1026.5765380859375,1542.5711669921875,354.07147216796875,336.55035400390625,3385.47705078125,10952.984375,1265.939453125,316.51025390625,237.36117553710935,264.6999816894531,1443.393798828125,708.5076904296875,1544.3038330078125,1107.7259818936152,3768.39111328125,1174.1761474609375,3589.9599609375,9576.6630859375,240.3232879638672
2024-03-01,3314.3271484375,2746.0712890625,1096.61865234375,645.8822021484375,1099.3040771484375,382.423828125,2588.039241807994,1215.9459228515625,1485.913330078125,684.99609375,2292.921142578125,1060.431640625,1524.8773193359375,356.86016845703125,344.1700134277344,3537.2978515625,11275.703125,1268.499267578125,323.9608459472656,242.6986541748047,269.2388000488281,1474.345458984375,728.443603515625,1526.0025634765625,1108.8753367551578,3767.700439453125,1172.28662109375,3730.115478515625,9812.0048828125,240.55499267578125
2024-03-04,3312.7294921875,2746.0712890625,1104.1007080078125,648.9291381835938,1103.9791259765625,390.17767333984375,2575.7027182620036,1243.73583984375,1480.355224609375,685.9296875,2304.625244140625,1065.7489013671875,1508.7503662109375,356.5115661621094,344.0704040527344,3547.9580078125,11249.69921875,1262.4775390625,333.72216796875,250.458251953125,275.7428283691406,1489.4384765625,731.1900634765625,1519.0050048828125,1096.14802844949,3755.13916015625,1179.89111328125,3696.933837890625,9659.91796875,241.2037811279297
2024-03-05,3305.78857421875,2735.06494140625,1098.1650390625,621.5858154296875,1138.4571533203125,394.67584228515625,2615.8554959423254,1237.49267578125,1463.544677734375,689.8316650390625,2283.548583984375,1061.5537109375,1480.4591064453125,353.9407958984375,341.779541015625,3516.951416015625,11323.8779296875,1237.8773193359375,337.871826171875,254.5398101806641,276.0703430175781,1482.32421875,742.4603881835938,1540.6336669921875,1090.7362879067823,3692.0126953125,1172.9317626953125,3715.109619140625,9524.337890625,237.8672332763672
2024-03-06,3229.640380859375,2741.756103515625,1122.306884765625,620.3081665039062,1162.6112060546875,395.48974609375,2686.0971419569937,1239.720947265625,1486.003662109375,690.6695556640625,2284.45263671875,1070.38330078125,1490.6422119140625,355.4222106933594,350.5546264648437,3545.767578125,11223.404296875,1235.146728515625,331.9302062988281,251.40011596679688,274.853759765625,1485.0909423828125,742.4130249023438,1569.79833984375,1106.474713880035,3740.048095703125,1171.5491943359375,3774.539306640625,9333.3359375,237.79774475097656
2024-03-07,3222.25048828125,2783.69775390625,1108.789306640625,631.0999755859375,1168.454833984375,392.91937255859375,2745.207783039956,1241.5859375,1480.084228515625,692.34521484375,2302.294189453125,1061.4560546875,1489.6285400390625,360.3895263671875,348.2238464355469,3579.597412109375,11168.0986328125,1248.751220703125,332.1659851074219,249.4714508056641,273.8711242675781,1461.3028564453125,746.3433837890625,1571.4620361328125,1098.0811163469882,3780.814208984375,1187.3572998046875,3750.916015625,9364.4111328125,238.88673400878903
2024-03-11,3203.075927734375,2789.806884765625,1102.45458984375,632.3482055664062,1165.4356689453125,388.8925476074219,2727.7091282108727,1254.013427734375,1480.98779296875,683.583740234375,2274.033447265625,1052.4312744140625,1475.02197265625,356.77301025390625,344.5584716796875,3544.210205078125,11057.0,1273.39990234375,328.1577453613281,245.79348754882807,267.2267150878906,1449.12451171875,732.7528076171875,1559.6202392578125,1111.294975143233,3793.466552734375,1188.1407470703125,3714.51513671875,9388.3720703125,238.44650268554688
2024-03-12,3118.3388671875,2789.128173828125,1094.3740234375,632.5743408203125,1172.886474609375,384.9513244628906,2686.7326559634544,1237.2669677734375,1478.2314453125,698.78466796875,2262.900146484375,1050.6263427734375,1486.403076171875,352.4593200683594,342.70587158203125,3525.761474609375,11167.953125,1262.9892578125,325.1398010253906,242.56407165527344,266.8524169921875,1457.844482421875,719.4937744140625,1550.5185546875,1094.447722412721,3857.790283203125,1191.1826171875,3713.17822265625,9308.6005859375,236.73190307617188
2024-03-13,2902.3271484375,2773.6123046875,1077.813720703125,634.5498657226562,1138.3109130859375,357.3201904296875,2693.00720130253,1237.5908203125,1474.52587890625,699.1915893554688,2200.52685546875,1057.5533447265625,1484.9747314453125,368.1455078125,344.5385437011719,3444.862060546875,11051.7607421875,1259.478515625,304.1553649902344,229.0634002685547,247.34030151367188,1415.10986328125,707.70263671875,1525.366455078125,1102.932374003111,3817.990966796875,1177.2640380859375,3591.247802734375,9287.3505859375,233.74290466308597
2024-03-14,3083.33544921875,2804.740966796875,1055.7166748046875,628.7804565429688,1163.48779296875,366.4448852539063,2628.8076561258986,1235.7847900390625,1517.681396484375,696.8217163085938,2221.460693359375,1057.2119140625,1523.5875244140625,365.7053833007813,347.098388671875,3512.667724609375,11065.78125,1274.009521484375,303.5423889160156,236.15011596679688,249.2587738037109,1414.418212890625,701.8307495117188,1536.71923828125,1125.6164592631342,3871.915283203125,1192.150390625,3605.560302734375,9387.4521484375,240.0220947265625
2024-03-15,3128.02587890625,2780.78857421875,1043.8951416015625,640.2701416015625,1188.226318359375,355.77801513671875,2641.611699113688,1233.8802490234375,1488.8055419921875,695.4811401367188,2214.89501953125,1054.0411376953125,1505.801513671875,365.2261352539063,346.2816162109375,3443.4990234375,11135.69140625,1269.572021484375,298.3080749511719,232.1133575439453,248.8844451904297,1401.3260498046875,693.1650390625,1515.188232421875,1088.1263095482666,3882.636474609375,1181.872802734375,3598.676513671875,9325.494140625,239.5818634033203
2024-03-18,3107.603271484375,2760.37548828125,1058.809326171875,639.3167724609375,1193.3883056640625,361.4327392578125,2637.215965326821,1244.9039306640625,1485.28076171875,692.3212890625,2188.489990234375,1054.8704833984375,1476.911376953125,363.7881774902344,346.2019348144531,3466.912109375,11290.59765625,1258.210693359375,299.1097106933594,234.67002868652344,247.90179443359372,1422.32275390625,692.2653198242188,1537.7467041015625,1076.5844286606111,3821.211669921875,1173.0699462890625,3545.684814453125,9304.5830078125,236.43069458007807
2024-03-19,3048.6318359375,2729.925048828125,1048.28466796875,648.3197021484375,1196.3587646484375,359.03375244140625,2621.234269394964,1204.431640625,1445.2880859375,693.9011840820312,2157.089111328125,1057.5533447265625,1438.9434814453125,356.9037170410156,348.5426025390625,3408.987548828125,11252.5126953125,1217.1051025390625,295.6202392578125,232.5619201660156,242.38040161132807,1408.267333984375,685.4937133789062,1515.4327392578125,1085.6415366625604,3659.988525390625,1154.2664794921875,3549.349609375,9151.529296875,229.3173675537109
2024-03-20,3047.383544921875,2739.4287109375,1032.2730712890625,653.553466796875,1199.718994140625,359.4193420410156,2564.91400975633,1198.227783203125,1434.3978271484375,685.1397705078125,2133.300537109375,1058.090087890625,1432.9534912109375,362.26318359375,351.6801147460937,3416.77587890625,11586.3916015625,1243.5335693359375,295.80877685546875,236.6883850097656,247.6678771972656,1426.546875,697.2847900390625,1516.3138427734375,1083.002530373497,3654.099365234375,1165.37353515625,3556.382080078125,9181.830078125,228.6917724609375
2024-03-21,3062.413330078125,2735.792236328125,1033.1209716796875,660.06494140625,1189.0054931640625,370.1719055175781,2584.2179821048403,1203.1163330078125,1442.260498046875,692.1776733398438,2133.681396484375,1055.4559326171875,1432.7232666015625,367.0997314453125,353.0247802734375,3465.744140625,11554.3720703125,1245.1915283203125,306.51318359375,235.88104248046875,256.18389892578125,1433.685791015625,704.9087524414062,1531.82568359375,1089.0013259379718,3655.985595703125,1182.3798828125,3593.080078125,9294.322265625,231.91244506835935
2024-03-22,3103.55859375,2755.52685546875,1030.8265380859375,664.5025634765625,1203.906982421875,370.086181640625,2566.1855120503697,1217.840576171875,1407.962158203125,690.7891845703125,2147.193359375,1063.7489013671875,1390.470458984375,373.5049133300781,353.87139892578125,3522.013671875,11971.16015625,1254.8218994140625,306.27740478515625,236.15011596679688,258.0555725097656,1437.6876220703125,707.1817626953125,1574.593994140625,1080.3345615218711,3598.88623046875,1163.8526611328125,3671.47802734375,9372.736328125,225.72596740722656
2024-03-26,3105.805419921875,2729.48876953125,1038.0592041015625,679.1668090820312,1181.5059814453125,373.5133361816406,2525.874135685927,1204.421875,1411.9384765625,682.4346923828125,2131.44482421875,1057.3094482421875,1375.54150390625,372.6770324707031,349.3493957519531,3572.928955078125,11886.5986328125,1261.0145263671875,310.3799743652344,238.1685333251953,252.72134399414065,1424.397705078125,700.8836669921875,1564.0242919921875,1082.0430345004952,3568.151123046875,1156.2020263671875,3663.058837890625,9294.2734375,222.3662567138672
2024-03-27,3117.939697265625,2744.859130859375,1050.3297119140625,690.2388305664062,1192.9013671875,367.9443054199219,2428.2274365430003,1186.6053466796875,1397.4329833984375,689.7598266601562,2131.159912109375,1057.3583984375,1367.4320068359375,372.9820251464844,353.7120361328125,3608.26806640625,12138.6806640625,1251.432861328125,312.7377624511719,234.80455017089844,252.90847778320312,1475.0618896484375,694.4909057617188,1569.9453125,1080.1216004213431,3534.470703125,1155.695068359375,3723.67724609375,9316.296875,218.8675079345703
2024-03-28,3192.83935546875,2760.617431640625,1044.6932373046875,712.1073608398438,1196.6021728515625,371.9283447265625,2428.2246149167295,1208.947021484375,1395.037841796875,693.2069702148438,2154.615234375,1066.67578125,1380.5177001953125,373.28704833984375,355.6841735839844,3664.245361328125,12226.0068359375,1278.690673828125,316.6988830566406,240.45599365234372,259.1317443847656,1468.145263671875,712.53271484375,1585.99560546875,1098.1618368998556,3567.046630859375,1150.4410400390625,3765.674560546875,9437.986328125,222.4821014404297
2024-04-01,3247.766357421875,2784.134033203125,1050.5789794921875,712.6676635742188,1185.645263671875,378.7396545410156,2489.549166382361,1227.0972900390625,1406.9224853515625,704.027099609375,2175.120849609375,1072.8712158203125,1378.1217041015625,371.8491516113281,356.7200622558594,3736.383544921875,12196.169921875,1260.7708740234375,322.87628173828125,242.1155548095703,262.1732177734375,1467.0831298828125,718.1677856445312,1594.5098876953125,1102.4597556515141,3604.269775390625,1147.1688232421875,3702.876953125,9636.6845703125,224.72964477539065
2024-04-02,3264.393798828125,2787.237060546875,1044.6932373046875,708.3872680664062,1176.7823486328125,379.7250061035156,2548.4993195555185,1224.5843505859375,1381.255126953125,708.6472778320312,2175.882080078125,1054.8704833984375,1366.5103759765625,371.1084289550781,350.0864562988281,3706.59375,12179.5302734375,1279.1536865234375,325.1869201660156,244.4479522705078,261.6116943359375,1469.2320556640625,725.8391723632812,1587.6591796875,1108.0511114276276,3573.948486328125,1140.025146484375,3720.260009765625,9717.7626953125,222.9918670654297
2024-04-03,3229.14111328125,2782.53369140625,1060.7047119140625,718.397705078125,1193.77783203125,381.6955871582031,2533.36911749933,1202.3702392578125,1388.07861328125,709.6765747070312,2155.423828125,1050.9677734375,1364.4830322265625,370.5419616699219,344.8572692871094,3682.304443359375,12058.630859375,1245.3377685546875,331.2699890136719,247.0045166015625,262.12646484375,1454.0650634765625,730.2430419921875,1585.3104248046875,1102.1632033975477,3632.382568359375,1156.9395751953125,3677.22314453125,9682.66796875,223.91868591308597
2024-04-04,3206.521240234375,2830.0029296875,1060.405517578125,715.8569946289062,1175.418701171875,384.5658264160156,2513.269180188371,1205.9237060546875,1391.51318359375,731.36474609375,2155.18603515625,1052.5777587890625,1370.058349609375,368.4069519042969,348.4429626464844,3697.296630859375,12193.890625,1243.216796875,334.47662353515625,241.30821228027344,259.8336486816406,1445.493408203125,719.1149291992188,1584.821044921875,1095.1566023311002,3683.91455078125,1179.1536865234375,3746.805419921875,9685.765625,225.86497497558597
2024-04-05,3220.502685546875,2796.207275390625,1056.564697265625,705.2666625976562,1159.9815673828125,382.9379577636719,2530.6118897903025,1213.1484375,1396.574462890625,741.873779296875,2157.089111328125,1057.0169677734375,1363.054443359375,372.58990478515625,355.6144714355469,3643.99609375,12052.5673828125,1237.3897705078125,334.38232421875,240.3663330078125,260.5355834960937,1442.7020263671875,724.2764892578125,1574.69189453125,1089.025037095836,3661.783447265625,1164.5438232421875,3718.7744140625,9510.05859375,224.7759704589844
2024-04-08,3220.2529296875,2804.49853515625,1073.4742431640625,705.5516967773438,1173.3245849609375,383.3234558105469,2496.787646591447,1212.2159423828125,1391.87451171875,740.4613647460938,2158.992431640625,1060.675537109375,1360.8427734375,373.9406433105469,356.2618408203125,3707.031982421875,12482.890625,1218.080322265625,342.8232116699219,242.56407165527344,263.67059326171875,1468.2686767578125,727.6385498046875,1565.590087890625,1095.4109461812436,3655.617919921875,1166.156982421875,3713.277099609375,9548.927734375,222.3894195556641
2024-04-09,3194.187744140625,2770.702880859375,1077.4146728515625,707.0308837890625,1173.0811767578125,376.8548278808594,2508.205521026912,1210.9102783203125,1392.2813720703125,741.3949584960938,2154.424560546875,1080.0909423828125,1377.5687255859375,371.5441284179688,354.7080383300781,3685.030517578125,12505.111328125,1220.396484375,342.2573547363281,241.2633819580078,263.1558837890625,1446.2098388671875,723.7555541992188,1568.3792724609375,1089.4526873122443,3631.691650390625,1153.48291015625,3644.38818359375,9457.34765625,220.4894561767578
2024-04-10,3237.679443359375,2809.1044921875,1085.1961669921875,710.6331787109375,1197.3814697265625,390.99163818359375,2535.94056312176,1208.947021484375,1391.06103515625,735.553955078125,2151.332275390625,1082.3836669921875,1388.5814208984375,380.7815246582031,363.7420959472656,3653.82861328125,12305.9580078125,1232.4892578125,341.8800964355469,243.99937438964844,264.4192199707031,1461.945068359375,737.8196411132812,1569.847412109375,1094.2525300015623,3666.752685546875,1167.2171630859375,3675.935302734375,9504.4921875,221.1845550537109
2024-04-12,3205.6220703125,2768.133056640625,1070.88037109375,710.5643920898438,1193.6318359375,390.34906005859375,2580.410394673127,1194.4093017578125,1375.1092529296875,727.223388671875,2124.11865234375,1077.5054931640625,1368.26123046875,374.8121032714844,361.1723327636719,3581.836669921875,11902.123046875,1236.6826171875,341.1727294921875,238.34796142578125,257.5876770019531,1449.6680908203125,725.7444458007812,1507.1630859375,1126.6110091444332,3682.166015625,1144.910400390625,3584.90869140625,9344.46875,218.1492462158203
2024-04-15,3143.25537109375,2758.33837890625,1055.41748046875,695.4970092773438,1192.6578369140625,386.4078979492188,2577.8110476864626,1180.07763671875,1360.2421875,715.6132202148438,2087.721923828125,1052.08984375,1352.9637451171875,371.1520080566406,358.20416259765625,3505.4638671875,12053.779296875,1245.1915283203125,340.6068725585937,251.04122924804688,256.4646911621094,1447.3707275390625,717.4102172851562,1507.2120361328125,1140.7282015676612,3626.768798828125,1123.3875732421875,3566.38623046875,9202.8388671875,212.8664093017578
2024-04-16,3102.260009765625,2744.374267578125,1049.382080078125,683.5061645507812,1184.7686767578125,388.2928466796875,2571.522442400341,1187.8323974609375,1335.1619873046875,722.5794067382812,2113.175537109375,1041.065185546875,1303.476806640625,371.1520080566406,357.0985412597656,3449.632080078125,12131.2578125,1241.5101318359375,338.8149719238281,254.00157165527344,256.65185546875,1448.2847900390625,711.9171752929688,1504.765380859375,1136.017504479985,3563.826416015625,1102.2332763671875,3611.255859375,9161.7431640625,207.7689208984375
2024-04-18,3015.2763671875,2722.7490234375,1021.5487670898438,677.5057373046875,1232.7847900390625,375.7838134765625,2541.3884799906527,1169.53515625,1325.71728515625,715.6132202148438,2107.466552734375,1029.7474365234375,1307.9000244140625,365.0082092285156,355.9331970214844,3456.93359375,12036.4609375,1200.77001953125,331.1756896972656,245.92803955078125,262.12646484375,1446.876708984375,705.3822631835938,1484.06640625,1155.5265736205454,3553.8876953125,1087.346923828125,3491.603759765625,9083.279296875,205.9152984619141
2024-04-19,3022.916259765625,2723.573486328125,1026.636474609375,699.7479248046875,1255.42919921875,372.9564208984375,2513.387014062151,1166.7274169921875,1308.2291259765625,733.13623046875,2123.452392578125,1041.2601318359375,1300.52783203125,370.14984130859375,357.1084899902344,3425.19677734375,12333.3212890625,1188.6529541015625,330.6098327636719,246.91482543945312,263.5770263671875,1452.6077880859375,710.7332763671875,1490.329833984375,1149.4469499563631,3520.94384765625,1100.251708984375,3529.193359375,9065.0791015625,209.8079071044922
2024-04-22,3059.267822265625,2755.865966796875,1051.427001953125,716.7219848632812,1263.756591796875,379.5108642578125,2506.463280282035,1181.1082763671875,1324.8590087890625,723.9917602539062,2132.872314453125,1060.187744140625,1320.3409423828125,370.629150390625,360.5547790527344,3517.048583984375,12405.65625,1198.8927001953125,323.3949890136719,248.3052673339844,265.4486389160156,1462.2166748046875,725.5549926757812,1507.2608642578125,1117.8590811062536,3556.280029296875,1113.52490234375,3562.572998046875,9259.955078125,214.09442138671875
2024-04-23,3061.015380859375,2787.916015625,1053.2227783203125,713.5473022460938,1307.3897705078125,377.7972412109375,2520.2146435803993,1168.54345703125,1343.6121826171875,721.7893676757812,2153.0927734375,1063.7000732421875,1329.23388671875,374.0278015136719,361.1723327636719,3514.56591796875,12610.14453125,1219.6405029296875,327.4032287597656,248.3052673339844,267.0395812988281,1441.936279296875,732.0899047851562,1452.993408203125,1102.7694713341593,3565.574462890625,1106.3350830078125,3598.478271484375,9229.2666015625,214.14077758789065
2024-04-24,3039.493896484375,2780.98193359375,1060.7047119140625,720.3535766601562,1301.5947265625,380.2819213867188,2553.296643214691,1168.288330078125,1336.92431640625,723.7523193359375,2150.7138671875,1070.041748046875,1318.498046875,373.766357421875,367.0987548828125,3538.612060546875,12559.4951171875,1219.104248046875,331.6473083496094,250.5927581787109,271.7654724121094,1432.895263671875,732.1845703125,1454.06982421875,1074.9542866413556,3525.406982421875,1092.923583984375,3575.449462890625,9350.5673828125,213.12127685546875
2024-04-25,3111.098388671875,2774.872802734375,1124.30224609375,716.9873046875,1303.8348388671875,387.6502685546875,2525.99354934829,1220.893310546875,1359.4287109375,723.2974853515625,2122.739013671875,1086.627685546875,1325.59375,381.304443359375,327.1876220703125,3555.600341796875,12538.5859375,1249.5799560546875,338.767822265625,252.92510986328125,274.4794311523437,1442.57861328125,769.6888427734375,1487.7364501953125,1070.137105625314,3544.869384765625,1097.1636962890625,3537.166748046875,9374.6728515625,213.6310272216797
2024-04-26,3076.294677734375,2758.09619140625,1127.5943603515625,661.5834350585938,1291.465576171875,390.52044677734375,2579.7728387436705,1227.44091796875,1332.0439453125,722.8427734375,2114.93603515625,1080.9202880859375,1318.0372314453125,383.4394836425781,320.4245300292969,3509.747314453125,12325.9462890625,1210.6197509765625,335.7498474121094,253.7772979736328,273.4967956542969,1435.2421875,758.89208984375,1474.4263916015625,1070.81730123993,3516.48046875,1178.69287109375,3550.736572265625,9391.2763671875,215.29928588867188
2024-04-29,3077.09375,2781.418701171875,1156.4749755859375,670.9599609375,1297.74755859375,388.3356323242188,2571.074967790364,1236.2755126953125,1253.911865234375,732.2744140625,2118.21923828125,1131.89794921875,1322.18408203125,381.870849609375,326.7792053222656,3538.076904296875,12312.84765625,1223.8096923828125,342.3516540527344,254.04641723632807,274.853759765625,1447.568359375,782.7584838867188,1489.1553955078125,1096.4038378963087,3561.433349609375,1187.49560546875,3570.595947265625,9646.4140625,214.53466796875
2024-04-30,3050.629150390625,2788.885498046875,1163.109130859375,680.4887084960938,1287.862060546875,389.2352600097656,2571.291039377324,1218.056640625,1235.113037109375,727.7740478515625,2122.357666015625,1122.38525390625,1309.0982666015625,379.6487121582031,323.5022888183594,3499.135986328125,12436.7060546875,1222.6392822265625,342.5402526855469,253.73245239257807,282.4808044433594,1449.5198974609375,782.5216674804688,1470.071044921875,1101.801461090321,3515.836669921875,1164.635986328125,3555.144287109375,9653.5771484375,214.27978515625
2024-05-02,3035.549560546875,2885.375,1147.0975341796875,676.4737548828125,1270.0872802734375,388.8925476074219,2545.769344900501,1234.3907470703125,1229.7806396484375,733.591064453125,2118.408935546875,1111.7017822265625,1303.476806640625,382.5680236816406,313.8805847167969,3504.1982421875,12424.916015625,1225.02880859375,348.0575256347656,253.68760681152344,293.47686767578125,1449.0753173828125,786.1205444335938,1486.6109619140625,1098.8786414293374,3555.08349609375,1167.770263671875,3534.541748046875,9664.806640625,211.96275329589844
2024-05-03,2989.260986328125,2841.106201171875,1138.7674560546875,681.2701416015625,1244.13134765625,406.6278991699219,2462.596417508534,1246.57275390625,1218.3477783203125,727.5346069335938,2109.607421875,1114.2386474609375,1305.1817626953125,380.3458251953125,308.1135559082031,3407.137939453125,12121.021484375,1197.625,344.1907653808594,256.6478881835937,290.9032897949219,1416.9130859375,787.446533203125,1478.92822265625,1112.005211722311,3536.771240234375,1152.607177734375,3500.320068359375,9502.9921875,211.9395904541016
2024-05-06,2870.819091796875,2843.43359375,1140.912353515625,674.2279663085938,1249.97509765625,394.6329956054688,2493.9009319934494,1235.5589599609375,1228.0633544921875,728.994873046875,2146.8603515625,1118.3851318359375,1314.0284423828125,378.8643493652344,323.572021484375,3371.6044921875,12069.7412109375,1198.2587890625,336.5042724609375,253.10452270507807,287.15997314453125,1402.610595703125,765.048095703125,1496.5445556640625,1078.8563946989664,3608.226806640625,1163.4837646484375,3248.981201171875,9464.849609375,212.54200744628903
2024-05-07,2832.17041015625,2824.86328125,1125.00048828125,675.4761962890625,1252.653564453125,390.6917724609375,2520.456357116613,1228.520751953125,1219.0416259765625,721.09521484375,2264.089599609375,1104.3358154296875,1327.897705078125,383.7444763183594,327.4764404296875,3336.99560546875,11996.7265625,1223.2490234375,329.2894592285156,245.4346923828125,276.3043212890625,1384.775634765625,759.4603881835938,1483.03857421875,1082.7965102901073,3661.507080078125,1191.32080078125,3239.819091796875,9373.3662109375,214.9748992919922
2024-05-08,2856.73779296875,2757.27197265625,1125.9482421875,668.29150390625,1255.0396728515625,397.93157958984375,2511.6032756948407,1189.0103759765625,1203.1964111328125,709.8441772460938,2227.59814453125,1095.652587890625,1315.3187255859375,384.31097412109375,328.3629455566406,3394.531005859375,12170.89453125,1238.0479736328125,335.2311096191406,248.3500823974609,282.62115478515625,1401.6473388671875,767.8893432617188,1489.30224609375,1094.8423738017007,3659.6669921875,1186.297119140625,3228.874267578125,9215.568359375,214.6505279541016
2024-05-09,2762.962890625,2628.1025390625,1112.9793701171875,649.1945190429688,1242.2320556640625,379.9820251464844,2514.892017615756,1153.8681640625,1209.0582275390625,693.0155029296875,2212.9443359375,1088.5302734375,1326.607421875,370.454833984375,327.31707763671875,3188.727783203125,12133.150390625,1225.58935546875,326.36578369140625,237.9442596435547,277.1465148925781,1377.51318359375,776.4129638671875,1462.780029296875,1073.0437984419184,3644.2529296875,1169.7979736328125,3214.858642578125,9144.607421875,211.26763916015625
2024-05-10,2793.522216796875,2687.402099609375,1117.418701171875,656.9590454101562,1267.2628173828125,385.03704833984375,2533.90165631782,1162.437744140625,1205.5318603515625,697.8200073242188,2248.05615234375,1089.847412109375,1313.10693359375,377.644287109375,324.2991027832031,3184.833740234375,12298.923828125,1235.2198486328125,335.2783203125,242.4295196533203,284.25885009765625,1390.65478515625,774.0927124023438,1474.4263916015625,1090.6025932695386,3583.242919921875,1165.4656982421875,3258.589111328125,9188.7529296875,209.39083862304688
2024-05-13,2875.7626953125,2792.134521484375,1129.290283203125,660.3597412109375,1252.458740234375,380.4104309082031,2480.5630733171492,1159.993408203125,1202.509521484375,706.2400512695312,2246.248046875,1100.53076171875,1311.7706298828125,376.3371887207031,326.9385986328125,3206.640869140625,12297.3232421875,1226.954833984375,330.9399719238281,239.42437744140625,286.8791809082031,1385.9859619140625,765.9951782226562,1492.5318603515625,1096.1473899197501,3632.84228515625,1163.2994384765625,3222.73291015625,9246.64453125,209.4371795654297
2024-05-14,3033.501953125,2779.4306640625,1120.1622314453125,656.1285400390625,1250.8516845703125,384.4373168945313,2463.3784413265994,1152.1898193359375,1209.97412109375,709.0062866210938,2235.73388671875,1093.2623291015625,1312.922607421875,374.4635009765625,327.9545593261719,3289.974365234375,12433.50390625,1212.8629150390625,335.5611877441406,244.80674743652344,289.40594482421875,1403.1539306640625,774.897705078125,1512.3011474609375,1090.2711955580598,3589.960205078125,1175.697021484375,3257.64794921875,9352.310546875,211.4761657714844
2024-05-15,3045.685546875,2728.567138671875,1125.3497314453125,656.5511474609375,1275.784912109375,400.8446350097656,2491.5908210428042,1153.4068603515625,1220.8277587890625,698.1111450195312,2210.70849609375,1096.9696044921875,1308.545166015625,372.8077697753906,328.8509826660156,3320.98095703125,12387.9970703125,1201.9647216796875,340.7955322265625,245.30014038085935,294.6465759277344,1399.3992919921875,776.8865356445312,1494.831787109375,1100.292616750217,3570.8193359375,1174.775390625,3237.491455078125,9307.24609375,212.3797912597656
2024-05-16,3037.596435546875,2728.906982421875,1136.57275390625,663.151123046875,1310.068115234375,401.2301635742188,2449.5852675176257,1148.5771484375,1234.79541015625,708.6665649414062,2229.59619140625,1103.506591796875,1339.32470703125,375.9884948730469,333.0841369628906,3368.975830078125,12126.3583984375,1203.5982666015625,340.88983154296875,249.0677490234375,292.4473876953125,1408.3660888671875,768.9784545898438,1503.5419921875,1135.899858248419,3615.820556640625,1205.60791015625,3302.220458984375,9399.212890625,215.2297821044922
2024-05-17,3056.42138671875,2724.882568359375,1138.6177978515625,661.2100219726562,1309.43505859375,402.9009094238281,2460.506494754613,1138.59423828125,1221.1024169921875,710.5349731445312,2207.9013671875,1102.9698486328125,1330.9849853515625,380.2151184082031,337.9647216796875,3359.38671875,12265.9345703125,1192.456298828125,344.6622619628906,248.88833618164065,293.0556640625,1418.5927734375,774.5662231445312,1498.7464599609375,1139.1994188980918,3553.857177734375,1203.257568359375,3329.21142578125,9574.677734375,213.6310272216797
2024-05-21,3113.345458984375,2765.5146484375,1134.9267578125,662.7284545898438,1309.2891845703125,420.3792114257813,2415.598114756345,1134.7166748046875,1229.071044921875,707.962890625,2198.71875,1093.65234375,1321.631103515625,378.9079284667969,338.3033447265625,3349.845947265625,12102.7314453125,1199.916748046875,350.8396911621094,251.2655029296875,304.7535705566406,1419.0128173828125,786.6888427734375,1508.0927734375,1143.5596806032868,3540.972900390625,1220.31005859375,3344.9111328125,9476.951171875,213.58465576171875
2024-05-22,3136.76416015625,2798.437744140625,1123.3045654296875,662.8955688476562,1312.7952880859375,429.8466491699219,2432.187829617753,1152.9652099609375,1230.124267578125,708.156982421875,2252.1953125,1084.0423583984375,1340.6611328125,383.3523559570313,338.5623474121094,3369.21923828125,12159.0556640625,1203.9881591796875,352.58453369140625,249.38172912597656,304.84716796875,1443.24560546875,788.422119140625,1506.47802734375,1136.7347967729975,3551.910888671875,1226.301513671875,3351.696044921875,9579.03515625,213.77003479003903
2024-05-23,3382.785888671875,2815.89306640625,1162.460693359375,670.9647827148438,1338.26416015625,426.0767517089844,2431.911096958567,1157.863525390625,1239.7415771484375,724.3661499023438,2267.039306640625,1106.8724365234375,1356.8802490234375,384.6159057617188,340.4548034667969,3490.47119140625,12550.6181640625,1206.4261474609375,351.12261962890625,254.27069091796875,299.37255859375,1468.3428955078125,801.277587890625,1463.2205810546875,1123.8523281215964,3608.869140625,1232.845947265625,3419.247802734375,9845.9365234375,215.8553771972656
2024-05-24,3380.43896484375,2787.7705078125,1171.189697265625,671.9722900390625,1352.337890625,429.2469482421875,2378.9850416358827,1151.5909423828125,1232.0933837890625,736.3046875,2254.2412109375,1104.384521484375,1350.1529541015625,380.1279602050781,339.3392639160156,3529.899169921875,12614.220703125,1203.3055419921875,353.6219482421875,254.0912628173828,298.3431091308594,1462.6119384765625,797.9072265625,1454.99951171875,1137.2918813703475,3568.131591796875,1218.328125,3379.974609375,9904.5517578125,214.85903930664065
2024-05-27,3284.6669921875,2785.39453125,1184.1585693359375,677.7318725585938,1348.2958984375,423.6349487304688,2418.6169597447156,1152.955322265625,1239.5123291015625,741.400390625,2268.9423828125,1102.2869873046875,1355.9124755859375,376.0321350097656,340.84326171875,3555.307861328125,12522.671875,1199.4779052734375,348.6233825683594,249.0677490234375,297.54766845703125,1448.77880859375,802.818359375,1434.7900390625,1124.3058755883999,3565.86083984375,1225.6561279296875,3371.06005859375,9899.130859375,209.66888427734372
2024-05-28,3239.726806640625,2823.11767578125,1180.5672607421875,675.5253295898438,1335.34228515625,417.8088989257813,2395.02950201517,1171.135009765625,1244.18359375,742.75927734375,2279.83740234375,1099.5062255859375,1351.9500732421875,373.8535461425781,339.3790588378906,3561.343994140625,12437.7724609375,1195.4793701171875,344.6151428222656,246.06260681152344,292.7281799316406,1438.8485107421875,800.3628540039062,1433.66455078125,1125.8494521448304,3559.233154296875,1212.198486328125,3377.0029296875,9854.01953125,211.33714294433597
2024-05-29,3254.457275390625,2812.40185546875,1156.9737548828125,669.0039672851562,1341.2347412109375,416.7807312011719,2369.1865405398585,1178.0947265625,1239.329345703125,731.9855346679688,2258.380126953125,1075.1639404296875,1337.1131591796875,375.5528564453125,336.23162841796875,3538.5634765625,12408.7119140625,1207.42578125,343.8606262207031,243.8648223876953,297.313720703125,1423.6072998046875,792.1776733398438,1447.4146728515625,1118.8465270536487,3525.6328125,1185.790283203125,3348.278564453125,9703.482421875,208.9042510986328
2024-05-30,3189.9931640625,2796.44970703125,1165.1541748046875,650.3051147460938,1341.283447265625,413.0965881347656,2376.684504003711,1153.1614990234375,1219.8658447265625,735.1642456054688,2237.4462890625,1086.5789794921875,1315.4566650390625,369.3655395507813,336.6797790527344,3538.466064453125,12223.7275390625,1172.6104736328125,339.2393493652344,239.24497985839844,287.01959228515625,1407.8720703125,795.2590942382812,1427.9881591796875,1126.7264293469323,3463.02001953125,1143.75830078125,3240.76025390625,9553.86328125,202.48605346679688
2024-05-31,3406.803955078125,2794.025390625,1159.3681640625,658.2908935546875,1336.998046875,420.8504638671875,2415.738957963139,1137.08251953125,1212.767578125,743.2688598632812,2216.179931640625,1093.75,1322.4598388671875,371.63128662109375,334.7474975585937,3572.150390625,12030.9287109375,1148.2784423828125,338.5791320800781,237.1369171142578,290.1078491210937,1413.35595703125,799.5924072265625,1428.6732177734375,1132.3790166252318,3402.6318359375,1132.3284912109375,3211.0947265625,9599.025390625,203.06532287597656
2024-06-03,3640.39208984375,2779.721435546875,1220.9703369140625,679.7024536132812,1354.8701171875,438.9713439941406,2382.8742297791428,1135.4039306640625,1203.928955078125,762.9964599609375,2241.728271484375,1131.75146484375,1321.519775390625,375.0299377441406,342.2476501464844,3793.96728515625,12105.4970703125,1148.351806640625,369.513427734375,254.8537750244141,315.98358154296875,1492.32861328125,872.1032104492188,1422.067138671875,1149.2158668359223,3432.200927734375,1147.906005859375,3230.21142578125,10135.876953125,205.79942321777344
2024-06-04,2937.33056640625,2771.187744140625,1128.5421142578125,639.79833984375,1265.8504638671875,378.6111755371094,2385.8188046059076,1125.096923828125,1193.945556640625,719.7800903320312,2375.32421875,1045.3577880859375,1310.005126953125,368.4967956542969,326.2911682128906,3313.095458984375,11814.3115234375,1183.8011474609375,312.4076843261719,211.97445678710935,276.9594116210937,1380.625732421875,746.4852905273438,1399.3616943359375,1141.5555509783105,3443.46240234375,1142.329833984375,3208.172607421875,9601.7373046875,203.04214477539065
2024-06-05,3111.198486328125,2872.137939453125,1181.66455078125,671.9476928710938,1309.337646484375,394.5901489257813,2400.9521228727453,1143.4237060546875,1230.719482421875,753.0963134765625,2476.615478515625,1081.6519775390625,1344.2672119140625,381.8983154296875,342.25762939453125,3318.7421875,12131.1611328125,1223.8341064453125,321.6030578613281,222.02151489257807,279.62646484375,1403.821044921875,760.4962768554688,1455.5867919921875,1137.7264106660912,3472.613525390625,1167.770263671875,3286.124755859375,9717.712890625,209.2286529541016
2024-06-06,3181.404541015625,2816.9111328125,1168.14697265625,680.7099609375,1334.9041748046875,405.2142028808594,2425.047413396127,1156.5382080078125,1279.99609375,756.93017578125,2426.041259765625,1083.359375,1383.8875732421875,386.4246520996094,345.5644836425781,3390.3447265625,12296.9833984375,1205.08544921875,329.8553466796875,226.32736206054688,281.170654296875,1414.5416259765625,786.6887817382812,1441.2979736328125,1122.8248113438317,3550.427490234375,1214.3646240234375,3290.0869140625,9734.0244140625,213.6310272216797
2024-06-07,3215.259521484375,2839.118408203125,1183.9591064453125,706.814697265625,1388.130615234375,410.5262451171875,2431.9088524247886,1189.982177734375,1311.13720703125,763.5545654296875,2452.874755859375,1094.384033203125,1441.5552978515625,389.7528381347656,349.3493957519531,3438.97216796875,12430.3017578125,1220.225830078125,340.08819580078125,233.59353637695312,289.4995422363281,1452.4345703125,799.207275390625,1474.7198486328125,1116.356766270627,3609.33251953125,1269.8082275390625,3411.32373046875,10129.1962890625,224.5442657470703
2024-06-10,3215.808837890625,2848.67041015625,1197.12744140625,696.7354736328125,1388.909912109375,409.283935546875,2420.4902830476863,1198.7872314453125,1299.4593505859375,757.7067260742188,2441.0283203125,1096.43310546875,1409.7369384765625,387.7559509277344,347.74578857421875,3449.92431640625,12339.7255859375,1242.5341796875,344.1435852050781,232.47222900390625,295.5356140136719,1453.867431640625,800.9887084960938,1480.8365478515625,1122.6360634918833,3576.658935546875,1235.472900390625,3389.681396484375,10480.70703125,220.23458862304688
2024-06-11,3216.95703125,2841.865478515625,1191.740478515625,701.5760498046875,1390.07861328125,408.1272583007813,2393.7973448700996,1185.6531982421875,1308.6644287109375,759.4052734375,2432.464111328125,1090.9693603515625,1405.9771728515625,384.2945861816406,342.6361083984375,3503.419189453125,12481.4853515625,1239.4864501953125,346.5013732910156,245.3898162841797,296.2375183105469,1439.31787109375,804.5997924804688,1467.7713623046875,1134.9068565376303,3570.541748046875,1243.8607177734375,3378.290771484375,10584.5830078125,220.6053009033203
2024-06-12,3214.76025390625,2845.1455078125,1185.0565185546875,709.404541015625,1400.938232421875,418.70849609375,2397.5681504932145,1189.7366943359375,1317.7774658203125,763.94287109375,2406.154296875,1092.2864990234375,1396.060302734375,383.67333984375,341.7894897460937,3534.182861328125,12467.609375,1237.218994140625,350.1795349121094,247.1391143798828,303.8177795410156,1445.8885498046875,808.0182495117188,1474.7198486328125,1120.9210702014018,3551.5859375,1263.3558349609375,3350.16064453125,10692.28125,220.9991912841797
2024-06-13,3220.502685546875,2849.2578125,1171.838134765625,716.9922485351562,1388.6177978515625,418.0230712890625,2363.105542132471,1196.7652587890625,1322.7237548828125,767.1458129882812,2366.855712890625,1080.3836669921875,1404.28515625,381.8983154296875,343.90106201171875,3605.590576171875,12465.1826171875,1244.2650146484375,348.9063415527344,248.08099365234372,300.8231201171875,1447.790771484375,812.6405639648438,1478.585693359375,1134.9430749290173,3594.687744140625,1280.2701416015625,3439.206298828125,10817.1650390625,223.640625
2024-06-14,3258.6767578125,2860.615966796875,1178.2227783203125,721.5723876953125,1390.2247314453125,417.2091369628906,2270.206299538066,1194.6842041015625,1310.7252197265625,774.9835815429688,2382.56494140625,1078.72509765625,1399.5382080078125,382.6526794433594,342.07830810546875,3590.160400390625,12463.5830078125,1239.754638671875,347.4916687011719,247.0493927001953,300.869873046875,1459.9442138671875,808.1146240234375,1483.6746826171875,1156.9069586567612,3551.957275390625,1264.139404296875,3496.506591796875,10883.9619140625,221.2772521972656
2024-06-18,3305.932373046875,2857.580078125,1189.0469970703125,720.8990478515625,1391.1500244140625,419.0083618164063,2284.8514633757873,1176.229736328125,1316.358154296875,780.2733764648438,2388.810302734375,1095.506103515625,1408.280029296875,380.5226745605469,342.5166320800781,3591.523193359375,12187.77734375,1243.5823974609375,348.6233825683594,247.408203125,310.50897216796875,1463.3778076171875,813.603515625,1488.519287109375,1163.9970988116006,3536.24609375,1264.0472412109375,3554.896484375,10764.162109375,227.9271545410156
2024-06-19,3258.82666015625,2831.33984375,1223.713623046875,710.9967651367188,1356.087646484375,409.4981384277344,2314.534379301476,1169.348388671875,1324.2806396484375,804.5628051757812,2360.70654296875,1116.580078125,1420.640869140625,375.996337890625,347.9549255371094,3494.901123046875,11878.400390625,1231.7335205078125,341.8800964355469,243.59571838378903,306.2977294921875,1441.2694091796875,821.0181884765625,1471.9306640625,1195.1240179961192,3523.8251953125,1273.080322265625,3429.449951171875,10644.6044921875,229.7344512939453
2024-06-20,3256.37890625,2854.642822265625,1236.532958984375,708.3577880859375,1345.1793212890625,413.9533996582031,2240.8192341146387,1172.21484375,1322.08251953125,810.143798828125,2384.918701171875,1128.62939453125,1424.44775390625,375.6856994628906,351.84942626953125,3526.7890625,11788.55078125,1238.413818359375,337.3059997558594,243.8648223876953,303.72418212890625,1456.1400146484375,812.4960327148438,1439.6343994140625,1182.8259037979935,3510.431640625,1284.0953369140625,3403.30078125,10555.201171875,227.2552032470703
2024-06-21,3186.295166015625,2830.5078125,1234.48779296875,704.7177124023438,1379.17041015625,411.4259338378906,2210.5207804124134,1180.1954345703125,1326.1124267578125,808.396728515625,2345.6220703125,1130.434326171875,1440.709228515625,372.4018859863281,353.72198486328125,3468.45849609375,11839.0068359375,1218.2509765625,339.33367919921875,241.8912811279297,305.03436279296875,1436.872314453125,805.322021484375,1435.9642333984375,1163.0400096600886,3532.2138671875,1290.2711181640625,3367.44482421875,10322.087890625,227.32472229003903
2024-06-24,3191.590087890625,2835.59912109375,1225.16015625,699.5416870117188,1382.82275390625,405.8567810058594,2230.417896072173,1188.7354736328125,1319.701171875,811.6240234375,2346.486572265625,1141.60546875,1435.4925537109375,375.6856994628906,353.1044616699219,3465.122314453125,11821.443359375,1233.6839599609375,342.11590576171875,242.1155548095703,311.58514404296875,1424.2989501953125,801.8554077148438,1462.6331787109375,1135.15214249562,3537.8212890625,1292.0224609375,3379.925048828125,10441.7421875,227.32472229003903
2024-06-25,3168.1123046875,2798.78369140625,1268.4063720703125,698.8107299804688,1378.098876953125,402.0441284179688,2295.8045097332856,1193.33935546875,1326.2039794921875,830.5266723632812,2336.878662109375,1168.7772216796875,1449.4041748046875,375.6856994628906,354.967041015625,3520.264404296875,11756.6279296875,1226.564697265625,340.323974609375,239.5141143798828,306.3913269042969,1436.822998046875,811.0516357421875,1473.105224609375,1159.3738469369368,3557.88916015625,1316.0340576171875,3370.119384765625,10500.0205078125,230.24420166015625
2024-06-26,3167.5126953125,2803.58154296875,1282.322998046875,707.08349609375,1421.48876953125,401.6156921386719,2297.3393831892126,1191.7000732421875,1322.3114013671875,825.7463989257812,2349.75341796875,1188.3389892578125,1448.2291259765625,376.2625732421875,358.20416259765625,3535.12939453125,11835.8525390625,1235.7318115234375,344.2850646972656,240.18687438964844,305.7362365722656,1495.9844970703125,814.0367431640625,1488.715087890625,1170.3804730305897,3574.01708984375,1302.484375,3340.701416015625,10787.443359375,229.4795837402344
2024-06-27,3172.158447265625,2820.716552734375,1285.864501953125,707.9280395507812,1437.3642578125,400.1592102050781,2275.142413357848,1224.260498046875,1332.5697021484375,823.1500244140625,2365.654541015625,1190.19287109375,1478.9195556640625,377.7270202636719,364.6584167480469,3497.304931640625,11816.931640625,1235.488037109375,355.6968078613281,239.96261596679688,310.27496337890625,1512.3126220703125,812.73681640625,1483.91943359375,1169.9239119459767,3646.593994140625,1320.1820068359375,3359.43359375,11342.736328125,236.70870971679688
2024-06-28,3174.156494140625,2856.16064453125,1262.22119140625,702.87060546875,1406.441162109375,405.3855895996094,2270.2457874226484,1256.938720703125,1336.8746337890625,817.156494140625,2376.127685546875,1170.3870849609375,1472.7156982421875,377.1057739257813,359.0706787109375,3481.655029296875,11676.3359375,1244.2164306640625,356.8285217285156,245.972900390625,309.7135009765625,1546.7474365234375,817.5034790039062,1488.4215087890625,1174.918605589743,3618.786865234375,1318.4305419921875,3382.885498046875,11295.4951171875,238.58551025390625
2024-07-01,3180.80029296875,2866.686279296875,1258.8792724609375,718.7938232421875,1416.1319580078125,406.7992248535156,2314.7976070073523,1247.387451171875,1345.3468017578125,827.5420532226562,2406.92138671875,1182.3388671875,1495.3223876953125,380.7889404296875,360.1862487792969,3460.16748046875,11748.9150390625,1252.237548828125,348.7177429199219,244.8515472412109,308.4501037597656,1541.5599365234375,810.7627563476562,1487.6873779296875,1157.1744561315481,3687.424560546875,1356.913818359375,3409.96484375,11524.6884765625,244.3781280517578
2024-07-02,3150.22900390625,2864.5322265625,1250.399658203125,707.8145141601562,1381.994873046875,410.4834289550781,2295.0398188292493,1250.6365966796875,1356.2919921875,839.8687744140625,2387.75341796875,1161.6063232421875,1523.7567138671875,377.6382141113281,352.5168151855469,3558.23583984375,11684.826171875,1240.7054443359375,349.3306884765625,246.5559844970703,309.5731201171875,1546.525146484375,795.5480346679688,1491.55322265625,1197.5242674740027,3723.759521484375,1356.9600830078125,3378.364013671875,11475.6064453125,249.4060821533203
2024-07-03,3187.943603515625,2864.483154296875,1276.9359130859375,717.020751953125,1382.871337890625,415.49554443359375,2270.6237925082237,1261.5621337890625,1356.475341796875,858.3346557617188,2411.9658203125,1172.33837890625,1529.7255859375,380.123291015625,360.7042236328125,3546.314697265625,11763.4697265625,1244.1431884765625,351.4527587890625,246.4214782714844,313.6439514160156,1533.927001953125,808.8368530273438,1501.2420654296875,1200.1269119896467,3675.42138671875,1364.0113525390625,3339.210693359375,11493.1767578125,249.7768096923828
2024-07-04,3141.28759765625,2873.63818359375,1277.8338623046875,702.0309448242188,1385.988037109375,419.4367065429688,2256.3411802158253,1272.0556640625,1394.3485107421875,838.1945190429688,2398.1298828125,1202.9737548828125,1551.5802001953125,380.7889404296875,365.3158264160156,3506.03759765625,11730.4306640625,1241.0467529296875,351.7356872558594,248.52947998046875,313.5035705566406,1535.5079345703125,808.2108764648438,1524.681396484375,1202.404785340361,3727.05029296875,1344.977294921875,3315.112548828125,11384.703125,245.9305725097656
2024-07-05,3144.933837890625,2874.6171875,1283.9691162109375,705.088134765625,1392.4647216796875,421.10748291015625,2227.5733756887325,1280.0362548828125,1391.646484375,799.8310546875,2447.179443359375,1203.364013671875,1548.5721435546875,384.87152099609375,369.0709228515625,3558.873779296875,11744.4501953125,1255.1875,358.196044921875,258.53173828125,317.62127685546875,1569.6956787109375,827.9033813476562,1534.95751953125,1215.0216286421137,3718.569091796875,1347.0050048828125,3248.8798828125,11317.03515625,247.9695281982422
2024-07-08,3110.66650390625,2837.655029296875,1284.76708984375,701.1616821289062,1397.77294921875,422.6496887207031,2232.2120180160427,1282.814208984375,1404.46923828125,793.6434936523438,2485.755615234375,1204.973876953125,1561.9200439453125,393.7022705078125,369.1705017089844,3563.63232421875,11666.3916015625,1269.4501953125,355.979736328125,268.3544921875,317.62127685546875,1581.824462890625,824.5330200195312,1523.2132568359375,1223.6132942210675,3701.328369140625,1352.7659912109375,3136.4384765625,11213.2080078125,250.79632568359372
2024-07-09,3107.819091796875,2844.3623046875,1286.3134765625,698.1785278320312,1398.16259765625,423.07806396484375,2283.9105240688923,1292.375244140625,1402.36279296875,794.2015380859375,2488.63818359375,1217.8524169921875,1557.6900634765625,401.68994140625,368.1047668457031,3597.0908203125,12446.6025390625,1283.932373046875,355.6024475097656,266.8294677734375,319.2590026855469,1571.325927734375,829.3959350585938,1551.594970703125,1227.8824467501588,3694.190673828125,1351.060791015625,3195.01904296875,11307.0146484375,250.7036590576172
2024-07-10,3093.0830078125,2933.9033203125,1288.55810546875,696.8845825195312,1407.4151611328125,420.4649353027344,2295.0318754924074,1294.279541015625,1382.9910888671875,789.1544799804688,2508.142578125,1212.92529296875,1549.32421875,400.6693115234375,364.5190124511719,3581.3427734375,12393.3330078125,1275.8134765625,359.7049865722656,267.4574279785156,323.84454345703125,1565.3480224609375,817.5515747070312,1564.4647216796875,1214.9662641008424,3623.421142578125,1348.8485107421875,3204.8076171875,11262.91796875,248.1780548095703
2024-07-11,3075.399658203125,2958.968994140625,1293.6458740234375,686.5473022460938,1400.5,428.4328918457031,2287.8890962866803,1294.7115478515625,1384.777099609375,787.1161499023438,2506.60546875,1208.2908935546875,1553.507080078125,407.0594177246094,367.4374084472656,3552.937744140625,12337.4443359375,1264.4766845703125,355.64959716796875,273.37799072265625,320.8031005859375,1561.815673828125,824.9664306640625,1548.0228271484375,1223.3957650949128,3636.907958984375,1346.313720703125,3228.260009765625,11186.1494140625,247.506103515625
2024-07-12,3062.561767578125,2936.546875,1315.160888671875,691.8814086914062,1395.92236328125,425.1343688964844,2279.521688272581,1319.1932373046875,1429.0159912109375,787.50439453125,2519.480224609375,1202.876220703125,1609.012939453125,407.4144287109375,365.11663818359375,3580.656005859375,12189.28125,1272.180908203125,355.6968078613281,275.486083984375,321.08380126953125,1577.69921875,827.855224609375,1548.5628662109375,1256.2021126987113,3878.135986328125,1387.2857666015625,3209.62744140625,11231.9873046875,259.57794189453125
2024-07-15,3087.48828125,2894.787109375,1305.3267822265625,697.7537841796875,1400.1590576171875,426.4623718261719,2231.5178530704507,1333.9764404296875,1437.6256103515625,787.2131958007812,2517.606689453125,1199.9979248046875,1604.59521484375,411.2750854492188,367.24810791015625,3582.863525390625,12268.3115234375,1270.279296875,363.7132263183594,289.30078125,321.78570556640625,1578.1932373046875,848.7033081054688,1557.3006591796875,1280.3313361533671,3864.46435546875,1381.7552490234375,3204.012451171875,11455.955078125,259.3693542480469
2024-07-16,3106.37060546875,2912.3623046875,1301.8824462890625,697.29443359375,1428.306396484375,439.0570373535156,2259.8555953676887,1312.509521484375,1437.5799560546875,786.07275390625,2583.085693359375,1209.705810546875,1622.454833984375,413.1832580566406,359.6284484863281,3568.096923828125,12264.0419921875,1276.8660888671875,358.8090515136719,289.4352722167969,320.4755554199219,1557.4681396484375,848.0773315429688,1550.526611328125,1309.4124835906468,3873.037841796875,1397.5633544921875,3213.801025390625,11286.5888671875,259.3693542480469
2024-07-18,3089.286376953125,2870.358154296875,1307.2738037109375,702.3223266601562,1445.009765625,432.8882141113281,2258.2774941683215,1316.7457275390625,1460.47802734375,783.6705322265625,2631.078125,1219.8525390625,1652.5343017578125,417.3545837402344,363.9014892578125,3587.376708984375,12268.408203125,1286.5380859375,356.2626037597656,297.5536499023437,319.3525390625,1567.7689208984375,860.451416015625,1565.2039794921875,1300.6627291187767,4000.116943359375,1418.90185546875,3241.67529296875,11275.50390625,265.6253967285156
2024-07-19,3002.8681640625,2884.555419921875,1290.2513427734375,684.7692260742188,1423.6800537109375,418.1087341308594,2253.4926334218785,1310.5247802734375,1460.47802734375,780.0307006835938,2620.124755859375,1218.24267578125,1685.3394775390625,421.1709289550781,363.2732849121094,3550.386474609375,12152.2158203125,1272.2381591796875,343.9078063964844,286.7441101074219,310.8833312988281,1536.61962890625,856.4069213867188,1540.0704345703125,1283.434196519971,3997.1904296875,1400.1722412109375,3238.594970703125,10898.9677734375,258.2108459472656
2024-07-22,2998.022705078125,2873.05078125,1280.41748046875,680.0228881835938,1427.2352294921875,420.8504638671875,2356.349888451152,1337.1658935546875,1444.494873046875,797.1376953125,2628.099609375,1210.92529296875,1702.1651611328125,414.0707702636719,350.5000915527344,3582.71630859375,12265.69140625,1267.0716552734375,352.2544250488281,287.7757568359375,316.87261962890625,1482.793701171875,844.3218383789062,1558.4298095703125,1281.685959508578,3983.2080078125,1404.068359375,3234.072998046875,11148.15234375,234.39166259765625
2024-07-23,2992.528076171875,2836.627197265625,1261.1986083984375,664.4996948242188,1427.527099609375,417.251953125,2367.025844533893,1355.74951171875,1475.1827392578125,785.4176025390625,2657.9326171875,1196.8759765625,1726.6517333984375,436.8355712890625,352.7635498046875,3471.450927734375,12253.853515625,1264.255615234375,360.6953125,281.810302734375,312.8017272949219,1470.1708984375,831.8997192382812,1572.4202880859375,1283.1638686798728,3997.144287109375,1402.0499267578125,3445.1435546875,11177.291015625,231.9587860107422
2024-07-24,2967.901123046875,2851.999267578125,1237.237548828125,652.651123046875,1417.30078125,423.07806396484375,2343.382886234024,1346.8922119140625,1461.6617431640625,778.4534912109375,2610.56494140625,1193.2171630859375,1723.8787841796875,438.47747802734375,348.2366027832031,3453.200927734375,12116.2666015625,1244.593017578125,370.2679443359375,286.6543884277344,315.515625,1477.8779296875,820.4404907226562,1589.9449462890625,1303.2654875076623,4000.767333984375,1439.5091552734375,3456.620849609375,11087.8408203125,231.7502593994141
2024-07-25,2970.698486328125,2840.837158203125,1173.990478515625,656.6615600585938,1411.408203125,423.2494201660156,2330.4630019158853,1353.4190673828125,1465.26123046875,784.5440673828125,2601.10107421875,1168.728515625,1715.324951171875,434.8386840820313,354.0099792480469,3551.0244140625,12137.564453125,1214.842041015625,369.8435668945313,301.2315673828125,317.6680603027344,1474.6171875,817.070068359375,1635.4505615234375,1273.5366984410987,4015.86474609375,1436.4110107421875,3384.4755859375,11076.3203125,234.87828063964844
2024-07-26,3077.59765625,2888.569580078125,1175.4381103515625,670.6881713867188,1474.9588623046875,436.8293762207031,2368.7516379587832,1358.4451904296875,1509.33154296875,785.2962646484375,2604.80029296875,1177.8018798828125,1766.1309814453125,445.7107543945313,361.7277221679688,3610.630615234375,12287.474609375,1213.005615234375,373.7574462890625,297.4639587402344,322.11328125,1491.044189453125,830.50341796875,1683.017822265625,1301.315356594599,4076.57861328125,1446.8790283203125,3472.2724609375,11300.4794921875,243.1964263916016
2024-07-29,3086.439453125,2893.024658203125,1168.1500244140625,672.9305419921875,1442.7696533203125,438.8000793457031,2373.3750655556346,1350.8221435546875,1506.5626220703125,778.9387817382812,2605.328369140625,1183.1680908203125,1758.7991943359375,440.2525634765625,357.7491760253906,3703.8916015625,12372.71484375,1209.7734375,371.4939270019531,298.6300964355469,320.3819885253906,1501.9871826171875,839.3143920898438,1691.853759765625,1298.9625933556752,4070.30712890625,1432.0455322265625,3390.338623046875,11494.822265625,243.01109313964844
2024-07-30,3125.802001953125,2942.32373046875,1168.10009765625,674.0318603515625,1432.0560302734375,444.9687805175781,2327.4203770428408,1343.7322998046875,1504.62451171875,784.0344848632812,2585.919677734375,1179.9971923828125,1764.4859619140625,434.7943115234375,356.19366455078125,3713.408935546875,12491.1875,1203.578369140625,383.8016662597656,297.7330627441406,327.3539123535156,1495.1199951171875,840.469970703125,1670.5982666015625,1291.791589562834,4055.674560546875,1443.9686279296875,3446.53466796875,11497.4033203125,241.66717529296875
2024-07-31,3166.413818359375,3020.066162109375,1164.2064208984375,672.3872680664062,1452.7042236328125,447.4106750488281,2358.156086241587,1333.1370849609375,1516.022705078125,784.1315307617188,2599.611572265625,1185.3145751953125,1756.1199951171875,439.63128662109375,360.5411376953125,3743.187744140625,12726.142578125,1202.941650390625,392.3368835449219,299.7962951660156,325.8565979003906,1487.4869384765625,840.0848388671875,1688.0247802734375,1274.2831618143814,4074.255859375,1459.318603515625,3437.292724609375,11576.0400390625,241.89889526367188
2024-08-01,3214.21875,3034.655517578125,1170.396484375,668.9002685546875,1466.2906494140625,463.0040588378906,2337.3096514403196,1360.28173828125,1514.130859375,795.3178100585938,2609.123291015625,1180.6314697265625,1741.409423828125,438.1668395996094,357.4999084472656,3708.15966796875,12962.166015625,1216.482666015625,399.3631286621094,306.569091796875,337.9288330078125,1497.244384765625,830.696044921875,1683.950439453125,1245.8646606960497,4085.173095703125,1449.9771728515625,3446.63427734375,11670.79296875,241.6903533935547
2024-08-02,3157.921875,3041.85205078125,1158.9649658203125,664.292236328125,1454.8955078125,449.3812255859375,2399.6962623035665,1375.3302001953125,1485.2889404296875,805.1937255859375,2587.025146484375,1167.4114990234375,1711.8939208984375,434.0843200683594,359.6536865234375,3596.6982421875,12464.9462890625,1221.9188232421875,395.826416015625,296.118408203125,335.26171875,1481.4595947265625,816.4441528320312,1700.100830078125,1260.6381060688466,3979.212646484375,1415.47509765625,3440.671630859375,11456.55078125,232.70025634765625
2024-08-05,3035.33740234375,3028.82958984375,1131.6593017578125,651.6188354492188,1427.527099609375,434.2161865234375,2436.811420826076,1345.29248046875,1442.0029296875,784.1315307617188,2609.459716796875,1144.0445556640625,1646.7532958984375,431.3330383300781,353.7108459472656,3461.590087890625,11950.1923828125,1229.65625,389.7433166503906,278.31182861328125,320.8031005859375,1430.0792236328125,781.5850830078125,1689.006591796875,1262.3995017245752,3860.29296875,1367.26611328125,3354.8125,11118.390625,224.7528076171875
2024-08-06,3069.804931640625,3037.00537109375,1124.2713623046875,645.8550415039062,1405.9542236328125,428.0474548339844,2422.6724521422193,1344.3741455078125,1460.784912109375,777.0703125,2642.271484375,1138.4346923828125,1646.0013427734375,431.5992736816406,353.09259033203125,3508.8828125,11881.8759765625,1228.4810791015625,391.3937683105469,274.5890197753906,318.8846435546875,1438.700439453125,768.15185546875,1676.43994140625,1240.5033906512333,3875.2978515625,1392.6614990234375,3314.21826171875,11028.84765625,226.838134765625
2024-08-07,3182.9482421875,3036.71142578125,1134.9541015625,655.614501953125,1412.0263671875,455.378662109375,2467.004413852753,1367.865234375,1471.7216796875,787.8926391601562,2636.506591796875,1143.898193359375,1684.11767578125,437.2349548339844,354.2891540527344,3569.764892578125,12117.3369140625,1235.484130859375,395.7188415527344,295.2213134765625,329.4595031738281,1447.3707275390625,778.6962890625,1702.849609375,1218.9006079292885,3902.47314453125,1383.5079345703125,3305.423583984375,11241.0439453125,230.49905395507807
2024-08-08,3164.5654296875,2942.66650390625,1136.3018798828125,650.1864624023438,1421.8692626953125,448.4815979003906,2470.264362876428,1370.225341796875,1437.8038330078125,797.21044921875,2626.08154296875,1136.239501953125,1638.5284423828125,439.0987548828125,353.5313415527344,3486.6591796875,11967.8232421875,1218.9803466796875,387.5440673828125,289.48016357421875,320.6627197265625,1431.85791015625,778.1184692382812,1705.4024658203125,1213.7028965128302,3876.5517578125,1376.748291015625,3275.860107421875,10963.3095703125,225.8186492919922
2024-08-09,3184.546875,2977.1318359375,1140.894287109375,653.7426147460938,1433.91552734375,453.9221496582031,2500.5824016764013,1385.076171875,1467.4300537109375,800.8502197265625,2639.533203125,1143.069091796875,1664.471923828125,440.1194152832031,352.9131164550781,3524.4345703125,11973.0634765625,1226.6199951171875,390.34814453125,298.3161315917969,323.7977905273437,1456.7330322265625,793.7665405273438,1703.684326171875,1242.5758887039194,3928.76513671875,1414.536376953125,3310.839599609375,11004.5498046875,227.6722717285156
2024-08-12,3148.7802734375,2989.46875,1162.409423828125,652.7498779296875,1428.5289306640625,448.9100341796875,2518.394485491329,1360.0052490234375,1463.0924072265625,805.65478515625,2640.97412109375,1154.09033203125,1689.5225830078125,438.9656372070313,353.491455078125,3504.712890625,12021.10546875,1211.1446533203125,381.03265380859375,306.1654052734375,319.2590026855469,1443.220947265625,782.4998779296875,1702.2607421875,1238.584400907185,3898.01318359375,1419.9815673828125,3300.0576171875,11006.984375,226.6295928955078
2024-08-13,3089.286376953125,2960.437744140625,1157.7169189453125,638.614501953125,1429.606201171875,447.0250549316406,2489.9741964589207,1372.2198486328125,1469.9219970703125,778.0409545898438,2633.96044921875,1149.7113037109375,1689.5693359375,434.8830261230469,349.4032592773437,3484.9423828125,11926.0986328125,1216.825439453125,376.612548828125,301.3212890625,315.3284606933594,1446.1851806640625,768.0073852539062,1708.396728515625,1213.510830055132,3899.22119140625,1411.4381103515625,3362.364990234375,10976.1650390625,227.30154418945312
2024-08-14,3037.23583984375,2962.689697265625,1151.2275390625,637.967529296875,1441.3587646484375,432.4169921875,2468.8038051810595,1343.1201171875,1500.840576171875,780.2733764648438,2615.368896484375,1143.1181640625,1713.821044921875,436.8355712890625,348.5756225585937,3478.46630859375,11954.89453125,1211.8792724609375,376.755126953125,294.3690795898437,312.0998840332031,1444.4312744140625,773.2555541992188,1709.91845703125,1209.8448772483885,3990.54736328125,1431.153564453125,3380.848388671875,10714.59375,229.45639038085935
2024-08-16,3105.87109375,2984.52392578125,1164.9552001953125,651.0458984375,1452.964599609375,443.3204040527344,2505.2482161475787,1341.6488037109375,1539.6962890625,792.0662841796875,2640.541748046875,1168.309814453125,1747.378173828125,446.1101684570313,354.438720703125,3501.1806640625,11962.3876953125,1236.7818603515625,378.3710632324219,295.6698608398437,319.5072326660156,1460.5863037109375,782.0184326171875,1710.99853515625,1205.7390712770348,4102.7783203125,1488.328369140625,3423.181884765625,11000.0234375,239.2342987060547
2024-08-19,3099.626708984375,3012.086669921875,1151.3773193359375,653.559814453125,1439.3511962890625,451.7143859863281,2494.600077146181,1364.9029541015625,1549.156494140625,791.7993774414062,2635.065673828125,1157.140869140625,1752.877197265625,445.0451049804688,355.24639892578125,3488.131103515625,11900.19140625,1225.86083984375,383.1714172363281,300.7830505371094,321.11138916015625,1475.65625,783.5592041015625,1715.95654296875,1161.9475724787012,4171.48193359375,1497.1064453125,3443.156005859375,11019.1572265625,240.85623168945312
2024-08-20,3067.7568359375,3038.425048828125,1166.1033935546875,664.015625,1419.2738037109375,453.96429443359375,2481.627372296869,1375.567138671875,1556.7708740234375,794.783935546875,2643.232421875,1160.6341552734375,1759.8330078125,442.6932067871094,360.0924377441406,3505.44873046875,11964.0029296875,1233.3782958984375,386.1657104492188,296.118408203125,321.30010986328125,1483.1416015625,789.9146728515625,1734.16845703125,1161.515062943645,4202.4189453125,1528.979736328125,3453.142822265625,11052.609375,243.126953125
2024-08-21,3112.764404296875,3085.765869140625,1172.492919921875,665.3145751953125,1433.2789306640625,460.54095458984375,2449.926312212686,1394.7432861328125,1548.0028076171875,789.0089111328125,2681.80859375,1156.1075439453125,1760.3028564453125,448.5508117675781,361.5482482910156,3528.359375,11969.880859375,1249.66162109375,388.7322387695313,293.9654541015625,317.6671447753906,1485.8433837890625,785.3406372070312,1732.4996337890625,1158.2438651435962,4228.619140625,1506.4947509765625,3538.107421875,10907.7041015625,243.91470336914065
2024-08-22,3096.130126953125,3120.083984375,1168.050048828125,666.1295166015625,1455.706787109375,457.64202880859375,2465.2880026182092,1376.2979736328125,1546.9876708984375,791.6781005859375,2683.345947265625,1172.098388671875,1767.39990234375,447.7964172363281,363.2532958984375,3538.6123046875,12024.1416015625,1249.2943115234375,383.40911865234375,290.9603271484375,315.1666259765625,1485.2979736328125,789.9146728515625,1718.7545166015625,1169.9179529529147,4182.63037109375,1512.6910400390625,3581.83203125,11013.3642578125,240.5086669921875
2024-08-23,3073.451416015625,3088.801025390625,1164.056640625,665.364013671875,1475.686279296875,466.2955627441406,2537.7369131083547,1373.4244384765625,1533.4205322265625,788.6448974609375,2705.25244140625,1184.300537109375,1750.339111328125,448.9058532714844,362.5553588867188,3530.81201171875,12049.55859375,1238.6182861328125,382.0782775878906,288.2934265136719,317.2897644042969,1487.1322021484375,785.1480102539062,1743.3974609375,1200.7398426086363,4147.23291015625,1500.627197265625,3547.6474609375,11044.9150390625,237.45021057128903
2024-08-26,3066.1083984375,3105.15283203125,1168.399658203125,669.5621337890625,1482.34619140625,465.64654541015625,2501.419192855283,1371.212646484375,1586.9508056640625,795.8758544921875,2710.5849609375,1193.9443359375,1763.546142578125,448.8170776367188,361.45849609375,3573.34619140625,11992.2607421875,1233.8924560546875,394.3405151367188,296.3843994140625,319.17694091796875,1499.6490478515625,784.859130859375,1740.1573486328125,1220.0975137250812,4183.048828125,1539.8232421875,3607.470703125,11040.3388671875,240.9720916748047
2024-08-27,3064.210205078125,3100.110107421875,1179.331787109375,677.9830322265625,1491.3564453125,459.84869384765625,2503.2103718455314,1375.09326171875,1579.705810546875,794.8082275390625,2658.4609375,1206.7860107421875,1786.05859375,444.2907104492188,359.6337585449219,3633.00146484375,12240.1611328125,1234.8228759765625,389.3976135253906,297.2884521484375,316.44049072265625,1487.6031494140625,785.677734375,1756.7987060546875,1216.021539245568,4178.125,1525.2244873046875,3529.014892578125,11004.5498046875,239.65138244628903
2024-08-28,3025.147216796875,3060.25927734375,1169.0484619140625,681.5786743164062,1524.263671875,455.4786987304688,2553.6552209595566,1382.27197265625,1586.9508056640625,794.49267578125,2656.010986328125,1204.3258056640625,1822.7177734375,441.3619384765625,357.2306823730469,3619.608642578125,12103.6240234375,1220.6455078125,388.8272399902344,296.3392333984375,315.5912170410156,1485.4715576171875,779.41845703125,1778.8394775390625,1197.9714255815093,4186.39306640625,1527.8062744140625,3505.413818359375,10940.716796875,247.73782348632807
2024-08-29,3017.30419921875,3050.81103515625,1173.4913330078125,697.7340087890625,1533.616943359375,456.51702880859375,2551.808148104576,1368.8131103515625,1616.85400390625,795.1964721679688,2676.091796875,1202.4071044921875,1817.3128662109373,448.2845764160156,354.42877197265625,3614.114013671875,12197.9462890625,1226.546630859375,389.6352233886719,297.96649169921875,314.5060729980469,1507.90283203125,784.3295288085938,1766.4200439453125,1241.9381965486843,4191.7353515625,1546.582763671875,3511.077880859375,10928.251953125,249.6378173828125
2024-08-30,3016.50537109375,3061.532470703125,1173.341552734375,711.2273559570312,1556.28955078125,454.2671813964844,2568.8327892192087,1388.6014404296875,1618.1463623046875,794.3956909179688,2669.1259765625,1209.590576171875,1827.041748046875,445.4444885253906,355.13671875,3634.9150390625,12148.1904296875,1224.6856689453125,395.6237487792969,299.0061340332031,318.3748779296875,1496.6995849609375,785.3887939453125,1788.4610595703125,1243.4304727147137,4230.7099609375,1536.396484375,3542.827880859375,11006.060546875,249.49880981445312
2024-09-02,3039.28369140625,3085.17822265625,1186.86962890625,734.924560546875,1538.954345703125,450.71917724609375,2532.2504074434114,1357.1614990234375,1667.4312744140625,789.56689453125,2679.7431640625,1210.3284912109375,1846.59326171875,452.677734375,355.0270080566406,3613.770751953125,12172.0888671875,1229.16650390625,389.7303161621094,294.892822265625,316.6291809082031,1503.267822265625,791.6961669921875,1782.86474609375,1244.1434120807683,4200.32861328125,1545.9256591796875,3565.087890625,11125.8408203125,246.7415008544922
2024-09-03,3033.239501953125,3088.9970703125,1189.6650390625,726.40478515625,1528.4261474609375,449.6374816894531,2548.2945554720545,1353.5474853515625,1652.4794921875,794.6140747070312,2684.787109375,1227.79541015625,1824.73876953125,452.1008605957031,355.7349853515625,3620.687744140625,12142.41015625,1239.3773193359375,386.3082580566406,291.2767028808594,315.77996826171875,1496.203857421875,794.2479858398438,1778.4959716796875,1244.2004156204328,4192.2470703125,1543.531494140625,3598.477294921875,11160.80078125,248.4097595214844
2024-09-04,3009.51171875,3164.19384765625,1175.78759765625,721.0410766601562,1529.6993408203125,435.8351135253906,2542.6603547048344,1340.3848876953125,1647.680419921875,796.773681640625,2729.897216796875,1216.62646484375,1807.0670166015625,449.3939514160156,355.7349853515625,3582.07861328125,12082.810546875,1241.3363037109375,385.0725402832031,284.2253112792969,314.1286315917969,1501.5823974609375,786.2554321289062,1799.45703125,1248.095067120168,4161.49462890625,1544.6583251953125,3585.111328125,11277.3193359375,240.57818603515625
2024-09-05,3012.509033203125,3170.656005859375,1178.633056640625,715.647705078125,1515.3023681640625,430.0805358886719,2578.6139065745792,1322.32470703125,1652.5721435546875,798.5450439453125,2727.20703125,1216.23291015625,1817.1248779296875,453.6983947753906,354.5683288574219,3555.93017578125,12045.9345703125,1226.718017578125,383.3139953613281,281.51324462890625,312.5716552734375,1480.192138671875,788.422119140625,1793.22265625,1246.0741812365948,4158.4287109375,1539.2130126953125,3699.54052734375,11240.5087890625,243.2196044921875
2024-09-06,2972.646484375,3205.36572265625,1156.8682861328125,722.7845458984375,1507.516357421875,422.768310546875,2622.394395132585,1316.676513671875,1620.7767333984375,794.419921875,2727.6875,1188.8763427734375,1787.7034912109375,445.26702880859375,351.8162536621094,3507.460205078125,11935.794921875,1225.8853759765625,375.28173828125,279.1627502441406,311.20343017578125,1452.2830810546875,753.514892578125,1791.3082275390625,1236.6769517494995,4140.59130859375,1523.95703125,3672.36181640625,11133.58203125,241.25010681152344
2024-09-09,2961.357177734375,3212.268798828125,1168.94873046875,725.777587890625,1510.84619140625,419.2203369140625,2719.2495165333185,1314.4549560546875,1612.147216796875,799.0546264648438,2807.29052734375,1215.298095703125,1780.9356689453125,454.1865539550781,357.0013427734375,3510.943359375,11896.224609375,1232.521240234375,370.5764465332031,270.2129211425781,310.0238647460937,1449.9283447265625,755.2000732421875,1788.657470703125,1227.8065820788365,4133.9013671875,1482.6014404296875,3661.48046875,11193.47265625,238.58551025390625
2024-09-10,2983.586181640625,3226.270263671875,1185.2720947265625,715.346435546875,1545.3204345703125,424.9749450683594,2742.2233929999607,1313.3685302734375,1642.0042724609375,800.9229736328125,2784.99951171875,1217.5614013671875,1797.5262451171875,455.8284606933594,357.29052734375,3528.457275390625,12011.4580078125,1241.70361328125,376.7075805664063,267.22967529296875,315.30816650390625,1449.0113525390625,753.6593017578125,1802.8931884765625,1227.716023720378,4188.0654296875,1509.0765380859375,3704.06201171875,11238.9501953125,243.63668823242188
2024-09-11,2935.082275390625,3297.159423828125,1184.1739501953125,725.5899047851562,1545.271484375,418.7876892089844,2755.6802309750765,1305.8839111328125,1641.6815185546875,797.7928466796875,2790.33203125,1216.62646484375,1795.50537109375,456.4940490722656,356.8218688964844,3470.37158203125,11991.0849609375,1237.467529296875,370.3863525390625,257.9181823730469,314.4117431640625,1439.0721435546875,740.1296997070312,1812.0728759765625,1218.967941622515,4161.58740234375,1504.570068359375,3687.864013671875,11186.75390625,238.3538360595703
2024-09-12,2988.181884765625,3312.62939453125,1201.3958740234375,733.7638549804688,1612.7999267578125,428.912353515625,2764.1644240610976,1319.974609375,1668.30810546875,808.8092651367188,2840.5341796875,1232.1744384765625,1833.3865966796875,461.0648193359375,364.4399108886719,3553.82080078125,12146.083984375,1237.957275390625,384.83489990234375,265.8283996582031,319.1297912597656,1467.1298828125,758.5704345703125,1831.4139404296875,1207.4438398398017,4197.216796875,1542.733642578125,3740.681396484375,11403.720703125,245.62933349609372
2024-09-13,2965.553466796875,3287.955322265625,1215.4730224609375,750.5761108398438,1600.7535400390625,424.2394409179688,2751.714373053535,1315.40283203125,1673.107421875,808.4937744140625,2818.003173828125,1230.403076171875,1827.417724609375,456.0503540039063,363.0239868164063,3544.989990234375,12063.0263671875,1239.6956787109375,381.5554504394531,263.4779663085937,318.2333374023437,1460.016357421875,761.5555419921875,1819.9761962890625,1209.685899908307,4201.76953125,1554.750732421875,3743.4140625,11411.220703125,255.15234375
2024-09-16,2982.087646484375,3266.169921875,1229.051025390625,725.6096801757812,1601.73291015625,426.8354797363281,2765.704044023865,1312.7169189453125,1672.2305908203125,810.9202880859375,2754.734375,1242.7037353515625,1833.1986083984373,453.6096496582031,365.2077331542969,3593.31298828125,12036.5322265625,1248.6090087890625,390.7759399414063,264.4271850585937,319.17694091796875,1458.752197265625,756.451904296875,1829.0084228515625,1205.8771720159543,4193.0830078125,1548.1318359375,3717.22900390625,11337.8916015625,255.7548065185547
2024-09-17,2972.396728515625,3243.650146484375,1230.09912109375,727.560546875,1627.49072265625,422.7250671386719,2755.452041895213,1309.665771484375,1673.984130859375,809.876953125,2760.88330078125,1247.8699951171875,1835.360595703125,450.636474609375,368.2688598632813,3625.642822265625,11994.1708984375,1247.2620849609375,395.7188415527344,266.370849609375,317.903076171875,1459.6942138671875,753.9000854492188,1832.10107421875,1231.7436757509358,4186.02197265625,1550.52587890625,3743.811279296875,11340.8134765625,255.7548065185547
2024-09-18,2953.5146484375,3206.296142578125,1238.4356689453125,753.7963256835938,1620.781982421875,421.5135498046875,2762.9427295746236,1297.0562744140625,1621.14599609375,822.494873046875,2763.141357421875,1267.796875,1778.5855712890625,450.2814636230469,366.88287353515625,3660.229248046875,11953.3759765625,1271.895263671875,393.6751098632813,262.5287170410156,315.4496765136719,1450.919921875,763.3851928710938,1802.549560546875,1187.7632998710808,4037.8369140625,1507.1988525390625,3702.02490234375,11326.44921875,249.38291931152344
2024-09-19,2940.376953125,3225.095703125,1240.6820068359375,749.7710571289062,1630.5267333984375,413.5956115722656,2814.9279389143308,1284.170166015625,1602.6868896484375,829.1435546875,2797.63427734375,1271.388671875,1780.5125732421875,451.0802307128906,373.3143310546875,3614.359375,12097.748046875,1290.0396728515625,402.99066162109375,257.8730163574219,316.0158386230469,1457.0916748046875,760.6889038085938,1812.41650390625,1206.3255217257285,3991.38330078125,1497.7635498046875,3757.276611328125,11323.13671875,247.1585693359375
2024-09-20,3005.665283203125,3237.921875,1242.978271484375,748.9907836914062,1676.4599609375,424.84515380859375,2776.9895694105435,1293.76806640625,1624.4222412109375,845.0130004882812,2860.903564453125,1317.09765625,1791.3695068359375,456.5384521484375,379.8056335449219,3722.48486328125,12355.345703125,1322.0433349609375,402.99066162109375,258.77703857421875,321.6303405761719,1473.2025146484375,752.7445068359375,1831.7576904296875,1227.805287730884,3980.931884765625,1522.83056640625,3773.4248046875,11489.466796875,249.8231658935547
2024-09-23,3041.08203125,3209.03759765625,1244.775390625,750.2402954101562,1714.362060546875,433.1958312988281,2822.279362309952,1314.1685791015625,1617.7310791015625,854.0397338867188,2909.85693359375,1300.811767578125,1782.62744140625,458.8016357421875,385.8282775878906,3716.401611328125,12422.53515625,1334.580322265625,407.1731262207031,267.0941162109375,321.9134521484375,1480.5887451171875,772.1480712890625,1828.76318359375,1193.480618791892,3965.6953125,1508.842041015625,3796.181884765625,11648.9306640625,247.8768768310547
2024-09-24,3090.98486328125,3180.59423828125,1237.537109375,746.2002563476562,1720.4342041015625,436.3976135253906,2875.361774053758,1313.3587646484375,1638.7740478515625,858.0435180664062,2834.913330078125,1297.5643310546875,1784.6484375,457.2928771972656,381.83978271484375,3720.228271484375,12476.8955078125,1320.500732421875,406.93548583984375,270.71014404296875,330.3116149902344,1476.6229248046875,768.6814575195312,1834.064697265625,1188.27762269598,3968.296142578125,1536.9598388671875,3761.201904296875,11453.775390625,250.03167724609372
2024-09-25,3102.174560546875,3177.0205078125,1266.0406494140625,753.0851440429688,1724.1070556640625,437.262939453125,2871.7522499931815,1321.4755859375,1645.0501708984375,863.4060668945312,2833.376220703125,1302.7305908203125,1781.5467529296875,459.3341369628906,378.4993896484375,3722.43603515625,12522.6357421875,1320.966064453125,414.5399475097656,270.0321350097656,343.2390441894531,1481.15869140625,763.7222290039062,1836.47021484375,1182.625959017268,3971.501708984375,1504.7109375,3713.850341796875,11506.9951171875,248.4792938232422
2024-09-26,3119.707763671875,3208.646240234375,1275.0262451171875,767.3588256835938,1734.5863037109375,438.3446350097656,2789.5949258153523,1331.9324951171875,1646.3883056640625,865.5171508789062,2869.070556640625,1307.8477783203125,1786.199462890625,463.9492492675781,379.3669128417969,3691.332275390625,13108.8408203125,1349.443603515625,413.1141052246094,266.8680419921875,344.84326171875,1485.12451171875,772.1480712890625,1863.812744140625,1160.2218480018014,3987.992431640625,1508.6541748046875,3734.023193359375,11749.185546875,251.12071228027344
2024-09-27,3127.350830078125,3241.642822265625,1271.08251953125,766.1338500976562,1698.8388671875,446.6087951660156,2767.246922546538,1333.0185546875,1669.0465087890625,850.5697631835938,2849.998291015625,1285.7557373046875,1792.309326171875,463.9048461914063,373.4140319824219,3635.89599609375,13218.3427734375,1344.644287109375,415.3003845214844,268.67608642578125,334.27471923828125,1513.10791015625,772.91845703125,1913.1961669921875,1148.2187950702255,4003.04345703125,1510.8133544921875,3792.802978515625,11639.4345703125,251.0743408203125
2024-09-30,3132.8955078125,3259.610107421875,1230.1990966796875,760.8985595703125,1674.3052978515625,441.4599304199219,2818.508230744334,1333.354248046875,1657.6944580078125,840.572509765625,2842.35986328125,1252.6917724609375,1763.0289306640625,459.8666076660156,369.7247009277344,3606.36279296875,12966.03515625,1317.342041015625,421.2889709472656,269.0377197265625,332.9537353515625,1463.9324951171875,758.71484375,1891.596923828125,1131.1116293892205,3965.6953125,1480.7237548828125,3800.00732421875,11493.0693359375,250.9122009277344
2024-10-01,3183.098388671875,3208.93994140625,1224.6580810546875,760.8985595703125,1663.678955078125,440.0321044921875,2818.6864708808025,1332.860595703125,1676.5224609375,837.7334594726562,2809.163818359375,1254.0694580078125,1790.0533447265625,458.135986328125,374.800048828125,3584.727783203125,12895.5146484375,1325.71630859375,418.3421936035156,263.9299621582031,331.019287109375,1452.2830810546875,767.4296264648438,1884.9700927734373,1159.356646827288,3983.718505859375,1525.9755859375,3752.307861328125,11527.2998046875,253.3682403564453
2024-10-03,3113.064208984375,3083.5625,1173.790771484375,734.3120727539062,1638.949462890625,434.7101745605469,2780.97647910852,1330.2044677734375,1641.4967041015625,816.282958984375,2779.955322265625,1236.307373046875,1779.7607421875,455.0740661621094,363.5126037597656,3431.811279296875,12387.51953125,1309.947265625,413.8270568847656,264.0203552246094,324.7442932128906,1394.928466796875,764.6851806640625,1876.0357666015625,1174.934826031274,3932.4814453125,1505.931396484375,3651.9404296875,11417.8896484375,245.6756896972656
2024-10-04,3107.71923828125,3008.365966796875,1176.4864501953125,712.3336791992188,1607.0706787109375,430.2536315917969,2762.6400250943684,1309.981689453125,1639.6968994140625,804.4657592773438,2737.103515625,1219.97216796875,1803.025146484375,446.908935546875,360.760498046875,3428.180908203125,12346.775390625,1272.385009765625,409.1693115234375,266.9132385253906,319.7431335449219,1374.653564453125,767.1407470703125,1875.25048828125,1196.2778382729646,3950.598388671875,1517.5731201171875,3647.120849609375,11150.52734375,247.25125122070312
2024-10-07,3015.156494140625,2998.32958984375,1143.8394775390625,718.0677490234375,1627.7845458984375,415.7589416503906,2796.075454610033,1305.3704833984375,1640.0201416015625,785.12646484375,2722.354736328125,1214.215576171875,1818.2059326171875,452.8109130859375,357.0212707519531,3403.06298828125,12270.1328125,1260.484619140625,394.9108581542969,261.669921875,310.4013671875,1358.9888916015625,742.1038208007812,1870.5379638671875,1208.7617980130817,3969.73681640625,1519.544677734375,3566.777099609375,10936.3828125,246.27810668945312
2024-10-08,3157.721923828125,3023.59130859375,1151.42724609375,709.9234008789062,1623.2794189453125,425.62396240234375,2818.413067173708,1314.484375,1651.556884765625,801.2627563476562,2708.326904296875,1216.8724365234375,1831.6005859375,450.81396484375,359.64373779296875,3465.9072265625,12274.4912109375,1264.353515625,400.1389465332031,265.2860412597656,308.7028503417969,1385.3858642578125,752.5037841796875,1882.2210693359373,1190.4477539678246,3951.527099609375,1529.44921875,3471.4775390625,11091.6591796875,244.1927795410156
2024-10-09,3150.778564453125,3014.583251953125,1168.2498779296875,721.1348266601562,1643.503662109375,421.3837585449219,2810.1640305307674,1316.2222900390625,1670.246337890625,792.5758666992188,2660.430908203125,1224.3021240234375,1835.5484619140625,436.3918151855469,359.1252136230469,3421.4599609375,12498.5419921875,1232.1539306640625,397.7625732421875,260.8110656738281,311.15625,1362.8306884765625,767.8629760742188,1895.6715087890625,1182.2749324491422,3951.248291015625,1557.3323974609375,3471.57666015625,11053.046875,246.1390838623047
2024-10-10,3171.209228515625,2995.24560546875,1182.326904296875,723.0364379882812,1643.503662109375,422.3788757324219,2796.977320631597,1300.0777587890625,1669.277099609375,806.7709350585938,2646.739013671875,1223.662353515625,1803.82421875,436.7024841308594,374.1419677734375,3395.213623046875,12678.173828125,1230.4154052734375,401.8024291992188,261.0370788574219,315.4968566894531,1359.31103515625,767.5740356445312,1853.356689453125,1190.7730808461326,3927.51025390625,1520.6241455078125,3425.666015625,11130.85546875,243.28912353515625
2024-10-11,3134.244140625,2973.802734375,1170.546142578125,721.2880249023438,1652.612060546875,426.5758361816406,2782.890697850473,1303.25732421875,1697.8885498046875,801.238525390625,2674.122314453125,1203.4893798828125,1818.9578857421875,433.2855224609375,375.3983459472656,3416.995849609375,12514.1640625,1230.0970458984375,401.6123046875,264.47235107421875,311.4393005371094,1360.35205078125,770.1259155273438,1867.2979736328125,1171.2198391834627,3854.858154296875,1546.3011474609375,3452.64599609375,11122.3349609375,244.818359375
2024-10-14,3098.17822265625,2975.711669921875,1162.459228515625,712.0817260742188,1660.6429443359375,431.2054443359375,2748.587001498348,1315.2447509765625,1712.88623046875,819.2432861328125,2679.791259765625,1212.099853515625,1841.3294677734373,441.0513000488281,381.0620422363281,3488.131103515625,12280.26953125,1225.322265625,403.513427734375,259.0030517578125,312.0526733398437,1360.7734375,775.3258666992188,1874.9559326171875,1183.3000544874503,3843.1982421875,1588.97119140625,3475.899658203125,11004.501953125,254.66575622558597
2024-10-15,3101.774658203125,3003.07861328125,1151.976318359375,693.1259765625,1681.8465576171875,427.8739013671875,2811.8823189983023,1305.7159423828125,1725.991943359375,817.3020629882812,2672.440673828125,1235.4710693359375,1841.70556640625,442.4713134765625,377.9509887695313,3485.040283203125,12191.041015625,1216.6051025390625,405.5096435546875,256.4717712402344,311.2506103515625,1332.5174560546875,774.8444213867188,1863.86181640625,1179.8139460754498,3824.756591796875,1572.8702392578125,3486.532470703125,11118.05078125,246.9732208251953
2024-10-16,3082.992431640625,3017.765380859375,1151.3272705078125,687.1448974609375,1698.2021484375,428.9988403320313,2800.414215643935,1325.3167724609375,1721.515869140625,824.92138671875,2672.248779296875,1223.3179931640625,1804.858154296875,437.7231140136719,374.1918029785156,3466.103515625,12129.482421875,1205.8310546875,403.27581787109375,258.0085754394531,308.7500305175781,1342.4813232421875,775.61474609375,1863.910888671875,1174.1475369541056,3804.456787109375,1558.7408447265625,3449.267333984375,11025.9267578125,246.60250854492188
2024-10-17,3010.910400390625,2992.0634765625,1130.0120849609375,681.529296875,1666.0784912109375,423.9365234375,2849.135829803732,1323.9638671875,1723.869140625,811.9879760742188,2631.318115234375,1211.6077880859375,1849.9771728515625,433.9067687988281,371.7388916015625,3503.093994140625,11894.265625,1164.9144287109375,397.09716796875,254.5733184814453,312.4773254394531,1344.811279296875,781.0072631835938,1855.1240234375,1186.224437346736,3817.510009765625,1595.0733642578125,3382.041259765625,10728.9091796875,245.02691650390625
2024-10-18,2999.17138671875,2929.692626953125,1194.906494140625,681.5342407226562,1672.640380859375,425.9268798828125,2910.9495917626577,1331.28076171875,1714.54736328125,816.2101440429688,2610.61279296875,1244.327392578125,1766.788818359375,431.9542541503906,373.1348571777344,3510.452880859375,11856.41015625,1150.981689453125,403.9411926269531,256.110107421875,313.3265380859375,1347.66162109375,790.010986328125,1875.5450439453125,1194.0042698903762,3839.907958984375,1584.6524658203125,3360.278076171875,10779.548828125,254.24876403808597
2024-10-21,2934.882080078125,2985.552001953125,1188.3671875,669.8140258789062,1657.6558837890625,420.04248046875,2952.6255618038226,1322.6505126953125,1701.5340576171875,838.9466552734375,2587.985595703125,1238.9644775390625,1741.5504150390625,429.247314453125,356.8118896484375,3518.10595703125,11925.7568359375,1153.1363525390625,403.9887390136719,250.0531768798828,312.4773254394531,1357.476806640625,783.7999267578125,1862.438232421875,1188.4978858449117,3799.675048828125,1597.138916015625,3342.19189453125,10584.7841796875,253.99380493164065
2024-10-22,2821.139404296875,2944.086181640625,1173.8406982421875,659.6397094726562,1657.3619384765625,405.2881774902344,2936.1325580045855,1315.7384033203125,1693.3123779296875,832.0796508789062,2576.600341796875,1247.279541015625,1740.4693603515625,427.6053771972656,351.6168518066406,3445.793212890625,11678.3447265625,1150.981689453125,395.1960144042969,244.80984497070312,304.55096435546875,1331.8482666015625,761.1222534179688,1853.160400390625,1208.2066932621133,3739.744140625,1592.7733154296875,3308.951416015625,10541.7900390625,252.76580810546875
2024-10-23,2832.87841796875,2927.2939453125,1158.5157470703125,691.041748046875,1651.044921875,410.2639770507813,2953.729445689947,1304.975341796875,1714.6790771484375,842.3923950195312,2555.077880859375,1231.6331787109375,1760.961181640625,426.3185424804688,352.544189453125,3390.356689453125,11710.5703125,1139.6689453125,388.1143493652344,244.8550567626953,299.03082275390625,1327.0645751953125,756.8851928710938,1805.8385009765625,1190.6926752629656,3787.00927734375,1629.7633056640625,3268.009521484375,10471.5771484375,253.5767822265625
2024-10-24,2827.533447265625,2909.963623046875,1165.454345703125,695.4967041015625,1643.846435546875,412.9898071289063,2953.8618913596674,1299.998779296875,1713.8896484375,849.1138305664062,2406.92138671875,1232.764892578125,1751.51416015625,418.6415100097656,351.4273986816406,3377.8466796875,11522.0244140625,1106.12255859375,391.5363159179688,243.2730255126953,301.1539306640625,1328.3287353515625,765.1185302734375,1815.2144775390625,1201.3566281879482,3769.919189453125,1629.5755615234375,3310.04443359375,10754.521484375,253.4377593994141
2024-10-25,2690.912353515625,2896.255859375,1187.4185791015625,682.5812377929688,1631.653076171875,399.0143432617188,2918.2072086271087,1286.5697021484375,1720.8104248046875,846.0806884765625,2428.9716796875,1235.4217529296875,1750.292236328125,428.0492248535156,352.7535705566406,3263.784912109375,11266.5322265625,1107.12646484375,379.1790771484375,238.7076568603516,297.9928283691406,1316.4808349609375,752.0222778320312,1826.5050048828125,1211.732569754264,3778.906494140625,1611.4560546875,3246.09765625,10707.388671875,251.83901977539065
2024-10-28,2796.012939453125,2939.1904296875,1169.697509765625,682.6997680664062,1629.0577392578125,382.1832275390625,2932.4692452040345,1295.0220947265625,1738.8328857421875,841.6158447265625,2474.8505859375,1272.2252197265625,1753.394287109375,429.6911010742188,348.9645080566406,3277.9140625,11247.3349609375,1112.6849365234375,383.9318542480469,238.07485961914065,300.35186767578125,1322.9251708984375,762.7111206054688,1868.230712890625,1207.0042456063713,3809.919921875,1598.40625,3262.494140625,10802.23828125,258.859619140625
2024-10-29,2845.916259765625,2930.378662109375,1184.9227294921875,693.6791381835938,1603.348876953125,385.5580749511719,2886.0391248384635,1258.6844482421875,1738.8328857421875,850.1815185546875,2447.8037109375,1310.60302734375,1748.5933837890625,433.0636596679688,351.028564453125,3317.259033203125,10819.068359375,1110.40771484375,391.7740173339844,239.5665283203125,302.4750061035156,1328.52685546875,801.8554077148438,1837.5008544921875,1212.9330044797082,3795.390869140625,1594.60400390625,3262.842041015625,10821.2275390625,260.52789306640625
2024-10-30,2966.50244140625,2934.09912109375,1168.49951171875,687.0115356445312,1599.67626953125,388.6733703613281,2935.0511036845387,1234.1466064453125,1708.222900390625,841.8099975585938,2454.81787109375,1291.21728515625,1713.2276611328125,436.2586975097656,345.9232788085937,3344.192626953125,11025.1953125,1114.766357421875,388.304443359375,236.5380096435547,300.49346923828125,1332.3935546875,791.9850463867188,1818.356201171875,1192.5367387805445,3804.145263671875,1581.8828125,3287.735107421875,10911.79296875,261.9412841796875
2024-10-31,2944.47314453125,2874.372314453125,1157.6671142578125,680.566162109375,1579.35400390625,391.182861328125,2917.3218862088574,1258.190673828125,1640.638916015625,842.3438110351562,2429.1640625,1271.634765625,1670.5897216796875,433.8180541992188,345.2252502441406,3554.114990234375,10848.8935546875,1108.228515625,390.3606872558594,240.60610961914065,302.7109375,1320.64501953125,789.8184204101562,1815.2144775390625,1208.3656221178753,3695.925048828125,1523.8155517578125,3246.594482421875,10775.9951171875,255.7084197998047
2024-11-01,2946.720947265625,2878.484619140625,1167.65087890625,683.9097900390625,1583.1246337890625,393.0001525878906,2926.5785276577967,1243.774169921875,1632.60302734375,843.120361328125,2438.051513671875,1271.1920166015625,1674.011962890625,435.1492919921875,347.87762451171875,3558.0888671875,10881.75390625,1117.70458984375,393.4212646484375,245.66867065429688,303.890380859375,1327.1884765625,790.7813720703125,1824.54150390625,1205.7314280364142,3710.593505859375,1519.0792236328125,3273.077392578125,10854.0458984375,255.4999084472656
2024-11-04,2894.670166015625,2854.447509765625,1137.4000244140625,676.017333984375,1558.4442138671875,383.6110534667969,2939.208014666411,1252.3648681640625,1637.759033203125,831.8612060546875,2425.849365234375,1256.8248291015625,1676.674072265625,430.0904846191406,344.87628173828125,3507.16552734375,10825.38671875,1100.025390625,383.474609375,239.8376922607422,297.66259765625,1291.0009765625,799.1109619140625,1775.943359375,1197.4835049205512,3691.920166015625,1551.9967041015625,3201.826416015625,10713.8642578125,250.6109619140625
2024-11-05,2912.80322265625,2827.03173828125,1169.7972412109375,684.5765380859375,1545.8592529296875,390.2056884765625,2929.7943573257708,1256.2158203125,1647.6064453125,853.0933227539062,2422.53466796875,1276.013671875,1667.68994140625,426.1854248046875,350.4202880859375,3507.50927734375,10940.619140625,1107.9835205078125,385.5308532714844,241.73614501953125,298.74774169921875,1294.1240234375,817.7442016601562,1770.7398681640625,1215.4815499915717,3698.6259765625,1546.5499267578125,3210.02490234375,10883.7958984375,251.95486450195312
2024-11-06,3043.3798828125,2836.822998046875,1164.605712890625,692.0690307617188,1565.838623046875,391.0132141113281,2954.836164723524,1285.740234375,1707.85107421875,851.8316040039062,2430.650634765625,1281.5736083984375,1733.762451171875,426.984130859375,351.5071716308594,3576.8291015625,11120.986328125,1114.423583984375,391.07806396484375,243.22781372070312,300.54058837890625,1314.002197265625,823.13671875,1794.1552734375,1204.132280540516,3855.36865234375,1604.23828125,3157.157958984375,10979.2802734375,261.315673828125
2024-11-07,2967.3017578125,2783.509521484375,1158.0164794921875,682.023193359375,1543.312744140625,390.6094970703125,2936.5687813180784,1271.1754150390625,1701.8592529296875,847.6094360351562,2406.15673828125,1258.3009033203125,1714.1309814453125,424.1441040039063,348.3761901855469,3577.90869140625,11067.998046875,1108.1795654296875,386.2003173828125,239.747314453125,295.3035888671875,1294.470947265625,827.7589111328125,1758.3203125,1181.3051993160882,3865.845947265625,1563.93212890625,3101.309814453125,10761.533203125,261.083984375
2024-11-08,2926.34033203125,2711.6416015625,1159.064697265625,681.1785278320312,1537.534423828125,380.47076416015625,2973.373072034869,1267.52197265625,1707.01513671875,851.4432983398438,2437.45458984375,1238.7674560546875,1739.704345703125,424.2772216796875,348.1568298339844,3591.39990234375,11070.7890625,1124.242431640625,380.3183898925781,237.35162353515625,298.41748046875,1272.758544921875,811.9182739257812,1776.6304931640625,1156.5335757205762,3862.21337890625,1592.681640625,3166.30029296875,10754.2783203125,263.6790466308594
2024-11-11,2900.9140625,2490.016357421875,1169.0985107421875,669.6066284179688,1528.377197265625,378.2276916503906,2919.5329550292627,1271.7186279296875,1734.6988525390625,857.1942138671875,2421.27099609375,1249.0509033203125,1768.367431640625,423.3009643554688,347.7978515625,3560.5419921875,11165.501953125,1116.1131591796875,375.4406433105469,232.243896484375,311.20343017578125,1261.802978515625,816.2516479492188,1761.90380859375,1166.7310939460735,3910.363525390625,1614.279296875,3186.523193359375,10683.287109375,265.764404296875
2024-11-12,2867.2958984375,2423.19091796875,1156.2694091796875,655.7182006835938,1523.5782470703125,371.4984436035156,2925.76291306108,1248.0201416015625,1739.8548583984375,833.8509521484375,2392.548828125,1250.3302001953125,1776.638427734375,419.66217041015625,343.2908630371094,3523.747802734375,10914.173828125,1104.9227294921875,363.7245788574219,231.56588745117188,304.5037841796875,1263.33984375,796.0775756835938,1768.0399169921875,1146.6457915969352,3909.152099609375,1598.03369140625,3178.423828125,10606.8896484375,264.4437255859375
2024-11-13,2814.0458984375,2418.931640625,1137.30029296875,648.5862426757812,1518.4853515625,365.083251953125,3006.5897425218177,1229.357666015625,1732.330078125,815.967529296875,2395.902099609375,1233.69970703125,1776.258056640625,419.0852661132813,336.6001281738281,3481.16455078125,10822.5947265625,1094.6629638671875,364.7288513183594,228.3114013671875,300.0687866210937,1241.3299560546875,778.6962890625,1746.5880126953125,1175.3198199454503,3865.333984375,1587.23486328125,3167.890380859375,10499.9638671875,263.6790466308594
2024-11-14,2824.13671875,2431.317626953125,1138.84765625,646.921875,1518.5343017578125,367.6403503417969,2966.3235681933083,1211.28759765625,1726.9420166015625,821.5,2322.274169921875,1236.8978271484375,1772.5980224609375,413.5382690429688,340.5985717773437,3459.873291015625,10779.9384765625,1068.9769287109375,356.2645263671875,226.72935485839844,298.7287902832031,1256.746826171875,774.459228515625,1735.98486328125,1142.3272477955475,3861.18896484375,1598.5074462890625,3163.76611328125,10447.669921875,262.6132202148437
2024-11-18,2816.044189453125,2431.8564453125,1124.37109375,648.7789306640625,1505.3126220703125,370.870361328125,2939.7096751294894,1178.5540771484375,1704.6925048828125,827.4934692382812,2355.030029296875,1233.45361328125,1722.11669921875,414.0707702636719,343.56005859375,3475.4736328125,10866.0341796875,1083.864501953125,350.7173767089844,226.59375,298.680908203125,1249.9554443359375,784.136962890625,1715.9073486328125,1169.9470144835257,3743.469482421875,1573.21533203125,3152.437744140625,10352.625,256.1950378417969
2024-11-19,2818.841796875,2436.024658203125,1132.1085205078125,651.4805908203125,1494.0496826171875,369.8834228515625,2961.8470544263682,1198.2039794921875,1691.268798828125,845.5225830078125,2342.831787109375,1229.173095703125,1734.7607421875,414.7808227539063,344.55718994140625,3439.906005859375,10734.1494140625,1084.3297119140625,350.7173767089844,229.69650268554688,301.5523681640625,1231.0189208984375,773.2555541992188,1744.869873046875,1173.8196000626672,3762.142333984375,1610.0166015625,3204.509521484375,10487.64453125,260.4352111816406
2024-11-21,2181.592529296875,2381.540771484375,1137.30029296875,638.6737670898438,1493.7069091796875,364.2757263183594,2970.3565820203803,1180.3314208984375,1705.9468994140625,845.0130004882812,2316.053466796875,1230.60009765625,1743.6021728515625,405.7281494140625,346.4218444824219,3417.927978515625,10638.310546875,1082.885009765625,340.6271667480469,224.27825927734372,311.93756103515625,1212.528564453125,751.8296508789062,1747.56982421875,1172.693087492165,3793.155517578125,1612.4793701171875,3158.549072265625,10668.09375,258.18768310546875
2024-11-22,2225.90087890625,2424.745361328125,1140.544921875,660.2374267578125,1536.94677734375,371.4984436035156,2985.960414659513,1199.19140625,1763.5904541015625,847.1483764648438,2376.75390625,1257.6612548828125,1808.4388427734373,421.2596740722656,351.2778625488281,3535.6689453125,10836.306640625,1100.5643310546875,349.5218200683594,227.4736328125,322.5141296386719,1254.565673828125,785.8220825195312,1762.591064453125,1164.3129586290647,3953.11083984375,1655.2957763671875,3287.983642578125,11077.5390625,264.9071350097656
2024-11-25,2255.373046875,2412.4853515625,1154.02294921875,660.3804931640625,1546.201904296875,374.5490112304688,3007.415575530149,1194.106201171875,1757.3662109375,866.560546875,2402.219970703125,1280.1959228515625,1796.507568359375,423.1678466796875,357.1210021972656,3682.35498046875,10798.6474609375,1105.2901611328125,352.3432312011719,238.86582946777344,328.0656433105469,1275.9805908203125,813.1701049804688,1766.12548828125,1171.2163724201553,4018.769775390625,1641.2288818359375,3288.38134765625,11157.5380859375,269.91192626953125
2024-11-26,2148.4736328125,2456.915771484375,1142.9410400390625,653.7178955078125,1544.73291015625,369.2105407714844,3035.1403541192353,1193.4642333984375,1764.658935546875,866.5363159179688,2409.7529296875,1284.132080078125,1829.2587890625,423.3453369140625,355.6950988769531,3632.903564453125,10719.115234375,1109.3548583984375,345.8874816894531,235.4852294921875,324.28485107421875,1284.6060791015625,808.3071899414062,1729.505126953125,1171.0507633356526,4053.788330078125,1653.3538818359375,3306.666015625,10829.9443359375,272.9472351074219
2024-11-27,2395.541015625,2444.06689453125,1147.7830810546875,662.3363647460938,1545.1246337890625,374.2798767089844,3083.35047285222,1184.82421875,1756.7625732421875,879.5182495117188,2417.237060546875,1279.9498291015625,1829.591552734375,423.3009643554688,355.6153564453125,3629.076904296875,10831.1640625,1113.6153564453125,353.2040100097656,235.5315399169922,324.7156066894531,1282.1275634765625,803.2034912109375,1717.5765380859375,1189.5462354807576,4035.021484375,1664.1527099609375,3271.040283203125,10848.30078125,270.1204528808594
2024-11-28,2434.803955078125,2410.866943359375,1130.6610107421875,642.995361328125,1528.230224609375,372.5303039550781,3102.0914120495504,1176.97412109375,1710.173583984375,870.224609375,2393.22900390625,1265.828857421875,1765.087646484375,421.4815673828125,350.8291320800781,3597.041748046875,10724.8935546875,1095.1527099609375,346.2699890136719,233.58653259277344,319.3554992675781,1259.91943359375,807.7775268554688,1702.6533203125,1191.8838526262027,3953.390380859375,1622.9940185546875,3192.237060546875,10709.9208984375,265.1619873046875
2024-11-29,2460.8291015625,2432.00341796875,1134.454833984375,649.5642700195312,1593.6041259765625,373.6069641113281,3092.912411426876,1187.194091796875,1716.8160400390625,871.632080078125,2426.22802734375,1279.3594970703125,1766.2283935546875,423.12347412109375,352.03564453125,3654.685791015625,10846.689453125,1094.3690185546875,347.8002319335937,237.75440979003903,315.28759765625,1281.1361083984375,807.8739013671875,1748.4534912109375,1194.8232543992694,3977.55810546875,1621.99951171875,3228.6572265625,10908.921875,267.7802124023437
2024-12-02,2454.73486328125,2431.4638671875,1135.2535400390625,656.947998046875,1609.71484375,378.3622741699219,3123.063243808919,1206.399658203125,1738.6005859375,875.8298950195312,2409.704345703125,1283.8370361328125,1787.095947265625,423.5228576660156,349.7821350097656,3634.326171875,11008.3974609375,1102.79248046875,342.5878601074219,238.54165649414065,313.8040466308594,1297.9410400390625,805.4183959960938,1775.5997314453125,1189.2694812359052,3982.959716796875,1653.874755859375,3286.145263671875,11343.6357421875,270.8850402832031
2024-12-03,2511.8310546875,2421.9990234375,1158.615478515625,659.397705078125,1587.1402587890625,378.7211608886719,3207.6044347641673,1209.1151123046875,1756.483642578125,886.3125610351562,2413.30078125,1287.527099609375,1798.789306640625,419.3959045410156,348.9744873046875,3715.763916015625,11047.5263671875,1107.6162109375,351.4346923828125,242.9874267578125,315.5268859863281,1311.969970703125,822.3182373046875,1767.254638671875,1188.7831297297928,4007.267822265625,1657.2376708984375,3311.883056640625,11542.1015625,270.3057861328125
2024-12-04,2492.3994140625,2412.239990234375,1157.5672607421875,665.77392578125,1551.4415283203125,373.8312377929688,3202.931244129166,1200.277587890625,1762.8936767578125,902.7157592773438,2395.464599609375,1295.0550537109375,1796.0799560546875,414.5588989257813,350.4901123046875,3718.56005859375,10901.1953125,1105.7064208984375,356.5036315917969,241.45919799804688,311.1239318847656,1297.74267578125,827.855224609375,1767.4017333984375,1194.3189351407427,4055.370361328125,1666.804931640625,3343.384521484375,11458.791015625,272.4838256835937
2024-12-05,2520.17333984375,2405.12939453125,1164.5059814453125,676.67919921875,1582.04736328125,375.40142822265625,3161.165713832694,1224.2723388671875,1787.37255859375,905.4577026367188,2424.7216796875,1315.1787109375,1839.4310302734373,414.9139404296875,354.0099792480469,3759.42626953125,10952.5185546875,1109.477294921875,353.060546875,242.01487731933597,314.2826232910156,1310.7305908203125,833.3922729492188,1780.4102783203125,1166.789017801069,4157.490234375,1692.712646484375,3419.5048828125,11620.4462890625,277.3959045410156
2024-12-06,2504.038330078125,2383.06103515625,1182.62646484375,676.6693115234375,1564.908203125,374.2798767089844,3211.261051775163,1237.9482421875,1786.1649169921875,900.6531982421875,2414.22412109375,1307.552490234375,1827.594970703125,418.15338134765625,354.3689270019531,3793.914306640625,11085.4326171875,1110.6036376953125,353.3952941894531,240.85716247558597,314.8090209960937,1300.320556640625,831.6589965820312,1771.967041015625,1145.6264573730145,4140.21435546875,1688.781494140625,3448.373046875,11538.3515625,275.588623046875
2024-12-09,2493.49853515625,2345.93798828125,1161.361083984375,678.4522705078125,1569.51123046875,371.4535827636719,3207.1270732171038,1239.380126953125,1774.2738037109375,907.520263671875,2333.500244140625,1301.2054443359375,1828.783447265625,412.6507263183594,356.2235717773437,3872.99755859375,11048.0654296875,1091.52880859375,353.73004150390625,239.7920379638672,315.0004577636719,1284.0609130859375,826.266357421875,1773.7342529296875,1157.9282796803466,4146.408203125,1684.0926513671875,3446.485107421875,11505.5341796875,281.5202331542969
2024-12-10,2464.87548828125,2343.044189453125,1151.776611328125,685.1544799804688,1546.10400390625,371.4984436035156,3113.1819328781407,1224.7659912109375,1798.845458984375,906.59814453125,2330.196044921875,1309.225341796875,1852.45556640625,413.0945434570313,357.9087219238281,3849.302001953125,10968.142578125,1084.4766845703125,353.060546875,237.93966674804688,313.8518371582031,1273.8489990234375,835.3663330078125,1776.97412109375,1161.1147949000972,4128.154296875,1670.5467529296875,3453.98779296875,11438.3408203125,285.5519104003906
2024-12-11,2454.934814453125,2370.89892578125,1145.3870849609375,702.8261108398438,1553.3023681640625,374.1004333496094,3151.1568896583813,1222.98876953125,1793.7825927734375,904.1716918945312,2334.083740234375,1306.3223876953125,1876.79296875,412.9170227050781,357.9087219238281,3843.0224609375,11046.056640625,1097.50341796875,349.56964111328125,237.6617889404297,313.516845703125,1267.2559814453125,829.684814453125,1780.950439453125,1158.5983587119285,4123.404296875,1669.8363037109375,3451.354248046875,11587.04296875,286.3860778808594
2024-12-12,2501.74072265625,2343.681884765625,1143.7896728515625,703.8831176757812,1577.3463134765625,367.0571899414063,3129.054428504218,1229.7525634765625,1798.7060546875,902.30322265625,2279.263427734375,1308.04443359375,1889.0091552734373,408.7900695800781,352.7236633300781,3787.242431640625,10937.974609375,1089.17822265625,340.10113525390625,235.29998779296875,315.0961303710937,1252.0870361328125,822.0775146484375,1772.55615234375,1159.3350315626228,4149.0166015625,1695.222900390625,3424.17529296875,11546.5810546875,286.4787292480469
2024-12-13,2525.16845703125,2361.434326171875,1146.28564453125,709.5135498046875,1647.078369140625,368.13385009765625,3126.319220796,1230.6905517578125,1828.9912109375,908.3695678710938,2323.14892578125,1323.44482421875,1901.0830078125,417.1327209472656,360.0924377441406,3813.83251953125,11040.9638671875,1103.6005859375,341.58355712890625,235.4852294921875,319.5469665527344,1261.9517822265625,829.63671875,1780.4102783203125,1165.3759985494048,4166.66455078125,1701.664306640625,3486.880615234375,11767.591796875,287.2665405273437
2024-12-16,2510.03271484375,2356.137939453125,1149.0311279296875,712.042236328125,1628.2742919921875,368.2684326171875,3141.9301810888805,1253.994140625,1815.61376953125,905.1907958984376,2299.86962890625,1324.6256103515625,1882.4019775390625,417.2214660644531,359.8531494140625,3804.854736328125,11045.3232421875,1096.376953125,337.518798828125,233.21604919433597,320.6476745605469,1257.4407958984375,829.0589599609375,1776.826904296875,1157.130892974565,4111.99560546875,1681.9139404296875,3416.672607421875,11629.8916015625,286.5714416503906
2024-12-17,2485.25634765625,2310.776123046875,1134.4049072265625,706.5501098632812,1581.9984130859375,361.4943237304688,3151.433896667825,1231.974365234375,1812.0836181640625,889.6853637695312,2297.05078125,1312.4727783203125,1879.1221923828125,416.73333740234375,355.78485107421875,3735.534423828125,10880.333984375,1078.8448486328125,333.83660888671875,229.14077758789065,315.67047119140625,1234.6378173828125,819.044189453125,1756.455078125,1145.1520721186178,4031.249267578125,1677.366943359375,3384.77392578125,11466.7275390625,286.2470092773437
2024-12-18,2455.084716796875,2300.428466796875,1120.4276123046875,698.8107299804688,1568.874755859375,355.1239929199219,3183.7819777032273,1259.3756103515625,1821.1412353515625,878.74169921875,2293.1142578125,1293.1854248046875,1881.5465087890625,417.5765075683594,354.9771728515625,3687.407958984375,10776.4130859375,1071.5477294921875,326.85479736328125,226.13064575195312,307.7738952636719,1242.5196533203125,807.103515625,1768.2364501953125,1148.7010257230709,4049.270751953125,1685.087158203125,3380.599853515625,11456.015625,289.7225952148437
2024-12-19,2417.070556640625,2247.857177734375,1107.099365234375,683.4110107421875,1567.3076171875,351.6697082519531,3165.8281376030404,1308.9449462890625,1796.894775390625,870.3944702148438,2293.746337890625,1266.3701171875,1850.2213134765625,414.0707702636719,351.407470703125,3646.394775390625,10730.2802734375,1058.0069580078125,322.69439697265625,224.0004119873047,307.8695983886719,1219.914794921875,801.95166015625,1790.0810546875,1133.6618262267607,3978.5361328125,1661.8319091796875,3335.832275390625,11365.3037109375,289.861572265625
2024-12-20,2342.74072265625,2238.53955078125,1070.109375,676.466796875,1545.5653076171875,342.7422180175781,3189.632839744331,1326.7681884765625,1775.6207275390625,859.7177734375,2268.52294921875,1267.8460693359375,1827.3575439453125,412.384521484375,347.7081298828125,3561.523193359375,10677.0966796875,1059.5250244140625,318.7252502441406,219.60096740722656,302.2702331542969,1194.9803466796875,781.922119140625,1775.8941650390625,1140.527594727067,3883.913330078125,1597.1337890625,3335.23583984375,11123.794921875,282.8641662597656
2024-12-23,2336.746337890625,2235.449951171875,1077.3975830078125,678.2892456054688,1554.183837890625,343.5946350097656,3179.3888500165476,1324.4970703125,1767.86376953125,874.0343017578125,2273.3828125,1276.1121826171875,1829.4014892578125,420.9046936035156,348.06707763671875,3571.97265625,10599.669921875,1053.6973876953125,319.1078491210937,223.0742034912109,301.7916564941406,1211.834716796875,790.7332763671875,1781.539306640625,1114.3547363446992,3872.737548828125,1622.0941162109375,3375.680908203125,11172.291015625,285.3665466308594
2024-12-24,2370.214599609375,2240.15771484375,1077.1480712890625,672.5106811523438,1551.2457275390625,344.9853210449219,3213.3310275022627,1333.927001953125,1762.243408203125,872.6268310546875,2270.126953125,1276.554931640625,1814.903564453125,424.6322326660156,348.8049621582031,3571.236572265625,10516.0244140625,1061.0921630859375,320.68585205078125,221.3144073486328,296.8144836425781,1212.2808837890625,781.9702758789062,1785.859375,1130.792190705645,3892.482177734375,1614.98974609375,3332.403564453125,11092.1943359375,282.95684814453125
2024-12-26,2397.988525390625,2218.972412109375,1074.9515380859375,673.2564697265625,1566.524169921875,346.8695373535156,3242.084388752051,1338.1236572265625,1765.7735595703125,869.0598754882812,2267.4052734375,1276.6534423828125,1813.3348388671875,423.3009643554688,349.55279541015625,3561.1796875,10672.150390625,1052.8648681640625,320.0642395019531,222.51849365234372,297.0058898925781,1206.1339111328125,782.35546875,1807.8018798828125,1138.655505247418,3882.796142578125,1609.11669921875,3302.24365234375,11160.6552734375,282.7251281738281
2024-12-27,2407.679443359375,2227.7998046875,1075.7003173828125,682.34423828125,1566.866943359375,341.3963317871094,3201.542259170581,1371.99267578125,1757.6448974609375,872.6996459960938,2275.6669921875,1286.690673828125,1822.2237548828125,424.765380859375,350.9687194824219,3540.1826171875,10716.2744140625,1060.5535888671875,320.3990173339844,219.41574096679688,296.1444091796875,1210.595458984375,770.0296630859375,1827.339599609375,1143.1373940490546,3878.837890625,1621.3837890625,3288.48046875,11107.970703125,286.4787292480469
2024-12-30,2589.90771484375,2244.326416015625,1068.2125244140625,680.4180297851562,1554.183837890625,339.0635681152344,3251.326626724334,1359.6004638671875,1791.970947265625,862.82373046875,2277.854248046875,1273.9964599609375,1812.0037841796875,423.3453369140625,347.1397705078125,3511.5810546875,10577.09375,1057.7620849609375,316.9559020996094,215.4794006347656,294.3736572265625,1200.3338623046875,759.1000366210938,1849.5767822265625,1159.2526821894674,3873.202880859375,1649.0438232421875,3236.955322265625,10992.8642578125,281.4739074707031
2024-12-31,2526.267333984375,2237.558837890625,1062.970947265625,673.9725952148438,1555.016357421875,344.6712646484375,3228.493143850189,1371.0545654296875,1781.2412109375,860.3729248046875,2261.67041015625,1261.203857421875,1787.2861328125,429.247314453125,356.1836853027344,3539.74072265625,10635.322265625,1062.7327880859375,318.8208923339844,221.59230041503903,295.4744567871094,1205.043212890625,765.5037231445312,1851.982177734375,1186.7720079550606,3813.5986328125,1616.2210693359375,3232.78125,11127.2529296875,279.75933837890625
2025-01-01,2552.44287109375,2260.411376953125,1070.0596923828125,685.0656127929688,1562.802490234375,346.6899719238281,3266.0924359450364,1351.7996826171875,1776.17822265625,865.1774291992188,2257.0537109375,1263.1719970703125,1789.662841796875,429.5135803222656,356.65234375,3598.46435546875,10978.0341796875,1062.3409423828125,319.1078491210937,219.4620513916016,297.10162353515625,1210.7935791015625,763.8185424804688,1855.5164794921875,1204.030922215793,3830.03662109375,1613.9949951171875,3233.47705078125,11147.3623046875,278.32275390625
2025-01-02,2595.25244140625,2298.2705078125,1084.83544921875,729.9015502929688,1576.5137939453125,352.56689453125,3284.0078405469762,1357.773681640625,1832.1497802734373,870.5158081054688,2303.612060546875,1270.0111083984375,1861.296875,434.0399169921875,366.3743286132813,3643.598388671875,11598.029296875,1077.498046875,323.26824951171875,227.90896606445312,301.6481018066406,1231.167724609375,771.522216796875,1843.7843017578125,1174.1483418817973,3888.9892578125,1635.8768310546875,3367.731201171875,11488.8828125,281.5666198730469
2025-01-03,2562.183837890625,2291.11083984375,1083.1383056640625,731.6845703125,1565.8875732421875,353.1949768066406,3370.0229992874233,1335.655029296875,1808.4140625,848.8954467773438,2338.846435546875,1244.8687744140625,1843.138916015625,427.4279479980469,366.6734924316406,3591.007080078125,11689.0703125,1093.4140625,325.03759765625,239.78277587890625,302.5095520019531,1240.4376220703125,764.0111694335938,1815.9508056640625,1153.948982908918,3818.34814453125,1600.3543701171875,3430.03857421875,11477.4892578125,272.90087890625
2025-01-06,2472.11865234375,2223.63134765625,1061.6732177734375,725.9652709960938,1555.701904296875,339.82623291015625,3360.87978464577,1333.3839111328125,1814.3597412109373,830.1141357421875,2309.63818359375,1243.933837890625,1842.283203125,407.9893493652344,354.9073791503906,3535.37451171875,11514.1396484375,1070.0543212890625,313.2259216308594,235.58709716796875,292.8901062011719,1207.571533203125,747.6408081054688,1813.7418212890625,1144.4348625761988,3813.784423828125,1597.37060546875,3448.6708984375,11202.48046875,272.7618408203125
2025-01-07,2518.175048828125,2248.5927734375,1065.7666015625,726.4196166992188,1558.0523681640625,340.7682800292969,3345.920569513614,1334.5689697265625,1779.847900390625,831.5215454101562,2323.829345703125,1258.842041015625,1835.6282958984373,406.5606994628906,353.3917541503906,3574.719970703125,11480.4951171875,1083.5950927734375,314.2779541015625,244.04327392578125,291.9808044433594,1230.2257080078125,749.9037475585938,1819.632568359375,1145.2840582621727,3751.665283203125,1583.01953125,3483.154052734375,11314.421875,272.5301208496094
2025-01-08,2512.880126953125,2289.54150390625,1073.2044677734375,726.5628662109375,1566.230224609375,341.2618103027344,3346.2920819754904,1353.5277099609375,1795.0367431640625,822.252197265625,2333.743408203125,1243.5894775390625,1837.81494140625,414.3490295410156,352.7137145996094,3528.65380859375,11579.1259765625,1087.145751953125,311.2173767089844,251.3046112060547,293.51226806640625,1254.664794921875,742.5853271484375,1804.2677001953125,1153.9685682291833,3826.264404296875,1576.009765625,3462.23583984375,11105.0498046875,275.7740173339844
2025-01-09,2475.565185546875,2305.087158203125,1060.02587890625,718.8629760742188,1573.9185791015625,333.9493713378906,3333.5285696764854,1354.366943359375,1797.405517578125,809.3916625976562,2367.1796875,1242.260986328125,1822.74658203125,414.8559875488281,357.0113220214844,3461.491943359375,11499.349609375,1104.849365234375,306.3875427246094,243.75613403320312,292.1722412109375,1244.0068359375,732.2816162109375,1793.075439453125,1142.8546659782933,3761.490966796875,1556.16455078125,3465.217041015625,10965.0625,270.9082336425781
2025-01-10,2372.162841796875,2276.20263671875,1039.010009765625,719.9100341796875,1582.5860595703125,330.62957763671875,3371.9718264364365,1337.3831787109375,1853.423583984375,804.0289916992188,2373.6435546875,1229.9111328125,1869.9478759765625,410.0631408691406,350.2308349609375,3469.586669921875,11392.1474609375,1100.8580322265625,294.8149108886719,243.6079559326172,286.86004638671875,1231.266845703125,715.71875,1752.2823486328125,1146.2522736550927,3972.715576171875,1615.6527099609375,3418.7099609375,10580.7919921875,278.5544128417969
2025-01-13,2223.053466796875,2209.409423828125,1047.5960693359375,706.3673706054688,1564.271484375,325.6051025390625,3298.533197818219,1318.3255615234375,1848.1282958984373,791.4596557617188,2382.3427734375,1210.1317138671875,1865.432373046875,404.6712036132813,346.6810607910156,3399.089111328125,11261.4892578125,1095.6915283203125,285.20294189453125,236.8560028076172,275.2784423828125,1229.234375,702.4780883789062,1715.0728759765625,1134.7464835102282,3996.41796875,1572.1259765625,3361.570068359375,10337.287109375,270.4911804199219
2025-01-14,2378.30712890625,2196.953369140625,1049.9423828125,724.5477294921875,1567.1116943359375,331.3025207519531,3251.9518234439506,1320.744873046875,1684.7657470703125,799.1030883789062,2301.619384765625,1220.5135498046875,1844.374755859375,402.4130554199219,349.11407470703125,3397.42138671875,11499.9375,1086.7294921875,296.87115478515625,241.15354919433597,277.8149108886719,1228.143798828125,720.437255859375,1738.5865478515625,1125.5981486128044,3942.354248046875,1560.6168212890625,3301.697265625,10209.326171875,271.41796875
2025-01-15,2385.899658203125,2186.900146484375,1025.132568359375,708.9800415039062,1574.3101806640625,336.1026916503906,3205.400932055661,1320.399169921875,1696.0528564453125,797.3803100585938,2306.52783203125,1218.4962158203125,1853.501220703125,403.1043395996094,356.8916931152344,3435.49072265625,11701.9501953125,1077.228515625,307.34393310546875,239.12515258789065,285.8550109863281,1241.478515625,725.7816772460938,1724.8416748046875,1104.287411349123,3957.7685546875,1587.5662841796875,3302.69091796875,10246.234375,271.2325744628906
2025-01-16,2425.562744140625,2173.07080078125,1036.314453125,717.1145629882812,1596.5911865234375,339.9159851074219,3249.130306024995,1286.3819580078125,1664.9783935546875,801.7481079101562,2279.31201171875,1229.173095703125,1833.3466796875,398.9567260742188,360.0724792480469,3441.868408203125,11843.873046875,1062.365478515625,311.3130798339844,243.75613403320312,284.8978881835937,1255.6065673828125,737.9149169921875,1731.174072265625,1090.662815379535,3917.44140625,1598.6494140625,3296.132080078125,10357.78515625,266.96923828125
2025-01-17,2397.5390625,2217.599365234375,989.440673828125,709.4443969726562,1593.9468994140625,347.8115539550781,3328.342372825547,1292.948486328125,1678.7261962890625,794.3228759765625,2288.060302734375,1205.900390625,1725.9193115234375,405.731201171875,350.70947265625,3501.474853515625,11887.017578125,1085.8232421875,311.9347229003906,246.89596557617188,289.6357727050781,1291.19921875,735.79638671875,1754.00048828125,1070.8290588520263,3911.75048828125,1572.7418212890625,3336.37841796875,10303.0576171875,261.315673828125
2025-01-20,2440.49853515625,2236.774169921875,986.445556640625,734.9295043945312,1607.3155517578125,347.2732238769531,3324.791690728144,1285.987060546875,1685.5765380859375,801.3598022460938,2279.506591796875,1213.2806396484375,1723.87548828125,403.4269409179688,382.9964294433594,3525.366455078125,11773.1064453125,1084.25634765625,321.4032287597656,249.48001098632807,293.12939453125,1294.272705078125,750.38525390625,1745.8516845703125,1056.845995322236,3867.64697265625,1586.28759765625,3361.0732421875,10346.34375,278.2763977050781
2025-01-21,2382.0537109375,2216.9619140625,968.6245727539062,720.265625,1592.624755859375,342.33843994140625,3318.283171979212,1271.9654541015625,1691.394775390625,797.0648803710938,2274.938232421875,1177.0677490234375,1711.896728515625,403.2886962890625,377.5720520019531,3474.44384765625,11639.55859375,1075.66162109375,310.1653137207031,246.1827545166016,289.3965148925781,1262.7945556640625,730.9334716796875,1730.5848388671875,1072.799147119795,3827.85888671875,1553.98583984375,3332.354248046875,10388.55859375,276.51544189453125
2025-01-22,2374.31103515625,2218.678466796875,957.7421875,730.6868896484375,1598.1092529296875,340.2299499511719,3322.7691704664876,1279.9637451171875,1715.1365966796875,808.5423583984375,2277.3193359375,1181.2991943359375,1764.8974609375,402.78173828125,382.3981628417969,3451.974609375,11773.400390625,1081.219970703125,308.3481750488281,244.5619201660156,284.8021545410156,1266.16552734375,725.5409545898438,1766.174560546875,1059.1788995182765,3942.385986328125,1595.1444091796875,3335.4345703125,10413.830078125,286.4787292480469
2025-01-23,2382.7529296875,2232.65478515625,949.505615234375,735.2406616210938,1602.271728515625,346.15167236328125,3377.9898080867747,1273.1998291015625,1695.7113037109375,807.9842529296875,2256.664794921875,1182.5784912109375,1773.45361328125,405.731201171875,377.8811950683594,3437.305908203125,11798.2802734375,1076.8858642578125,309.5436706542969,243.6357421875,281.7392272949219,1252.8306884765625,718.2706298828125,1800.1932373046875,1098.9503862051856,3931.810546875,1623.0413818359375,3377.271240234375,11121.9453125,294.4493408203125
2025-01-24,2312.918701171875,2218.972412109375,946.959716796875,734.7813110351562,1610.8902587890625,343.68426513671875,3336.121996591537,1209.016357421875,1682.432861328125,800.6561279296875,2301.76513671875,1189.90966796875,1782.96044921875,407.02154541015625,376.1561584472656,3393.10400390625,11722.029296875,1081.2689208984375,309.5436706542969,237.5784454345703,283.17498779296875,1235.6292724609375,716.58544921875,1789.0008544921875,1106.9100913382822,3938.35498046875,1632.1826171875,3380.848388671875,10990.4296875,296.6737060546875
2025-01-27,2257.571044921875,2208.281982421875,946.5604248046876,720.6409912109375,1569.5601806640625,337.1344909667969,3348.4337388618815,1182.6025390625,1606.515380859375,790.9500732421875,2325.82177734375,1208.3603515625,1732.1463623046875,405.6390380859375,375.1989135742188,3392.564208984375,11747.4453125,1065.0345458984375,308.1568908691406,232.27133178710935,274.7041320800781,1218.82421875,721.4483642578125,1754.2950439453125,1110.1711345952313,3855.648681640625,1566.6793212890625,3298.567138671875,10945.2939453125,285.4129333496094
2025-01-28,2283.89599609375,2198.76806640625,982.202392578125,751.376220703125,1584.9854736328125,332.55865478515625,3395.2854038044725,1166.4085693359375,1588.967041015625,810.6534423828125,2321.933837890625,1227.00830078125,1739.5142822265625,401.3530883789063,376.4652404785156,3349.637939453125,11874.6767578125,1055.9991455078125,304.3790588378906,230.32632446289065,271.7847900390625,1223.8310546875,724.5298461914062,1674.42724609375,1097.4602172529387,3832.079345703125,1561.421875,3305.07568359375,11000.6552734375,286.9725341796875
2025-01-29,2316.41552734375,2180.47607421875,981.8031005859376,766.4945068359375,1567.4544677734375,340.4543151855469,3420.2460556094056,1166.3592529296875,1613.130859375,814.0020141601562,2317.171142578125,1231.682373046875,1788.4744873046875,399.4175415039063,382.966552734375,3384.763916015625,11731.82421875,1067.9483642578125,307.248291015625,232.84555053710935,275.5177307128906,1224.921630859375,730.355712890625,1703.7333984375,1108.5847016313307,3888.51318359375,1592.4923095703125,3349.64501953125,11242.650390625,295.3378295898437
2025-01-30,2250.477783203125,2206.66357421875,983.1010131835938,780.5211181640625,1606.9237060546875,345.4787902832031,3430.5479738157183,1179.4920654296875,1607.594482421875,820.8933715820312,2341.2763671875,1235.5694580078125,1768.224853515625,402.0444030761719,379.2073669433594,3356.55517578125,11753.46875,1085.8968505859375,308.9220275878906,237.77291870117188,282.6963806152344,1242.3214111328125,734.3519897460938,1707.4150390625,1100.1942185155947,3888.75,1582.0247802734375,3347.3095703125,11178.9150390625,292.0767822265625
2025-01-31,2285.64453125,2256.635498046875,984.4986572265624,778.8863525390625,1592.7716064453125,360.4560546875,3479.7949203005774,1202.054931640625,1619.1837158203125,824.4118041992188,2399.644287109375,1232.814208984375,1787.095947265625,412.4595947265625,379.16748046875,3500.248291015625,12057.7373046875,1132.8372802734375,312.29559326171875,243.22821044921875,288.7265014648437,1254.2681884765625,744.2705078125,1712.176513671875,1102.475143305691,3900.4638671875,1586.1455078125,3468.39697265625,11186.75390625,294.81793212890625
2025-02-01,2267.861328125,2306.018798828125,996.5291748046876,790.2460327148438,1589.7845458984375,350.80499267578125,3353.1165997506832,1189.810791015625,1589.6708984375,820.6264038085938,2435.85107421875,1235.520263671875,1760.049072265625,426.3311462402344,379.5264587402344,3382.60546875,12651.140625,1139.693359375,306.2231750488281,238.54165649414065,277.4320373535156,1253.7724609375,737.6260375976562,1710.4583740234375,1142.7268476861525,3863.236572265625,1559.5748291015625,3529.76025390625,10964.4296875,288.1068115234375
2025-02-03,2259.718994140625,2248.24951171875,987.7933959960938,832.29638671875,1618.2845458984375,340.5167236328125,3386.052773059703,1188.724609375,1587.7939453125,814.3417358398438,2373.546142578125,1233.0108642578125,1771.40966796875,418.7732238769531,375.817138671875,3227.28515625,12870.0,1134.7471923828125,300.0061950683594,230.62271118164065,271.6412048339844,1235.232666015625,732.7631225585938,1708.8875732421875,1141.6405096218498,3858.96826171875,1567.43701171875,3557.883056640625,10882.1416015625,296.42486572265625
2025-02-04,2299.33154296875,2309.15771484375,1013.6513061523438,837.1909790039062,1627.1968994140625,342.83837890625,3356.7739910500864,1204.622314453125,1625.8466796875,835.1613159179688,2369.755859375,1247.9683837890625,1805.158935546875,419.5105590820313,384.59185791015625,3374.41259765625,12840.6162109375,1126.1033935546875,307.5726013183594,235.34629821777344,273.4119567871094,1274.196044921875,750.3370971679688,1733.088623046875,1160.4105459518894,3895.389404296875,1571.5577392578125,3575.174072265625,11217.6240234375,298.9297180175781
2025-02-05,2322.409912109375,2231.526611328125,1011.654541015625,840.559326171875,1626.217529296875,348.57440185546875,3273.927591602523,1212.126953125,1607.3599853515625,843.363037109375,2324.072265625,1247.476318359375,1803.4952392578125,413.05865478515625,381.25146484375,3319.515869140625,12817.94140625,1101.3721923828125,308.0545654296875,242.3390655517578,272.98126220703125,1267.2559814453125,737.6741943359375,1720.81640625,1149.5940854614457,3880.261474609375,1573.4049072265625,3469.042724609375,11282.431640625,299.7331848144531
2025-02-06,2310.271240234375,2219.953369140625,1019.0425415039062,840.3469848632812,1586.3565673828125,345.6153564453125,3298.458121436136,1221.112548828125,1617.35400390625,846.299072265625,2306.236083984375,1252.1014404296875,1821.1781005859373,406.5606994628906,382.0890502929688,3289.638916015625,12805.404296875,1096.7198486328125,301.5001525878906,237.2449951171875,269.1047668457031,1270.577392578125,724.3853759765625,1720.5693359375,1149.4736876848178,3872.341796875,1581.55126953125,3389.394775390625,11176.9169921875,300.5365905761719
2025-02-07,2336.596435546875,2227.407470703125,1022.43701171875,837.082275390625,1642.1815185546875,344.3861999511719,3363.1310497791433,1224.8154296875,1619.37158203125,840.9122314453125,2297.634033203125,1236.8487548828125,1809.769775390625,397.11334228515625,384.7414245605469,3274.087158203125,12781.408203125,1096.6705322265625,305.5002746582031,235.11956787109372,269.3468322753906,1255.8544921875,709.8928833007812,1728.2733154296875,1178.4798244107792,3821.7412109375,1602.8646240234375,3403.356689453125,11335.89453125,300.5838623046875
2025-02-10,2288.641845703125,2226.573974609375,1010.1070556640624,818.5660400390625,1658.1455078125,337.3300476074219,3358.007195619565,1205.609619140625,1627.0665283203125,832.6619873046875,2295.30126953125,1242.4576416015625,1787.5712890625,393.7491455078125,390.9036560058594,3265.992431640625,12635.7138671875,1094.674560546875,299.2832946777344,229.02667236328125,260.1959228515625,1242.916259765625,709.5076904296875,1710.7911376953125,1168.728651736472,3828.902099609375,1609.4482421875,3306.615966796875,11230.4287109375,301.57635498046875
2025-02-11,2319.5625,2197.83642578125,1005.7640991210938,809.1227416992188,1661.7691650390625,326.859619140625,3403.939577688552,1194.599853515625,1617.072509765625,825.6978759765625,2250.3955078125,1232.764892578125,1783.150634765625,385.54595947265625,382.6175537109375,3178.66796875,12462.9375,1082.081787109375,294.560302734375,225.72044372558597,253.17539978027344,1224.2772216796875,704.0187377929688,1678.839111328125,1198.9124693141516,3759.28466796875,1581.07763671875,3261.251953125,11004.404296875,295.85772705078125
2025-02-12,2351.232666015625,2185.47802734375,1005.2649536132812,811.3799438476562,1676.26416015625,328.0887451171875,3482.1770780042266,1200.5738525390625,1611.535888671875,828.3185424804688,2267.162353515625,1231.830078125,1771.26708984375,383.7671508789063,387.6729736328125,3227.7265625,12395.5517578125,1081.21923828125,295.1867980957031,224.2562561035156,248.9146270751953,1206.1339111328125,705.992919921875,1673.01171875,1211.1902440696585,3746.575439453125,1591.59228515625,3235.06689453125,11178.037109375,293.2110900878906
2025-02-13,2242.5849609375,2193.4716796875,1006.5628051757812,830.6370239257812,1679.2510986328125,329.2723693847656,3547.56288153039,1208.2265625,1598.2103271484375,823.9022216796875,2256.470458984375,1228.976318359375,1752.348388671875,383.5798950195313,393.4263610839844,3202.21630859375,12410.978515625,1073.23486328125,295.62060546875,221.94190979003903,250.9481658935547,1205.6876220703125,700.6965942382812,1724.8658447265625,1202.2426057596292,3708.63671875,1586.9508056640625,3211.26708984375,11244.208984375,291.6513977050781
2025-02-14,2150.62158203125,2188.4697265625,995.8801879882812,828.9873046875,1681.6507568359375,322.4893493652344,3630.4942145989553,1182.010009765625,1605.8583984375,822.5191040039062,2253.40869140625,1239.9976806640625,1764.849853515625,384.0948486328125,389.3581237792969,3176.70556640625,12419.744140625,1082.2542724609375,289.4999389648437,217.73828125,249.2051544189453,1206.827880859375,695.400390625,1679.5799560546875,1213.2869412367888,3732.06396484375,1571.60498046875,3193.13134765625,10969.005859375,291.22607421875
2025-02-17,2221.604736328125,2207.644287109375,991.3375854492188,832.37548828125,1641.0062255859375,327.8611145019531,3669.4209315607145,1183.8861083984375,1604.591552734375,833.4384765625,2264.149169921875,1231.1904296875,1751.4453125,382.550048828125,387.9421997070313,3161.203125,12500.6962890625,1092.4320068359375,291.427734375,220.71388244628903,254.8699951171875,1214.4124755859375,700.7447509765625,1693.111328125,1230.2183248399006,3703.278076171875,1577.146484375,3212.956298828125,11189.333984375,288.626708984375
2025-02-18,2218.208251953125,2194.648681640625,992.5357055664062,836.257568359375,1634.493408203125,328.7716064453125,3674.655680897333,1182.355712890625,1619.230712890625,836.2047119140625,2231.684814453125,1223.2196044921875,1760.619384765625,379.4136047363281,391.5418395996094,3159.534912109375,12523.517578125,1095.33984375,299.9580078125,223.5005645751953,258.5013427734375,1214.908203125,698.9151000976562,1680.6663818359375,1241.337327401783,3673.59130859375,1615.08447265625,3201.677490234375,11012.876953125,295.1015319824219
2025-02-19,2178.745361328125,2196.119873046875,1009.7077026367188,833.644775390625,1611.281982421875,329.8641662597656,3595.339542996412,1151.2020263671875,1606.84375,838.2186889648438,2187.36181640625,1241.5228271484375,1721.498779296875,380.4902648925781,395.859375,3214.235595703125,12425.5234375,1086.7393798828125,303.4279479980469,225.1064453125,254.72471618652344,1216.9404296875,700.3595581054688,1655.9739990234375,1215.0778853179975,3589.083251953125,1596.89697265625,3190.19970703125,10995.9814453125,296.8974609375
2025-02-20,2176.947021484375,2205.87890625,1015.5482177734376,829.693603515625,1609.616943359375,335.0083312988281,3584.462342370924,1156.2379150390625,1583.6180419921875,818.7579956054688,2185.077880859375,1230.009521484375,1735.14111328125,376.4176025390625,392.9776611328125,3214.1376953125,12185.0673828125,1087.62646484375,313.404052734375,228.5071258544922,257.3392944335937,1222.4429931640625,702.6707153320312,1648.7637939453125,1203.3522004083175,3584.625,1570.4210205078125,3171.4677734375,10992.134765625,296.1412658691406
2025-02-21,2131.09033203125,2214.264892578125,1007.3116455078124,829.4219360351562,1605.45458984375,336.82928466796875,3544.1641448948776,1137.3287353515625,1595.9581298828125,821.3786010742188,2178.85693359375,1213.2806396484375,1725.4915771484375,375.3409423828125,389.4877014160156,3252.69775390625,12070.2744140625,1091.66796875,314.4643249511719,226.61785888671875,253.61114501953125,1217.634521484375,695.255859375,1623.528076171875,1199.6874150904403,3590.885009765625,1562.51123046875,3159.989990234375,10865.197265625,289.5719299316406
2025-02-24,2113.156982421875,2203.083251953125,1008.4097900390624,825.2978515625,1568.2869873046875,332.14031982421875,3653.804467986068,1149.91845703125,1542.7972412109375,813.9049682617188,2178.662841796875,1198.9136962890625,1677.1016845703125,376.2771911621094,392.0902404785156,3196.378173828125,12091.5771484375,1094.3541259765625,308.5364990234375,221.37515258789065,250.9481658935547,1204.151123046875,689.8633422851562,1619.3304443359375,1198.9062032075137,3486.1748046875,1528.5992431640625,3153.133056640625,10753.5966796875,278.8907775878906
2025-02-25,2127.84326171875,2182.045166015625,1007.4613037109376,838.51953125,1607.560302734375,328.8171691894531,3646.29489670248,1113.975830078125,1535.3367919921875,816.4527587890625,2196.0126953125,1204.6212158203125,1680.524169921875,379.03912353515625,392.319580078125,3165.176513671875,12220.0322265625,1109.139892578125,307.1870422363281,220.09988403320312,247.65579223632807,1193.69140625,684.5670776367188,1593.7489013671875,1209.723122785704,3442.498291015625,1509.890869140625,3178.771728515625,10677.1513671875,275.3461608886719
2025-02-27,2108.961181640625,2171.158203125,1015.0490112304688,859.9151611328125,1616.3748779296875,331.275390625,3653.9149144718717,1111.408447265625,1528.8616943359375,825.3580932617188,2182.064697265625,1202.9482421875,1677.2918701171875,375.9963073730469,388.3909301757813,3149.08544921875,12126.25,1122.841552734375,304.2954406738281,218.2106170654297,248.13995361328125,1196.7647705078125,677.8263549804688,1627.23193359375,1213.167093085191,3426.3740234375,1504.491455078125,3202.919677734375,10174.171875,278.37091064453125
2025-02-28,2094.025146484375,2137.908935546875,1013.90087890625,842.6189575195312,1537.8282470703125,336.28302001953125,3683.3482893547766,1102.47216796875,1478.046630859375,840.7423095703125,2128.89697265625,1184.8909912109375,1604.469482421875,369.8170776367188,379.49652099609375,3104.294921875,11700.431640625,1079.198486328125,300.1989440917969,212.77896118164065,242.91087341308597,1189.82470703125,663.28564453125,1573.6494140625,1191.3753520962648,3303.737548828125,1409.3861083984375,3057.982666015625,9863.3271484375,262.4437561035156
2025-03-03,2115.105224609375,2124.815185546875,1005.6143188476562,852.2548217773438,1562.9005126953125,328.0887451171875,3686.976080044163,1105.533203125,1475.559814453125,825.7706909179688,2115.872314453125,1186.9573974609375,1624.3388671875,372.1109313964844,381.8198547363281,3137.115234375,11533.6796875,1077.177734375,303.0423583984375,212.6656036376953,244.50863647460935,1161.2216796875,669.544921875,1565.599609375,1198.1247228420095,3313.03271484375,1414.31201171875,3062.703125,10070.1181640625,268.0206298828125
2025-03-04,2142.779296875,2091.173828125,1000.1732177734376,848.115966796875,1542.8720703125,331.275390625,3776.0481117645863,1106.0762939453125,1440.9324951171875,829.8715209960938,2096.918701171875,1191.0904541015625,1605.0399169921875,369.6766357421875,380.4637451171875,3152.51953125,11377.603515625,1057.931396484375,302.4158630371094,214.2053375244141,245.96116638183597,1151.9517822265625,689.5262451171875,1547.2283935546875,1208.765614107633,3350.022705078125,1409.7650146484375,3029.412841796875,10098.650390625,264.6650390625
2025-03-05,2243.734130859375,2122.608154296875,1012.802734375,819.7415161132812,1584.8875732421875,335.281494140625,3745.027796881166,1112.247802734375,1476.0760498046875,820.1654052734375,2109.651611328125,1196.3057861328125,1627.0958251953125,379.2263488769531,385.50921630859375,3178.66796875,11378.6806640625,1082.8211669921875,314.4161071777344,216.26466369628903,256.0320129394531,1165.534423828125,703.2965698242188,1562.9820556640625,1218.642836443127,3364.24951171875,1456.986083984375,3067.224609375,10190.2890625,269.4857177734375
2025-03-06,2250.7275390625,2224.170654296875,1032.420654296875,830.8197021484375,1593.3592529296875,348.3468017578125,3756.569612593853,1125.775634765625,1487.80615234375,820.7477416992188,2156.79296875,1198.618408203125,1631.231201171875,379.83489990234375,383.2357482910156,3198.53662109375,11426.7236328125,1084.89111328125,325.6934509277344,219.72203063964844,258.2108154296875,1199.2432861328125,704.93359375,1594.14404296875,1237.503671211818,3415.988525390625,1424.1634521484375,3101.55810546875,10218.8203125,270.24188232421875
2025-03-07,2245.382568359375,2226.4267578125,1035.965087890625,830.1924438476562,1597.0809326171875,346.5712890625,3719.5276614294517,1119.0115966796875,1461.999755859375,819.8014526367188,2142.79638671875,1195.17431640625,1602.853271484375,378.149658203125,385.9678649902344,3183.622802734375,11424.51953125,1103.250244140625,317.6450500488281,219.99595642089844,254.96682739257807,1239.0992431640625,705.6077270507812,1589.501953125,1252.3645639688743,3425.09375,1413.64892578125,3060.069580078125,10305.3935546875,269.2021484375
2025-03-10,2226.20068359375,2234.861572265625,1034.1678466796875,824.0780029296875,1597.32568359375,341.5637512207031,3653.490652534031,1106.1256103515625,1453.8826904296875,818.9521484375,2184.786376953125,1195.469482421875,1617.5413818359375,379.1795349121094,383.2457275390625,3117.884033203125,11348.0234375,1108.1541748046875,317.50048828125,210.83302307128903,262.7136535644531,1227.796875,701.9003295898438,1591.6746826171875,1260.8387978378435,3404.654296875,1408.4388427734375,3007.8486328125,10244.724609375,265.5157470703125
2025-03-11,2248.4794921875,2243.49267578125,1023.9844360351562,823.8656005859375,1628.6658935546875,345.11456298828125,3624.023561961938,1102.6202392578125,1471.2901611328125,817.9815063476562,2154.84912109375,1225.5321044921875,1579.6566162109375,380.3030700683594,385.9280090332031,3135.300048828125,11407.6728515625,1109.6328125,318.36798095703125,214.1675720214844,258.8402404785156,1236.62060546875,702.8150634765625,1634.9359130859375,1260.0922913900843,3391.04345703125,1401.1922607421875,3027.32568359375,10165.9912109375,262.5382995605469
2025-03-12,2239.687744140625,2208.085693359375,1009.5579833984376,838.08984375,1608.9803466796875,346.61688232421875,3623.541153072569,1091.2647705078125,1445.7183837890625,830.4296264648438,2131.47265625,1224.105224609375,1512.395751953125,386.1077880859375,395.3707885742188,3133.53369140625,11400.962890625,1082.081787109375,318.2234191894531,211.97601318359372,258.64654541015625,1246.2872314453125,696.2670288085938,1656.2208251953125,1231.8860503920585,3325.5048828125,1362.4493408203125,3000.0478515625,10245.0166015625,253.8421173095703
2025-03-13,2219.00732421875,2188.4697265625,1008.5595703125,831.7679443359375,1598.84375,344.43170166015625,3603.4162575186365,1094.0294189453125,1440.228515625,828.221435546875,2113.879638671875,1230.1080322265625,1501.938232421875,385.7800903320313,395.8793029785156,3127.303466796875,11277.2578125,1080.3321533203125,319.91021728515625,212.948974609375,259.1791687011719,1237.2154541015625,700.88916015625,1662.73974609375,1239.7137136487945,3330.10498046875,1364.67529296875,2991.302734375,10178.50390625,249.54132080078125
2025-03-17,2250.577392578125,2176.945068359375,1032.470703125,847.562744140625,1605.356689453125,351.2147827148437,3570.3601099587336,1136.2423095703125,1449.9881591796875,830.065673828125,2110.42919921875,1248.755615234375,1511.63525390625,381.9414978027344,397.4747009277344,3113.7138671875,11316.3388671875,1071.65771484375,319.66925048828125,217.02037048339844,258.888671875,1228.242919921875,696.3633422851562,1683.333251953125,1243.75983425716,3317.442626953125,1364.154296875,2998.457763671875,10271.0185546875,245.61862182617188
2025-03-18,2250.577392578125,2176.945068359375,1032.470703125,847.562744140625,1605.356689453125,351.2147827148437,3502.7798372665043,1136.2423095703125,1449.9881591796875,830.065673828125,2110.42919921875,1248.755615234375,1511.63525390625,383.0181579589844,397.4747009277344,3113.7138671875,11316.3388671875,1071.65771484375,319.66925048828125,217.02037048339844,258.888671875,1228.242919921875,696.3633422851562,1683.333251953125,1248.9245288276177,3317.442626953125,1364.154296875,2998.457763671875,10271.0185546875,245.61862182617188
2025-03-19,2316.46533203125,2236.921142578125,1050.3416748046875,862.503173828125,1603.3978271484375,360.4105224609375,3500.07821792712,1157.3734130859375,1449.331298828125,846.42041015625,2138.422607421875,1292.152099609375,1508.3079833984375,377.3538513183594,403.14837646484375,3257.06396484375,11376.91796875,1076.4139404296875,328.9706115722656,219.69369506835935,268.4269104003906,1236.471923828125,717.5001831054688,1711.0380859375,1227.4868780791724,3316.873779296875,1322.5220947265625,3057.038818359375,10647.060546875,251.1482391357422
2025-03-20,2337.095947265625,2243.296630859375,1052.637939453125,857.3716430664062,1670.0938720703125,360.9112243652344,3429.148606559991,1172.2838134765625,1465.8004150390625,858.3831787109375,2179.5859375,1300.6148681640625,1535.8778076171875,378.1965026855469,405.9602661132813,3287.97119140625,11489.2119140625,1094.9208984375,329.4043884277344,222.5464630126953,271.47723388671875,1258.283447265625,721.7853393554688,1728.7178955078125,1209.6934906400934,3379.519775390625,1336.1627197265625,3173.107421875,10661.5703125,253.32223510742188
2025-03-21,2360.573974609375,2256.242919921875,1068.4122314453125,880.72802734375,1690.2203369140625,369.10552978515625,3466.7777318498634,1185.071044921875,1470.2108154296875,859.15966796875,2183.27978515625,1321.6734619140625,1514.0118408203125,379.6944885253906,414.6053466796875,3351.649169921875,11491.7587890625,1118.2333984375,338.609375,228.9983367919922,274.14019775390625,1265.421875,725.3001708984375,1762.5465087890625,1227.9455635428806,3393.699462890625,1334.9312744140625,3142.897705078125,10689.421875,249.82489013671875
2025-03-24,2366.46826171875,2277.918701171875,1096.067138671875,897.9107666015625,1683.3646240234375,369.65179443359375,3472.0604984490114,1195.0936279296875,1505.3543701171875,873.5489501953125,2192.99951171875,1336.4835205078125,1514.2021484375,384.703369140625,433.97955322265625,3416.308837890625,11677.3173828125,1115.6212158203125,353.69403076171875,230.33026123046875,282.61328125,1290.951416015625,751.8778076171875,1762.8427734375,1227.7392563347637,3441.928955078125,1381.72607421875,3059.821044921875,10761.9228515625,254.6455535888672
2025-03-25,2318.1640625,2286.010498046875,1116.7337646484375,895.6585693359375,1694.8233642578125,362.6411743164063,3403.9230849016744,1163.1007080078125,1524.826416015625,883.958740234375,2207.676513671875,1322.263916015625,1548.1414794921875,383.6734924316406,432.7530822753906,3404.28955078125,11625.0634765625,1111.333251953125,353.69403076171875,228.83775329589844,281.7901611328125,1274.4439697265625,744.2222900390625,1743.0394287109375,1239.8610858969353,3469.24462890625,1378.7421875,3034.580322265625,11122.2373046875,256.1579284667969
2025-03-26,2310.421142578125,2278.55615234375,1094.4698486328125,875.7841186523438,1702.70751953125,359.4545288085937,3390.656426104862,1149.9677734375,1532.8028564453125,876.7277221679688,2183.03662109375,1314.58837890625,1520.571533203125,381.3796997070313,427.7475280761719,3379.956298828125,11493.228515625,1105.714599609375,341.8383483886719,226.4478302001953,281.6448974609375,1262.150146484375,735.7001342773438,1737.310791015625,1240.8193907447633,3448.425537109375,1341.6094970703125,3038.3564453125,11103.63671875,252.75509643554688
2025-03-27,2361.123291015625,2293.219482421875,1096.56640625,889.39599609375,1689.142822265625,361.3210144042969,3356.771971496936,1147.597900390625,1529.753173828125,885.8514404296875,2181.773193359375,1315.326416015625,1524.469482421875,383.3458251953125,424.5068359375,3435.687255859375,11481.1318359375,1105.024658203125,347.6216125488281,228.76217651367188,286.14776611328125,1267.2559814453125,743.6926879882812,1710.1490478515625,1241.8031796156233,3463.0322265625,1348.80859375,3068.3173828125,11295.9677734375,257.292236328125
2025-03-28,2313.6181640625,2295.720458984375,1100.21044921875,883.6419677734375,1697.6636962890625,362.5501708984375,3372.935019803834,1129.8240966796875,1494.4219970703125,887.2344970703125,2195.575439453125,1326.8397216796875,1493.19189453125,383.626708984375,432.9923706054688,3426.562255859375,11285.4375,1109.3123779296875,344.6817932128906,232.7390899658203,281.1607360839844,1264.1824951171875,742.92236328125,1713.359130859375,1258.5346279290845,3420.303466796875,1343.45654296875,3044.169921875,11208.2744140625,247.8871612548828
2025-04-01,2333.0498046875,2271.543701171875,1083.8370361328125,859.2039794921875,1688.6043701171875,362.0493774414063,3437.4858507958047,1137.7235107421875,1436.0994873046875,857.9463500976562,2171.27587890625,1297.4166259765625,1451.21923828125,380.724365234375,427.9468994140625,3372.10693359375,11245.2294921875,1101.05712890625,339.4286804199219,234.3355255126953,280.1439208984375,1241.8751220703125,743.1149291992188,1677.4564208984375,1250.04118838623,3367.806396484375,1321.57470703125,2968.248046875,11080.8017578125,248.21800231933597
2025-04-02,2367.16748046875,2262.373291015625,1082.68896484375,856.34423828125,1718.426513671875,361.9127807617188,3350.5786352384357,1135.5511474609375,1433.4720458984375,872.0444946289062,2175.212158203125,1310.0125732421875,1473.703125,382.9713134765625,429.6819458007813,3355.52490234375,11475.4013671875,1089.5732421875,339.0431213378906,236.7632293701172,277.6746520996094,1240.4376220703125,747.20751953125,1692.568115234375,1252.1834267887295,3361.3095703125,1348.00341796875,3079.050048828125,10956.4443359375,249.1632232666016
2025-04-03,2408.528564453125,2304.302490234375,1088.0802001953125,848.970458984375,1710.00390625,361.5030822753906,3357.200117432838,1136.9830322265625,1379.56005859375,871.0496826171875,2181.676025390625,1308.3397216796875,1422.69873046875,383.2990112304688,425.2945251464844,3355.77001953125,11447.9765625,1106.798828125,345.934814453125,229.83905029296875,289.6337890625,1238.008544921875,750.3370971679688,1748.224853515625,1244.6599926943552,3227.765625,1297.1353759765625,3107.9677734375,11302.783203125,242.310302734375
2025-04-04,2332.4501953125,2310.824951171875,1089.5279541015625,861.2437744140625,1707.50634765625,350.5774230957031,3351.031654474162,1096.00439453125,1334.516357421875,881.9447631835938,2181.676025390625,1313.998046875,1380.060546875,383.5798950195313,425.1649475097656,3198.781982421875,11246.111328125,1114.93115234375,337.74188232421875,213.4968719482422,284.598388671875,1194.38525390625,739.0223999023438,1688.3209228515625,1237.6581452019182,3129.3623046875,1251.2877197265625,3056.939208984375,11197.6611328125,232.8107147216797
2025-04-07,2210.615234375,2296.4072265625,1046.2481689453125,846.3428955078125,1651.87744140625,343.7033386230469,3383.640878209388,1074.2315673828125,1289.47265625,853.0205078125,2186.39013671875,1267.009765625,1327.8680419921875,380.1625671386719,406.3990173339844,3010.739501953125,11096.9892578125,1108.449951171875,337.1635437011719,207.66848754882807,280.24078369140625,1155.71923828125,719.2335815429688,1645.8499755859375,1232.8350517371841,3105.31884765625,1220.075439453125,3003.27734375,10898.6474609375,229.59690856933597
2025-04-08,2283.54638671875,2348.24267578125,1076.099609375,871.45751953125,1684.9315185546875,348.57440185546875,3394.943432698931,1094.0294189453125,1316.9212646484375,858.5773315429688,2225.123779296875,1279.1627197265625,1358.3375244140625,386.2481689453125,409.84906005859375,3101.5966796875,11223.486328125,1121.4615478515625,340.1997985839844,214.11090087890625,279.8050537109375,1172.0780029296875,740.1296997070312,1667.579345703125,1237.1063708297706,3123.24462890625,1245.083251953125,3102.750732421875,10975.43359375,233.70867919921875
2025-04-09,2234.792236328125,2364.8671875,1059.9261474609375,862.9180297851562,1680.181640625,341.0630187988281,3361.024849760969,1080.30419921875,1295.0093994140625,856.5632934570312,2284.172119140625,1280.04833984375,1334.4752197265625,389.7590942382813,409.3604736328125,2996.65966796875,11222.017578125,1155.69091796875,336.7298583984375,209.6522216796875,284.1141967773437,1175.2010498046875,714.7076416015625,1631.8740234375,1229.3928223796436,3079.28369140625,1205.6297607421875,3154.27587890625,11098.7197265625,223.689208984375
2025-04-11,2319.212890625,2347.654296875,1067.214111328125,881.221923828125,1720.38525390625,356.99627685546875,3347.468635724334,1095.56005859375,1304.90966796875,876.8247680664062,2299.86962890625,1290.7252197265625,1339.941650390625,394.6743774414063,421.02685546875,3057.29638671875,11360.755859375,1163.8477783203125,347.0915222167969,217.615478515625,294.4755554199219,1208.5133056640625,725.9260864257812,1666.7891845703125,1251.4510398802393,3064.9619140625,1214.628662109375,3214.645751953125,11201.556640625,226.61944580078125
2025-04-15,2415.921630859375,2369.330078125,1110.9930419921875,902.9434814453124,1761.71533203125,359.8642578125,3312.001556166026,1140.3896484375,1338.6456298828125,905.0452270507812,2295.35009765625,1328.66015625,1355.675537109375,393.59771728515625,422.82171630859375,3196.280029296875,11611.4482421875,1167.0513916015625,349.40478515625,219.80702209472656,294.91131591796875,1229.4822998046875,735.2186279296875,1684.0245361328125,1236.5011980230963,3080.801025390625,1233.052978515625,3252.904541015625,11412.2421875,230.63668823242188
2025-04-16,2413.323974609375,2412.681396484375,1159.414306640625,894.5966796875,1785.0245361328125,363.5061645507813,3363.038639831825,1143.845703125,1343.5252685546875,911.4027099609376,2300.30712890625,1334.7613525390625,1343.41162109375,397.3895568847656,423.4598388671875,3166.94287109375,11424.3720703125,1174.6416015625,346.32037353515625,227.86477661132807,296.0733337402344,1228.689208984375,743.1630859375,1672.27099609375,1233.7719933533467,3105.081787109375,1239.6837158203125,3251.613037109375,11421.0068359375,234.08676147460935
2025-04-17,2415.82177734375,2420.527587890625,1188.8663330078125,905.0672607421876,1850.153564453125,363.1419372558594,3365.3111749466825,1148.980224609375,1349.437255859375,925.3309326171876,2308.4716796875,1384.2589111328125,1349.49609375,400.0110473632813,436.3626708984375,3186.173828125,11454.7353515625,1191.053955078125,350.8506164550781,230.00909423828125,299.2204895019531,1263.5877685546875,767.9111328125,1729.952392578125,1226.7423955548072,3128.888427734375,1237.8841552734375,3306.666015625,11589.478515625,223.92552185058597
2025-04-21,2440.3984375,2398.067626953125,1221.0140380859375,916.0317993164062,1844.5711669921875,364.6441955566406,3456.4726987208505,1162.6070556640625,1390.727294921875,935.2311401367188,2285.14404296875,1387.3094482421875,1379.442626953125,395.89154052734375,446.9920654296875,3218.7490234375,11503.7080078125,1182.57666015625,351.3807067871094,235.95083618164065,309.8723449707031,1284.407958984375,786.447998046875,1723.4337158203125,1252.066748063049,3150.41845703125,1301.0665283203125,3315.212158203125,11621.6142578125,225.39064025878903
2025-04-22,2443.196044921875,2385.317138671875,1214.8240966796875,914.7476196289062,1814.0142822265625,362.9143371582031,3454.881286478474,1160.2371826171875,1388.7564697265625,952.0227661132812,2331.5078125,1393.9024658203125,1352.6334228515625,405.9561767578125,452.456298828125,3196.476318359375,11492.9345703125,1186.4703369140625,347.236083984375,234.06158447265625,302.6581115722656,1280.1446533203125,791.9369506835938,1725.903076171875,1255.9593919778276,3143.58935546875,1303.908447265625,3316.50390625,11645.9599609375,221.3261260986328
2025-04-23,2451.288330078125,2406.011962890625,1204.940185546875,920.9214477539062,1842.8082275390625,363.2330017089844,3422.4294365834303,1171.098876953125,1495.82958984375,933.67822265625,2355.90478515625,1401.676513671875,1402.1639404296875,403.3815002441406,444.1203002929688,3238.863037109375,11662.3798828125,1199.333984375,350.6578369140625,238.20851135253903,304.982177734375,1288.869384765625,783.3184204101562,1766.793701171875,1274.5331009406964,3237.108154296875,1363.6807861328125,3336.279296875,11636.2216796875,230.2585906982422
2025-04-24,2440.19873046875,2417.09521484375,1205.1397705078125,918.7482299804688,1807.5504150390625,364.0524291992188,3352.6554703804995,1185.416748046875,1488.9791259765625,930.2325439453124,2260.163818359375,1380.32275390625,1398.836669921875,402.6324768066406,443.3226013183594,3238.470703125,11649.6474609375,1199.2353515625,350.0794982910156,235.5635528564453,304.4495544433594,1290.4556884765625,783.2703247070312,1781.7078857421875,1249.0361118534877,3226.29541015625,1368.9853515625,3361.421142578125,11840.724609375,229.45513916015625
2025-04-25,2352.081787109375,2384.924560546875,1164.4061279296875,900.0789794921875,1779.73583984375,357.95220947265625,3271.1568570155364,1160.0396728515625,1481.0025634765625,927.5148315429688,2266.87060546875,1382.3892822265625,1407.20263671875,400.5259399414063,439.61328125,3210.50732421875,11457.673828125,1189.5260009765625,343.5733642578125,232.69186401367188,296.7995910644531,1289.2659912109375,769.0667114257812,1765.410888671875,1254.144003417397,3270.30419921875,1384.8994140625,3344.129638671875,11916.68359375,227.7064514160156
2025-04-28,2367.567138671875,2405.12939453125,1190.863037109375,898.2021484375,1784.2412109375,361.5941162109375,3201.3410476016816,1183.6392822265625,1470.6561279296875,931.882568359375,2253.65185546875,1406.00634765625,1409.0087890625,401.4621887207031,443.8411254882813,3264.66796875,11602.6337890625,1185.82958984375,348.4408874511719,236.72544860839844,298.78472900390625,1357.080322265625,787.073974609375,1818.944091796875,1270.1849928869178,3266.0361328125,1384.4256591796875,3348.00537109375,11796.90234375,227.32835388183597
2025-04-29,2328.404296875,2404.050537109375,1185.3720703125,898.2021484375,1786.199951171875,354.26483154296875,3214.4362279490197,1161.2244873046875,1489.3560791015625,926.35009765625,2256.664794921875,1406.990478515625,1423.6494140625,398.8406982421875,439.7329711914063,3259.76220703125,11597.736328125,1176.7115478515625,344.0552978515625,232.0778350830078,293.3619689941406,1387.7156982421875,782.4517211914062,1783.2882080078125,1272.117787907301,3293.54150390625,1416.443359375,3357.446044921875,11558.31640625,228.17906188964844
2025-04-30,2299.131591796875,2379.137939453125,1183.07568359375,852.9117431640625,1826.060791015625,350.80499267578125,3238.409811457081,1169.0252685546875,1487.93212890625,934.2120361328124,2276.493408203125,1404.2349853515625,1426.1212158203125,398.6534729003906,440.3511962890625,3278.110107421875,12005.189453125,1177.0565185546875,341.741943359375,230.9159393310547,297.71954345703125,1392.9703369140625,759.4371337890625,1809.758544921875,1291.5323607548942,3275.710205078125,1423.7371826171875,3358.5390625,11336.2841796875,228.27359008789065
2025-05-02,2296.933837890625,2363.7392578125,1181.4783935546875,876.026123046875,1810.0968017578125,349.1662292480469,3169.4222816307006,1163.1007080078125,1492.5833740234375,932.7075805664062,2253.65185546875,1407.2855224609375,1432.5859375,402.1175537109375,435.08636474609375,3272.125,12150.1494140625,1149.2591552734375,336.10333251953125,229.30062866210935,293.4587707519531,1407.6436767578125,767.1888427734375,1802.1531982421875,1282.7941193819727,3254.180419921875,1415.306396484375,3321.0751953125,11309.0166015625,228.4437255859375
2025-05-05,2453.186279296875,2390.122802734375,1171.2947998046875,882.2986450195312,1827.5299072265625,351.0782165527344,3210.2009921992544,1156.5836181640625,1488.976318359375,939.9386596679688,2282.8115234375,1406.5968017578125,1434.2020263671875,409.0926208496094,415.781982421875,3267.513427734375,12202.060546875,1147.48486328125,336.0069274902344,225.95660400390625,298.4458312988281,1419.0452880859375,760.737060546875,1814.0054931640625,1308.5929591277043,3276.279541015625,1415.7801513671875,3301.001708984375,11364.525390625,230.2302398681641
2025-05-06,2351.781982421875,2371.585693359375,1159.5140380859375,869.0128173828125,1861.808349609375,344.3861999511719,3189.994240758864,1145.8206787109375,1498.9432373046875,937.4635620117188,2315.08154296875,1408.7615966796875,1436.958984375,407.7818603515625,413.6082153320313,3271.241943359375,12322.533203125,1161.4327392578125,329.4525451660156,223.87841796875,297.86480712890625,1408.7342529296875,745.4259643554688,1796.720703125,1351.4693054754805,3281.68603515625,1417.2957763671875,3278.642333984375,11386.9228515625,227.9805908203125
2025-05-07,2350.883056640625,2289.296142578125,1159.414306640625,887.68212890625,1857.6949462890625,348.9841003417969,3197.7058475266094,1146.11669921875,1483.9453125,944.2093505859376,2304.389404296875,1412.5010986328125,1433.916748046875,403.662353515625,417.7762145996094,3258.879150390625,12373.46484375,1152.5118408203125,329.6935119628906,225.4559631347656,301.2540283203125,1393.9617919921875,747.3518676757812,1759.3858642578125,1345.2018336151284,3267.553955078125,1416.3485107421875,3317.994384765625,11352.83984375,230.67449951171875
2025-05-08,2283.14697265625,2258.40087890625,1170.29638671875,872.4700317382812,1836.246337890625,350.94158935546875,3271.200577189848,1133.576416015625,1500.4620361328125,935.91064453125,2288.9345703125,1412.599365234375,1436.864013671875,403.1474304199219,421.3060302734375,3261.33203125,12137.416015625,1153.6455078125,327.71759033203125,220.3076934814453,298.4942321777344,1394.9532470703125,740.5149536132812,1745.459228515625,1337.4303692823682,3271.157470703125,1423.5477294921875,3348.2041015625,11326.5458984375,228.3397674560547
2025-05-09,2248.879150390625,2255.458740234375,1149.230712890625,854.7150268554688,1810.292724609375,348.1646728515625,3313.3714961568667,1141.3770751953125,1489.7357177734375,917.0807495117188,2267.551025390625,1366.742919921875,1433.2513427734375,396.5469055175781,419.4115295410156,3379.072998046875,11998.3330078125,1146.1046142578125,322.6571960449219,221.9513702392578,289.8274230957031,1365.408447265625,750.38525390625,1723.3349609375,1365.1609208292116,3263.001220703125,1414.9276123046875,3488.3212890625,11066.53515625,228.7556610107422
2025-05-12,2423.01513671875,2311.168212890625,1201.0465087890625,892.0549926757812,1832.23095703125,360.09185791015625,3302.318916432165,1180.5782470703125,1585.5140380859375,949.8388671875,2315.761474609375,1425.39208984375,1546.6678466796875,407.7350463867188,427.7674255371094,3519.67578125,12356.814453125,1174.8880615234375,335.9587097167969,230.5097503662109,299.2688903808594,1424.20068359375,771.9555053710938,1665.455810546875,1395.9054648188935,3433.8193359375,1490.140380859375,3540.592041015625,11428.7978515625,243.1893768310547
2025-05-13,2438.899658203125,2279.978515625,1191.6617431640625,894.3795166015625,1783.0657958984375,359.773193359375,3263.0238246663603,1191.933837890625,1537.3873291015625,933.0473022460938,2293.891845703125,1407.777587890625,1491.2430419921875,400.6195983886719,421.9043273925781,3499.85595703125,12225.56640625,1168.18505859375,329.16339111328125,227.80810546875,289.00439453125,1403.5787353515625,772.0518188476562,1679.0860595703125,1386.354005386791,3333.851318359375,1489.5718994140625,3540.89013671875,11355.7607421875,237.79209899902344
2025-05-14,2459.580322265625,2238.490478515625,1193.55859375,898.2371215820312,1796.385498046875,367.0114440917969,3168.3568808437853,1204.6717529296875,1554.568603515625,927.2236938476562,2284.657958984375,1403.44775390625,1513.8692626953125,401.7430725097656,417.2776794433594,3505.84130859375,12409.705078125,1168.283447265625,326.3199462890625,232.3895721435547,286.5835266113281,1412.2042236328125,771.0407104492188,1687.18505859375,1378.828464848319,3365.814453125,1518.6529541015625,3565.137451171875,11366.47265625,239.0870513916016
2025-05-15,2517.625732421875,2285.1767578125,1207.136474609375,908.870361328125,1828.705078125,368.4226684570313,3138.128960684007,1220.7669677734375,1609.9093017578125,938.4827270507812,2289.226318359375,1427.6553955078125,1533.4534912109375,405.0667419433594,420.0696105957031,3550.09228515625,12685.9111328125,1181.9359130859375,329.59716796875,233.90098571777344,290.1664123535156,1441.7491455078125,777.82958984375,1718.692626953125,1373.976638654681,3395.40625,1543.1871337890625,3614.029296875,11582.6611328125,242.51824951171875
2025-05-16,2552.5927734375,2308.421875,1206.8370361328125,906.7437133789062,1776.601806640625,368.5592651367188,3130.1499744821153,1215.2371826171875,1575.641845703125,938.9194946289062,2314.6923828125,1430.8043212890625,1511.49267578125,407.92230224609375,420.4285888671875,3536.846435546875,12728.0283203125,1187.2095947265625,330.7055969238281,233.57980346679688,290.6990051269531,1443.9302978515625,778.0751342773438,1713.5567626953125,1349.1260564485312,3377.765380859375,1531.725341796875,3610.94873046875,11593.373046875,240.3820343017578
2025-05-19,2538.20654296875,2286.64794921875,1200.8468017578125,915.4976196289062,1780.813232421875,366.6472778320313,3088.791935295145,1203.684326171875,1565.864501953125,940.8607177734376,2315.9560546875,1425.8841552734375,1482.8770751953125,407.5946044921875,421.02685546875,3532.43115234375,12722.150390625,1186.7166748046875,332.6815490722656,232.92800903320312,294.4271545410156,1428.4638671875,780.9237670898438,1708.91455078125,1332.5652669245171,3337.45556640625,1513.537841796875,3595.048828125,11616.74609375,237.9622344970703
2025-05-20,2499.2431640625,2251.53515625,1193.858154296875,898.039306640625,1771.6070556640625,371.5638122558594,3084.350693749347,1208.8189697265625,1555.13818359375,929.3104858398438,2275.521728515625,1415.25634765625,1483.637451171875,407.17327880859375,416.8189697265625,3500.64111328125,12378.3623046875,1162.41845703125,330.2236633300781,235.4596405029297,288.4718017578125,1412.402587890625,771.7393798828125,1686.7901611328125,1314.6492926013564,3318.01220703125,1492.8873291015625,3558.18115234375,11390.818359375,236.03396606445312
2025-05-21,2498.0439453125,2268.0126953125,1195.85498046875,909.7606201171876,1784.9266357421875,369.0600280761719,3088.8114993493264,1209.3126220703125,1568.142822265625,935.0856323242188,2297.6826171875,1421.652587890625,1491.1480712890625,405.3944396972656,413.0697937011719,3521.44189453125,12355.8349609375,1179.2252197265625,333.6453857421875,234.9117431640625,286.77716064453125,1416.963134765625,773.1636352539062,1710.494873046875,1301.229279222848,3344.0947265625,1513.9166259765625,3558.081787109375,11360.6298828125,237.1776885986328
2025-05-22,2485.25634765625,2255.066162109375,1186.5699462890625,903.97412109375,1793.6431884765625,363.1419372558594,3080.3719004989152,1206.843994140625,1550.107177734375,931.7369995117188,2265.412841796875,1419.0941162109375,1471.18359375,398.934326171875,411.9729614257813,3484.549560546875,12189.3271484375,1163.9957275390625,329.0670166015625,228.28985595703125,281.6932983398437,1397.332763671875,771.346435546875,1697.555908203125,1301.098475005496,3297.809326171875,1483.0357666015625,3518.8291015625,11374.263671875,232.47044372558597
2025-05-23,2537.60693359375,2271.05322265625,1208.1348876953125,914.3106079101562,1793.9368896484375,365.5546875,3053.9086852530686,1214.644775390625,1564.5357666015625,938.3856811523438,2293.1142578125,1426.67138671875,1487.6304931640625,408.4840393066406,418.9528503417969,3532.136474609375,12197.162109375,1189.9696044921875,332.15142822265625,230.7175750732422,288.6654663085937,1414.5838623046875,776.5034790039062,1662.8876953125,1305.8249129391463,3333.47216796875,1496.960693359375,3557.28662109375,11438.53515625,233.8126678466797
2025-05-26,2545.299560546875,2282.528564453125,1213.2266845703125,916.8823852539062,1809.3133544921875,366.6472778320313,3062.2189464932617,1225.3092041015625,1588.6463623046875,941.5886840820312,2327.037109375,1437.2989501953125,1502.55615234375,414.6632385253906,416.6594543457031,3580.01806640625,12165.8203125,1209.487060546875,331.0911865234375,232.32345581054688,287.30975341796875,1422.5152587890625,780.33447265625,1655.47998046875,1334.6953106209342,3355.001953125,1516.9478759765625,3587.6953125,11383.0283203125,236.53494262695312
2025-05-27,2537.906494140625,2282.921142578125,1193.6585693359375,907.139404296875,1805.78759765625,364.1434631347656,3082.20324186929,1227.5802001953125,1568.23779296875,934.8429565429688,2313.526123046875,1423.3255615234375,1492.6690673828125,406.2370300292969,414.2862854003906,3571.48193359375,12158.9638671875,1212.8876953125,326.3199462890625,231.00094604492188,285.227783203125,1409.9239501953125,779.6468505859375,1662.6903076171875,1316.8563014561373,3318.391357421875,1508.422607421875,3566.926025390625,11122.04296875,234.65391540527344
2025-05-28,2512.63037109375,2258.989501953125,1192.7598876953125,916.6845703125,1817.8338623046875,362.5501708984375,3037.131023229831,1226.98779296875,1573.173828125,933.4840698242188,2295.836181640625,1430.6075439453125,1494.2852783203125,400.65911865234375,413.6680603027344,3577.663330078125,12077.6689453125,1192.2366943359375,327.7657775878906,229.23448181152344,281.9353942871094,1400.802734375,782.4463500976562,1645.8994140625,1335.4507712627735,3317.442626953125,1496.960693359375,3552.318115234375,10943.8330078125,233.8788146972656
2025-05-29,2538.406005859375,2250.260009765625,1199.74853515625,910.403564453125,1825.1793212890625,362.5501708984375,3098.2801617497503,1232.5174560546875,1580.1981201171875,935.42529296875,2300.404296875,1433.264404296875,1507.4046630859375,399.2765197753906,415.1238708496094,3586.493896484375,12137.416015625,1200.1226806640625,327.0910949707031,229.58399963378903,283.8236999511719,1405.660888671875,783.232177734375,1678.8885498046875,1332.002492468244,3317.82275390625,1515.621826171875,3565.8330078125,10974.021484375,236.4404144287109
2025-05-30,2517.525634765625,2215.73583984375,1190.263916015625,912.4410400390624,1817.9317626953125,361.7306823730469,3095.22631626604,1235.479736328125,1553.5244140625,943.86962890625,2282.519775390625,1422.7352294921875,1506.5369873046875,398.6090698242188,413.7478332519531,3605.92138671875,12065.916015625,1180.99951171875,321.8379211425781,226.14552307128903,280.5797424316406,1408.7342529296875,797.91748046875,1656.9615478515625,1331.5958357853253,3284.910400390625,1490.898193359375,3532.741455078125,10916.5654296875,235.9961395263672
2025-06-02,2516.4267578125,2223.18994140625,1192.46044921875,906.2788696289062,1815.8751220703125,363.9158630371094,3097.212200111901,1232.0235595703125,1548.683349609375,937.65771484375,2305.167236328125,1427.360107421875,1497.9569091796875,399.8009338378906,411.5342102050781,3610.336669921875,12037.51171875,1185.9775390625,320.5367431640625,225.1158905029297,283.7752685546875,1401.5958251953125,799.2435913085938,1653.9984130859375,1344.6185640365723,3272.01123046875,1467.4061279296875,3503.426025390625,10901.9580078125,234.11512756347656
2025-06-03,2468.57177734375,2212.401123046875,1179.5814208984375,892.4141845703125,1803.339111328125,357.6791381835937,3128.950061528057,1232.6160888671875,1547.6392822265625,934.0179443359376,2286.407958984375,1414.961181640625,1487.5450439453125,397.5602722167969,407.7251892089844,3609.54443359375,11878.83984375,1178.6337890625,316.3920593261719,224.1334686279297,279.127197265625,1393.4661865234375,795.4617309570312,1646.98583984375,1324.3623142871259,3229.7099609375,1462.3856201171875,3497.76171875,10746.1474609375,232.73509216308597
2025-06-04,2487.054443359375,2205.82958984375,1169.0985107421875,893.2092895507812,1836.736083984375,359.2724609375,3140.272988600772,1236.1710205078125,1543.5574951171875,942.073974609375,2298.26611328125,1408.171142578125,1495.4503173828125,397.60791015625,408.0841674804688,3591.42138671875,11913.12109375,1181.64013671875,317.3559265136719,224.8702850341797,279.4176940917969,1411.31201171875,792.2201538085938,1644.41796875,1331.9059093768353,3235.163818359375,1474.6051025390625,3477.88720703125,10744.19921875,233.34005737304688
2025-06-05,2502.040283203125,2200.435302734375,1157.117919921875,887.941650390625,1840.06591796875,359.5455627441406,3183.238663134221,1274.384765625,1549.537841796875,946.1505126953124,2309.83251953125,1431.5916748046875,1498.43896484375,399.6102600097656,406.8078308105469,3607.36572265625,11876.880859375,1183.51318359375,316.7776184082031,224.60580444335935,284.93731689453125,1430.0501708984375,791.72900390625,1662.3939208984375,1335.489512299963,3225.786865234375,1480.3836669921875,3482.060791015625,10866.9013671875,234.3609161376953
2025-06-06,2531.812255859375,2202.1025390625,1192.66015625,931.4243774414062,1831.643310546875,363.2330017089844,3197.145727730902,1304.303955078125,1554.568603515625,960.27294921875,2322.857421875,1436.413330078125,1507.5975341796875,401.4695739746094,413.4885559082031,3620.93310546875,12205.978515625,1191.349609375,320.8258972167969,226.7689971923828,286.4382629394531,1431.1407470703125,798.6541748046875,1658.5418701171875,1345.1463160140954,3238.322021484375,1488.245849609375,3537.61083984375,10958.4404296875,234.9752960205078
2025-06-09,2579.66748046875,2204.750732421875,1217.9190673828125,954.880126953125,1826.6484375,365.0994567871094,3171.329898335849,1302.526611328125,1564.630615234375,960.3699951171876,2326.161865234375,1411.91064453125,1516.3704833984375,403.3765563964844,426.4113464355469,3643.314453125,12377.3828125,1190.4132080078125,324.9223327636719,229.35728454589844,290.989501953125,1436.3953857421875,805.5302734375,1673.554931640625,1351.0613269931068,3274.39697265625,1495.823974609375,3511.7734375,10965.2568359375,237.5274200439453
2025-06-10,2610.63818359375,2196.386474609375,1230.798095703125,943.9473266601562,1818.813232421875,363.779296875,3188.4699201613744,1331.853515625,1583.4254150390625,953.7698974609376,2328.10595703125,1400.200439453125,1538.6402587890625,407.1428833007813,428.9839172363281,3644.205810546875,12262.787109375,1198.3482666015625,326.9465026855469,231.13319396972656,291.5220642089844,1426.1834716796875,802.5833740234375,1668.02392578125,1398.3568545201083,3313.629638671875,1525.9468994140625,3502.13427734375,11092.828125,240.91134643554688
2025-06-11,2578.767822265625,2186.38916015625,1229.400390625,936.7416381835938,1821.849365234375,366.1009521484375,3139.5226191839533,1334.12451171875,1634.49462890625,946.538818359375,2309.83251953125,1408.171142578125,1572.4786376953125,406.3323974609375,427.8272705078125,3649.157470703125,12196.1826171875,1192.3353271484375,325.88623046875,233.6270446777344,286.09930419921875,1436.4945068359375,800.6187744140625,1669.8016357421875,1386.5793089768715,3322.24169921875,1551.14404296875,3519.42529296875,11163.9169921875,244.73956298828125
2025-06-12,2541.30322265625,2196.881591796875,1210.9305419921875,931.1261596679688,1806.17919921875,357.54254150390625,3145.4451148486905,1345.5787353515625,1614.84521484375,943.1417236328124,2267.3564453125,1402.4637451171875,1550.7874755859375,401.4219055175781,424.1378784179688,3569.039794921875,12135.45703125,1175.775146484375,321.6451721191406,234.15603637695312,279.8534240722656,1429.257080078125,791.679931640625,1666.6409912109375,1376.9363815641436,3286.166748046875,1557.68017578125,3431.08203125,11026.607421875,245.39175415039065
2025-06-13,2506.779052734375,2191.734375,1203.8419189453125,927.3990478515624,1802.4576416015625,356.1768493652344,3145.1923392556987,1345.38134765625,1609.2449951171875,930.6207885742188,2254.04052734375,1393.5089111328125,1544.4246826171875,394.6520690917969,420.26904296875,3552.699462890625,12153.087890625,1171.4381103515625,319.9584045410156,237.58506774902344,276.4642639160156,1415.67431640625,778.3206787109375,1667.0362548828125,1365.615524503176,3297.1708984375,1571.51025390625,3400.474853515625,10930.19921875,245.9588928222656
2025-06-16,2542.863037109375,2222.023681640625,1213.4263916015625,932.2691650390624,1822.9267578125,359.0448303222656,3137.3264106094834,1329.878662109375,1635.5386962890625,939.2592163085938,2262.205078125,1404.1365966796875,1565.441162109375,398.7521057128906,426.5708618164063,3593.599853515625,12272.5810546875,1177.84521484375,321.6451721191406,242.5727386474609,279.5145263671875,1425.4896240234375,778.4680786132812,1664.56689453125,1355.6583861392924,3345.58984375,1604.5699462890625,3416.573486328125,11194.10546875,248.49212646484372
2025-06-17,2487.387939453125,2241.821044921875,1213.1268310546875,917.3607788085938,1816.560791015625,356.2679138183594,3132.933455546319,1302.23046875,1641.8035888671875,936.4444580078124,2263.37158203125,1400.4957275390625,1580.962646484375,397.98931884765625,426.1321411132813,3587.261962890625,12336.2451171875,1164.1435546875,323.09100341796875,238.34075927734372,279.4176940917969,1418.946044921875,778.2716064453125,1629.8985595703125,1344.247038469463,3363.77099609375,1627.9671630859375,3384.376220703125,11085.037109375,248.5110321044922
2025-06-18,2458.0009765625,2258.25244140625,1219.0172119140625,913.38525390625,1827.4320068359373,355.4029235839844,3053.4434514575673,1296.799560546875,1628.799072265625,938.5313110351562,2232.9482421875,1390.0648193359375,1574.214111328125,396.5590515136719,425.2546997070313,3566.6630859375,12486.1025390625,1153.6949462890625,320.3921203613281,236.49874877929688,278.2072448730469,1417.85546875,777.8787231445312,1627.7257080078125,1367.100963273866,3302.625,1620.4837646484375,3446.08740234375,11107.4345703125,247.2633056640625
2025-06-19,2419.518310546875,2244.98828125,1215.52294921875,894.9982299804688,1838.3031005859373,349.8490600585937,3031.463482875986,1309.4385986328125,1626.900634765625,939.210693359375,2229.93505859375,1388.78564453125,1560.2352294921875,396.6544189453125,428.046630859375,3586.07373046875,12542.9111328125,1142.9010009765625,318.1269836425781,237.63229370117188,277.3841857910156,1421.0281982421875,771.1990356445312,1627.3306884765625,1394.810982594909,3276.406494140625,1595.19189453125,3483.451904296875,11121.0693359375,251.0348052978516
2025-06-20,2447.3056640625,2262.5087890625,1218.7176513671875,899.4707641601562,1896.772216796875,354.21929931640625,3036.520746422039,1308.6488037109375,1651.5809326171875,953.4786987304688,2241.59912109375,1404.33349609375,1564.573486328125,399.0858154296875,432.7131652832031,3626.577880859375,12528.21875,1163.3548583984375,323.09100341796875,237.9440155029297,283.8236999511719,1453.6463623046875,782.053466796875,1644.6153564453125,1384.347996753747,3287.602294921875,1606.6536865234375,3496.966796875,11158.07421875,251.94224548339844
2025-06-23,2470.895263671875,2241.1279296875,1212.12841796875,909.9066162109376,1896.3804931640625,357.36041259765625,3044.412455742009,1301.3416748046875,1616.74365234375,945.5681762695312,2234.62548828125,1397.445068359375,1527.071533203125,394.6520690917969,435.5649719238281,3549.03515625,12438.1083984375,1162.71435546875,320.5848999023437,237.46226501464844,281.0639038085937,1444.326904296875,776.2088012695312,1642.0474853515625,1368.9911245061676,3247.31689453125,1593.10791015625,3483.750244140625,11149.310546875,248.8229522705078
2025-06-24,2504.480224609375,2252.21435546875,1219.2169189453125,910.9005126953124,1893.7362060546875,357.4970092773437,3002.5017227660164,1320.498046875,1605.922607421875,951.634521484375,2222.839111328125,1401.38134765625,1524.7576904296875,395.0811462402344,443.4422912597656,3569.93115234375,12351.9169921875,1166.0164794921875,318.0306701660156,230.41526794433597,276.8999938964844,1438.3782958984375,781.3167114257812,1641.2572021484375,1378.4882495201794,3244.254638671875,1588.65576171875,3503.923095703125,11275.9072265625,250.45822143554688
2025-06-25,2526.070556640625,2256.767578125,1211.329833984375,922.3302612304688,1925.076416015625,356.6775817871094,3056.7952687518664,1324.743896484375,1629.938232421875,961.0009155273438,2238.1611328125,1403.0543212890625,1556.8609619140625,396.9881591796875,438.3967895507813,3584.7861328125,12504.712890625,1185.041015625,318.8981018066406,228.51657104492188,281.257568359375,1454.737060546875,785.8843383789062,1649.06005859375,1368.4989661455431,3296.309814453125,1615.08447265625,3629.332763671875,11425.8759765625,254.6550445556641
2025-06-26,2585.044189453125,2266.567138671875,1231.4970703125,945.6866455078124,1972.7725830078125,358.8626708984375,3021.4691089879693,1304.8963623046875,1636.5828857421875,981.1896362304688,2240.22412109375,1416.14208984375,1557.9215087890625,400.7544250488281,439.5135803222656,3624.201171875,12453.7802734375,1198.3482666015625,324.97052001953125,231.1804351806641,284.2110290527344,1482.497314453125,782.9375,1649.257568359375,1381.0806373384858,3293.439208984375,1601.06494140625,3671.566650390625,11638.169921875,253.8137664794922
2025-06-27,2645.117431640625,2334.76806640625,1223.110595703125,941.2141723632812,1985.3084716796875,358.8626708984375,3063.502121503974,1284.654052734375,1635.8236083984375,988.5983276367188,2265.859375,1438.87353515625,1550.208984375,399.18115234375,440.311279296875,3643.611572265625,12382.2802734375,1211.8033447265625,326.0789794921875,229.38563537597656,289.779052734375,1502.4251708984375,791.1396484375,1666.838623046875,1385.496654580985,3292.769287109375,1586.09814453125,3643.2451171875,11893.310546875,250.5338134765625
2025-06-30,2618.229248046875,2317.346923828125,1197.2525634765625,930.7783203125,1968.1693115234373,356.8597106933594,3082.8646990010043,1267.176513671875,1640.8546142578125,982.023681640625,2253.7783203125,1422.7352294921875,1544.2318115234375,397.08349609375,431.4568176269531,3634.302490234375,12145.2509765625,1215.056396484375,322.80181884765625,230.68923950195312,290.4084777832031,1487.7518310546875,805.824951171875,1655.0849609375,1357.211993068465,3312.768310546875,1598.03369140625,3667.094970703125,11776.4521484375,251.4129180908203
2025-07-01,2620.62841796875,2345.458740234375,1171.394775390625,930.9274291992188,1977.767333984375,354.8566589355469,3056.5399833547162,1260.758056640625,1631.077392578125,987.2244873046876,2254.662353515625,1409.1552734375,1549.0521240234375,395.7962646484375,435.4652404785156,3631.232421875,12186.388671875,1187.850341796875,320.5848999023437,229.895751953125,288.13287353515625,1515.3138427734375,805.7758178710938,1646.689453125,1387.1609209397527,3281.8603515625,1583.06689453125,3677.33056640625,11890.3896484375,250.06118774414065
2025-07-02,2629.0244140625,2394.85205078125,1173.3916015625,917.3607788085938,1991.3807373046875,352.26177978515625,3133.8654382280874,1254.83349609375,1631.362060546875,974.418701171875,2266.05615234375,1405.0223388671875,1552.619140625,393.7462768554688,432.5735778808594,3562.008544921875,12362.6904296875,1176.9578857421875,321.693359375,227.72308349609372,285.518310546875,1505.7960205078125,798.5068969726562,1656.86279296875,1422.6592610860037,3275.736572265625,1588.65576171875,3684.783447265625,12110.4736328125,252.37701416015625
2025-07-03,2610.032958984375,2406.235595703125,1169.1982421875,904.5892944335938,1977.66943359375,351.85211181640625,3083.6227214011374,1275.075927734375,1625.002197265625,974.9583740234376,2272.243896484375,1403.1527099609375,1560.5244140625,394.1276550292969,424.0980224609375,3548.242919921875,12490.0205078125,1177.1552734375,322.5126647949219,230.5380859375,284.4047546386719,1504.8046875,792.8095092773438,1659.0357666015625,1411.1649163083598,3254.206787109375,1583.7301025390625,3655.6669921875,12073.46875,252.42428588867188
2025-07-04,2597.9384765625,2399.603515625,1176.6925048828125,919.646728515625,1975.6126708984373,351.5334167480469,3124.341535280777,1290.9736328125,1638.2916259765625,976.037841796875,2297.683349609375,1419.782958984375,1581.7337646484375,393.3648376464844,424.7361755371094,3559.830078125,12386.197265625,1184.2823486328125,323.3801574707031,231.6622009277344,284.6951904296875,1514.223388671875,797.4754028320312,1655.677734375,1404.1366995559206,3272.387451171875,1596.558837890625,3663.815673828125,12178.6416015625,255.25997924804688
2025-07-07,2574.94873046875,2418.014892578125,1174.1944580078125,919.000732421875,1991.9683837890625,349.8490600585937,3169.1723913505302,1294.03466796875,1623.5784912109375,975.1055908203124,2367.51806640625,1412.7962646484375,1568.526123046875,396.7974243164063,428.72467041015625,3546.757568359375,12262.787109375,1198.783935546875,325.2597045898437,228.14817810058597,286.5350646972656,1528.3016357421875,792.56396484375,1664.6953125,1410.2465480554572,3264.63671875,1566.36767578125,3643.145751953125,12021.85546875,253.0859375
2025-07-08,2590.141845703125,2459.390869140625,1164.501953125,921.982421875,1988.148681640625,348.57440185546875,3141.0486676054147,1267.670166015625,1621.39501953125,981.974609375,2350.133056640625,1418.9957275390625,1579.8056640625,397.7986145019531,443.6217346191406,3571.515625,12158.9638671875,1196.7052001953125,330.802001953125,229.7729339599609,288.3265380859375,1524.4349365234375,798.2612915039062,1657.3623046875,1417.337115105256,3259.37353515625,1577.4603271484375,3430.045166015625,12119.23828125,254.8818817138672
2025-07-09,2581.845703125,2473.545654296875,1163.8023681640625,934.8532104492188,1978.06103515625,352.7626037597656,3203.4701003611867,1253.4510498046875,1589.02587890625,986.7828979492188,2380.286865234375,1409.056884765625,1574.9852294921875,399.9440002441406,444.5789794921875,3545.073974609375,12213.8134765625,1201.6051025390625,331.5730895996094,229.8768615722656,290.1664123535156,1505.9942626953125,796.5913696289062,1654.290283203125,1430.8755999295172,3237.939208984375,1557.5902099609375,3420.875244140625,12233.17578125,253.1331787109375
2025-07-10,2579.846435546875,2426.32958984375,1163.40283203125,941.8602294921876,1923.9991455078125,349.6669311523437,3193.602111775644,1254.6434326171875,1579.2489013671875,984.3296508789062,2365.5537109375,1401.38134765625,1557.7286376953125,397.46490478515625,439.49365234375,3540.122314453125,12390.115234375,1188.5386962890625,329.1152038574219,229.63124084472656,289.779052734375,1504.2095947265625,793.693603515625,1647.4527587890625,1471.8579871958536,3236.217041015625,1543.410888671875,3408.615478515625,12188.3798828125,250.5338134765625
2025-07-11,2557.556396484375,2414.451416015625,1172.8955078125,927.796630859375,1882.27734375,346.8445129394531,3207.6242200370093,1246.793212890625,1555.13818359375,973.2901611328124,2474.77587890625,1399.2164306640625,1537.579833984375,397.4172058105469,442.8439636230469,3506.352294921875,12315.677734375,1189.5780029296875,330.3200378417969,228.37486267089844,289.1011962890625,1482.3980712890625,794.3321533203125,1656.8668212890625,1468.8113088300468,3125.217041015625,1545.7259521484375,3350.605712890625,12167.9296875,244.15350341796875
2025-07-14,2580.146484375,2377.233154296875,1171.7962646484375,913.2361450195312,1881.2979736328125,349.4848327636719,3220.441381158044,1242.7191162109375,1537.577392578125,972.94677734375,2471.828857421875,1400.298828125,1513.8638916015625,399.8962707519531,439.49365234375,3462.08447265625,12256.91015625,1184.331787109375,329.7417297363281,230.69866943359372,288.7623291015625,1470.9964599609375,794.528564453125,1667.370849609375,1453.2032227422737,3083.78369140625,1520.83984375,3393.564697265625,12188.3798828125,240.3253173828125
2025-07-15,2597.038818359375,2369.215087890625,1165.0015869140625,922.7278442382812,1894.32373046875,351.85211181640625,3215.6748411185126,1252.9542236328125,1486.887939453125,979.079833984375,2481.94580078125,1407.9744873046875,1528.614013671875,402.4707336425781,436.3626708984375,3460.202880859375,12278.45703125,1195.913330078125,329.64532470703125,230.17913818359372,288.6170349121094,1472.6820068359375,801.9940185546875,1711.864501953125,1426.2303291013602,3112.107666015625,1523.0584716796875,3403.8310546875,12174.7470703125,243.30279541015625
2025-07-16,2607.334228515625,2386.042724609375,1167.4996337890625,916.118408203125,1896.67431640625,351.85211181640625,3253.2488551965534,1251.463623046875,1483.4705810546875,979.4723510742188,2472.811279296875,1403.6446533203125,1550.112548828125,404.8544616699219,434.627685546875,3469.908203125,12305.8818359375,1217.5419921875,330.0791015625,229.40452575683597,287.6486511230469,1472.8802490234375,816.9739990234375,1685.6043701171875,1412.392748069227,3104.234619140625,1550.9345703125,3406.12353515625,12127.0283203125,248.4070281982422
2025-07-17,2615.4306640625,2374.560302734375,1158.90625,917.658935546875,1890.112548828125,351.351318359375,3290.472013163566,1255.1402587890625,1465.530029296875,974.8602905273438,2465.14990234375,1396.0673828125,1526.5894775390625,404.2347106933594,432.9126281738281,3440.396484375,12219.6904296875,1212.1470947265625,330.2718505859375,230.3680419921875,287.21295166015625,1463.7591552734375,814.32177734375,1687.9825439453125,1412.2812610661658,3081.287109375,1508.300537109375,3422.0712890625,12167.9296875,246.32752990722656
2025-07-18,2594.93994140625,2358.2275390625,1098.452880859375,936.2446899414062,1877.372802734375,353.7185363769531,3212.9155850501857,1249.5755615234375,1481.6978759765625,960.3862915039062,2445.309326171875,1403.0543212890625,1529.0960693359375,403.0905151367188,427.3621826171875,3431.285400390625,12163.861328125,1223.580078125,329.7417297363281,232.67295837402344,284.8404541015625,1463.362548828125,808.7717895507812,1678.271240234375,1448.3959542497869,3062.756103515625,1494.02490234375,3391.7705078125,12170.8505859375,252.32977294921875
2025-07-21,2618.329345703125,2351.298583984375,1098.7525634765625,942.6553344726562,1885.4708251953125,352.17071533203125,3272.7657490406937,1251.3642578125,1464.0950927734375,981.5330200195312,2421.048828125,1442.4161376953125,1527.36083984375,400.5637512207031,432.2936706542969,3468.91796875,12150.1494140625,1223.778076171875,329.21160888671875,231.4732818603516,287.6002502441406,1416.3682861328125,809.6068115234375,1676.983154296875,1438.589969532715,3032.31982421875,1489.1055908203125,3421.772216796875,12247.783203125,246.0912322998047
2025-07-22,2586.6435546875,2341.2021484375,1097.15380859375,946.730224609375,1883.100830078125,354.26483154296875,3199.4394022814836,1232.1859130859375,1454.2412109375,984.771240234375,2435.585205078125,1450.0916748046875,1514.4423828125,396.6544189453125,431.29541015625,3431.08740234375,12235.3623046875,1209.3756103515625,328.5368957519531,232.76742553710935,288.3749389648437,1400.70361328125,800.5697021484375,1662.8125,1443.607247583717,3033.663818359375,1492.385009765625,3461.043212890625,12126.0556640625,245.47683715820312
2025-07-23,2613.33154296875,2351.298583984375,1103.9486083984375,962.384033203125,1919.640869140625,355.7671203613281,3246.7857655283397,1239.539306640625,1463.52099609375,993.2103881835938,2406.806640625,1464.8524169921875,1517.9129638671875,395.65325927734375,433.3318786621094,3451.19091796875,12367.5888671875,1213.8299560546875,330.6573791503906,231.95504760742188,289.779052734375,1412.402587890625,806.1196899414062,1667.2718505859375,1443.8274993501968,3052.386962890625,1491.806396484375,3460.04638671875,12048.1484375,247.08370971679688
2025-07-24,2607.234130859375,2328.2353515625,1094.256103515625,953.0911865234376,1912.0364990234373,351.0326232910156,3299.1350760701434,1257.525146484375,1441.9000244140625,988.2548217773438,2394.430908203125,1459.7353515625,1496.70361328125,390.8857727050781,427.681640625,3443.862548828125,12299.0263671875,1149.2904052734375,326.65728759765625,231.27491760253903,289.8758850097656,1390.888427734375,801.25732421875,1676.685791015625,1468.3617367000325,3022.5263671875,1445.5069580078125,3473.00390625,11981.9287109375,247.5090789794922
2025-07-25,2548.96044921875,2312.496337890625,1085.262939453125,908.1672973632812,1913.814208984375,346.7078857421875,3250.865020625757,1269.8470458984375,1425.5408935546875,985.9922485351562,2372.42919921875,1453.5357666015625,1461.2261962890625,390.361328125,424.1876831054688,3409.59716796875,12149.169921875,1125.781005859375,321.16326904296875,226.9862518310547,282.8553771972656,1379.7841796875,792.269287109375,1683.622314453125,1521.272970427252,3010.812744140625,1410.107177734375,3451.474609375,12004.958984375,245.00421142578125
2025-07-28,2521.1728515625,2335.6591796875,1072.7725830078125,875.1204223632812,1866.805908203125,344.477294921875,3233.6383549322163,1279.2872314453125,1402.580810546875,987.9105224609376,2398.163330078125,1464.655517578125,1461.515380859375,390.8380737304688,392.6421203613281,3389.097412109375,12086.484375,1103.3602294921875,320.9222717285156,226.7312164306641,282.6616516113281,1375.71923828125,783.0357666015625,1686.79345703125,1510.6960033287573,2956.56494140625,1399.2073974609375,3381.903076171875,11995.1591796875,241.0043487548828
2025-07-29,2546.76123046875,2377.1337890625,1063.3798828125,881.1334838867188,1894.4578857421875,349.3027648925781,3185.675840542871,1291.609130859375,1408.6077880859375,994.3539428710938,2409.949951171875,1462.4906005859375,1459.2979736328125,389.45550537109375,393.8600463867188,3461.78759765625,12212.833984375,1100.588623046875,322.5126647949219,228.0725860595703,283.8236999511719,1404.9666748046875,785.0494384765625,1695.018310546875,1501.0541675121892,2934.193115234375,1402.294189453125,3368.14794921875,11976.5390625,242.6910400390625
2025-07-30,2531.767822265625,2391.288818359375,1072.472900390625,879.44384765625,1908.580078125,345.8884582519531,3177.409031015239,1283.95751953125,1412.5301513671875,996.4197998046876,2394.037841796875,1458.751220703125,1464.40771484375,388.6450500488281,391.2644958496094,3629.64794921875,12358.7724609375,1104.44921875,326.5609436035156,228.42208862304688,279.8050537109375,1398.026611328125,787.4560546875,1718.107421875,1523.5124751950232,2931.88916015625,1411.361083984375,3365.45703125,12022.599609375,241.1489105224609
2025-07-31,2429.613525390625,2371.788818359375,1067.57666015625,875.816162109375,1890.507568359375,342.6563415527344,3165.0767325049974,1262.2950439453125,1404.302978515625,992.6815795898438,2476.34716796875,1457.7672119140625,1454.76708984375,392.7927856445313,395.0379943847656,3601.324462890625,12348.978515625,1112.467041015625,322.17529296875,227.65695190429688,281.7901611328125,1378.2969970703125,782.4463500976562,1691.2525634765625,1538.562893082788,2915.758544921875,1411.84326171875,3336.3525390625,12003.9794921875,239.31765747070312
2025-08-01,2349.849365234375,2406.33447265625,1061.581298828125,870.2503662109375,1860.9791259765625,339.1509704589844,3200.6776002161632,1212.9080810546875,1389.1873779296875,989.7304077148438,2508.268798828125,1448.12353515625,1416.782958984375,397.08349609375,397.7932434082031,3552.6005859375,12179.6787109375,1126.72119140625,318.9463195800781,223.68003845214844,282.0322265625,1381.76708984375,779.9415283203125,1614.9495849609375,1579.0476482954432,2883.305908203125,1387.82568359375,3305.15478515625,11870.7001953125,233.9684295654297
2025-08-04,2362.543701171875,2424.94384765625,1067.7764892578125,879.89111328125,1890.8037109375,341.154052734375,3260.5694841982563,1217.2803955078125,1410.5213623046875,979.7947387695312,2498.44677734375,1439.8575439453125,1427.291259765625,397.46490478515625,398.7116394042969,3595.976806640625,12242.052734375,1127.1666259765625,320.006591796875,221.82855224609372,278.8367004394531,1399.4146728515625,781.6113891601562,1626.7418212890625,1592.4831917655267,2951.85986328125,1422.7430419921875,3345.322998046875,12011.8193359375,237.1490478515625
2025-08-05,2327.159423828125,2412.07568359375,1069.974853515625,886.4508056640625,1907.7900390625,345.5243225097656,3325.5144594243784,1207.144775390625,1418.4615478515625,972.7118530273438,2489.60693359375,1421.3575439453125,1407.8173828125,394.8904418945313,399.9095764160156,3617.26904296875,12412.341796875,1122.1678466796875,321.5487976074219,221.4979248046875,276.94842529296875,1379.7841796875,786.4246215820312,1617.327880859375,1585.1759207396208,2941.7783203125,1432.7745361328125,3407.0205078125,12051.9990234375,237.0141143798828
2025-08-06,2299.27197265625,2465.923828125,1070.1746826171875,871.2940063476562,1905.716064453125,348.15728759765625,3300.9609695387308,1189.15869140625,1399.806396484375,976.499267578125,2490.4912109375,1420.5703125,1385.0654296875,392.8404235839844,399.789794921875,3593.302734375,12399.4716796875,1105.3399658203125,320.1029968261719,220.8272399902344,275.7863464355469,1380.874755859375,790.8941040039062,1580.7618408203125,1598.8126458887273,2911.43798828125,1407.309814453125,3406.522216796875,11981.439453125,231.27935791015625
2025-08-07,2248.794677734375,2481.068603515625,1075.37060546875,873.72900390625,1898.704345703125,350.6517333984375,3292.6550489262595,1193.23291015625,1411.573486328125,981.4671020507812,2472.712890625,1417.322998046875,1385.25830078125,394.3660278320313,397.73333740234375,3606.375244140625,12506.3974609375,1105.9835205078125,317.8378601074219,220.9783935546875,276.5126342773437,1377.5040283203125,790.8941040039062,1583.9329833984375,1624.1857341740752,2925.552001953125,1429.4949951171875,3404.528564453125,12027.4990234375,233.55398559570312
2025-08-08,2177.126708984375,2450.482177734375,1057.2845458984375,871.7909545898438,1835.499755859375,350.79034423828125,3217.9488175798965,1203.76611328125,1411.7647705078125,970.8920288085938,2454.1494140625,1412.9931640625,1371.9542236328125,395.2241821289063,389.8669128417969,3572.7041015625,12464.8154296875,1085.3941650390625,322.6571960449219,220.51551818847656,275.8348083496094,1356.0888671875,790.0591430664062,1572.537109375,1643.384075488451,2915.374267578125,1427.9517822265625,3448.883056640625,11913.8193359375,230.4022674560547
2025-08-11,2282.37939453125,2463.84521484375,1072.472900390625,872.4369506835938,1834.314697265625,353.37713623046875,3183.419688657453,1211.8150634765625,1423.5321044921875,981.5654296875,2473.596923828125,1413.681884765625,1376.8709716796875,397.46490478515625,394.4989013671875,3632.916015625,12471.74609375,1093.80810546875,324.0066833496094,220.84613037109372,275.8348083496094,1374.331298828125,808.8700561523438,1593.8424072265625,1655.60730385131,2919.59912109375,1428.626953125,3456.557861328125,12156.8583984375,232.87928771972656
2025-08-12,2287.17724609375,2453.15478515625,1069.1754150390625,847.7884521484375,1827.302978515625,356.0101318359375,3227.499659626841,1212.610107421875,1434.15087890625,968.924560546875,2439.612548828125,1410.112060546875,1372.918212890625,396.9881591796875,391.1247253417969,3650.44482421875,12712.3291015625,1080.0487060546875,327.81402587890625,222.4803466796875,275.64111328125,1368.5810546875,806.0704956054688,1607.5174560546875,1680.9023677958432,2914.414306640625,1455.827880859375,3475.396240234375,12199.978515625,232.9756774902344
2025-08-13,2279.0810546875,2474.832275390625,1065.178466796875,854.7456665039062,1844.1904296875,356.7030334472656,3301.8330052287047,1245.50146484375,1436.064453125,974.0399169921876,2450.71142578125,1408.922119140625,1375.328369140625,394.8427734375,396.8548583984375,3657.97119140625,12706.388671875,1085.7900390625,327.66943359375,225.4559631347656,279.0787658691406,1370.7620849609375,807.29833984375,1624.958251953125,1709.0127170476144,2915.182373046875,1452.9342041015625,3455.461669921875,12152.9384765625,232.908203125
2025-08-14,2280.580322265625,2503.043212890625,1067.376708984375,856.1868286132812,1850.5108642578125,355.1786499023437,3247.064838598226,1252.4573974609375,1425.254150390625,979.35205078125,2436.469482421875,1415.3677978515625,1395.6700439453125,392.3160095214844,394.9581298828125,3641.432861328125,12807.375,1078.3660888671875,327.0910949707031,223.8217315673828,279.5629577636719,1367.4774169921875,811.9151611328125,1626.5438232421875,1742.726650462055,2901.83642578125,1434.028564453125,3477.987548828125,12070.619140625,237.88156127929688
2025-08-18,2332.55712890625,2561.147705078125,1081.7657470703125,899.6695556640625,1868.781005859375,358.2735595703125,3221.73758784934,1254.7427978515625,1420.6619873046875,985.5003662109376,2522.412841796875,1422.606689453125,1384.1978759765625,387.4054870605469,399.5901184082031,3599.938232421875,13928.119140625,1132.511962890625,323.9102478027344,224.97418212890625,281.1607360839844,1375.3409423828125,812.9957275390625,1617.9224853515625,1759.1335029035915,2891.1787109375,1419.07763671875,3543.173828125,12509.6572265625,236.3394470214844
2025-08-19,2387.33251953125,2553.228759765625,1082.365234375,896.7872314453125,1885.964599609375,356.0101318359375,3221.7833669275515,1236.359375,1412.1475830078125,979.35205078125,2558.4599609375,1424.29248046875,1388.246826171875,390.0753173828125,405.2803039550781,3578.052001953125,14108.3095703125,1149.63671875,322.9463806152344,224.7663726806641,280.0909423828125,1413.564208984375,815.697021484375,1611.877685546875,1755.7313254131348,2895.9794921875,1443.6741943359375,3556.430419921875,12605.697265625,238.0261383056641
2025-08-20,2386.033203125,2544.023193359375,1079.3675537109375,882.3758544921875,1904.4322509765625,355.4096374511719,3235.54658773829,1237.5518798828125,1431.1854248046875,977.9256591796876,2622.303466796875,1418.64013671875,1442.427001953125,387.1671142578125,402.8045654296875,3557.55224609375,14079.59765625,1178.244140625,329.64532470703125,224.7569274902344,280.4799499511719,1406.4969482421875,814.272705078125,1618.31884765625,1759.9737586170083,2975.095458984375,1470.1033935546875,3583.242431640625,12616.4775390625,241.76577758789065
2025-08-21,2376.137451171875,2540.558837890625,1078.068603515625,890.128173828125,1905.9136962890625,354.0986633300781,3200.663022646239,1268.55517578125,1428.7935791015625,979.4012451171876,2600.891357421875,1433.911376953125,1442.619873046875,386.69036865234375,402.8644714355469,3577.65576171875,14138.01171875,1167.4544677734375,326.5609436035156,225.09698486328125,276.2007751464844,1418.24267578125,811.0802612304688,1625.3544921875,1790.3295345121687,2978.936279296875,1467.4027099609375,3604.47265625,12612.5576171875,240.86941528320312
2025-08-22,2323.86083984375,2479.0888671875,1070.07470703125,889.034912109375,1909.2713623046875,350.63397216796875,3220.7526527136283,1269.5489501953125,1402.772216796875,966.317626953125,2583.11328125,1424.3917236328125,1434.0396728515625,379.7775268554688,396.63525390625,3561.018310546875,14206.3251953125,1151.12158203125,324.8259582519531,223.20773315429688,275.5686340332031,1402.71435546875,801.7975463867188,1626.940185546875,1770.8474103382798,2932.273193359375,1451.6802978515625,3609.1572265625,12337.177734375,239.64535522460935
2025-08-25,2301.87060546875,2467.6064453125,1069.1754150390625,895.29638671875,1906.70361328125,355.8309936523437,3200.8885334002744,1275.809326171875,1439.0301513671875,966.0717163085938,2584.782958984375,1421.2183837890625,1477.0367431640625,380.7787170410156,395.9763793945313,3568.247802734375,14308.30078125,1141.3218994140625,325.645263671875,223.65170288085935,276.3466796875,1406.0987548828125,801.9940185546875,1641.7052001953125,1780.5951911354675,3015.421630859375,1472.9971923828125,3639.457763671875,12353.837890625,244.6572265625
2025-08-26,2270.984619140625,2456.22314453125,1049.290771484375,870.8964233398438,1881.0267333984373,348.76123046875,3201.4643260648672,1255.2396240234375,1428.1241455078125,957.5625,2644.697998046875,1404.7572021484375,1474.6265869140625,384.5926818847656,392.4624633789063,3507.04541015625,14567.6962890625,1150.4285888671875,321.16326904296875,221.22398376464844,272.21337890625,1378.5262451171875,793.5462646484375,1585.8157958984375,1771.5886397657546,3031.359619140625,1448.9793701171875,3582.24560546875,12357.7578125,242.9127197265625
2025-08-28,2274.18310546875,2463.74609375,1051.08935546875,871.4927368164062,1857.7200927734373,350.4935302734375,3227.0204616656592,1251.8612060546875,1386.987060546875,942.2162475585938,2607.17724609375,1387.4034423828125,1446.1868896484375,382.2566223144531,388.2696838378906,3525.66357421875,14605.318359375,1150.6265869140625,318.84991455078125,220.46829223632807,266.9130554199219,1379.521728515625,787.750732421875,1571.3477783203125,1772.9684020010634,2970.390625,1442.6131591796875,3625.802490234375,12270.5380859375,241.5826416015625
2025-08-29,2243.69677734375,2493.0458984375,1044.39453125,872.4866333007812,1865.324462890625,350.96173095703125,3228.5348155547335,1252.1591796875,1391.7703857421875,936.1171264648438,2612.4814453125,1386.1143798828125,1416.782958984375,390.695068359375,391.3843078613281,3566.16796875,14643.9306640625,1144.4893798828125,315.71734619140625,220.77056884765625,267.6910705566406,1350.9537353515625,788.291015625,1580.0682373046875,1805.347404848471,2961.74951171875,1428.916259765625,3616.931884765625,12387.158203125,240.38751220703125
2025-09-01,2283.17919921875,2544.122314453125,1060.6820068359375,883.9163818359375,1876.977783203125,353.86456298828125,3210.28858699638,1271.83447265625,1404.7811279296875,935.1333618164062,2602.364501953125,1399.2039794921875,1445.511962890625,386.9764404296875,393.04144287109375,3563.593017578125,14738.9755859375,1162.505126953125,318.7535400390625,225.5031890869141,272.1647644042969,1347.6689453125,791.7781372070312,1549.150634765625,1810.8232646236834,2988.537353515625,1452.1624755859375,3606.76513671875,12569.4375,241.3031311035156
2025-09-02,2273.18359375,2514.228515625,1055.385986328125,884.6617431640625,1863.7442626953125,355.9246520996094,3206.63450144142,1245.799560546875,1402.1981201171875,929.1326904296876,2629.37548828125,1382.54443359375,1444.837158203125,387.8345947265625,387.8304443359375,3540.3203125,14694.4228515625,1188.7366943359375,324.1512451171875,226.2305603027344,278.8266296386719,1360.2109375,789.666259765625,1551.0333251953125,1812.6779695058965,2987.4814453125,1459.203857421875,3608.7587890625,12475.357421875,241.85250854492188
2025-09-03,2287.677001953125,2527.987548828125,1053.88720703125,890.8239135742188,1860.4853515625,365.0076904296875,3203.9278442965065,1254.2459716796875,1402.580810546875,938.9207763671876,2617.294189453125,1385.321044921875,1425.941650390625,392.6020812988281,391.3643493652344,3565.969970703125,14778.578125,1182.698486328125,322.17529296875,225.8338165283203,278.1944580078125,1366.2828369140625,797.7701416015625,1564.4111328125,1779.512796558379,2974.039306640625,1454.766845703125,3678.52978515625,12478.2978515625,240.53207397460935
2025-09-04,2277.78173828125,2542.53857421875,1049.590576171875,929.0390014648438,1857.0289306640625,366.55279541015625,3188.752569575925,1245.10400390625,1380.7685546875,945.610107421875,2619.16064453125,1393.75,1410.420166015625,396.5590515136719,389.2679443359375,3557.849365234375,14516.212890625,1200.318115234375,321.3476867675781,223.8396453857422,274.0611877441406,1353.0440673828125,795.06884765625,1567.9786376953125,1798.6958563963215,2972.310791015625,1447.2431640625,3679.028076171875,12397.9384765625,236.1081085205078
2025-09-05,2280.38037109375,2553.723876953125,1055.0863037109375,931.87158203125,1871.74365234375,367.6764221191406,3178.5444717490996,1260.1087646484375,1357.521484375,947.7251586914062,2586.551025390625,1391.0726318359375,1392.6815185546875,388.40667724609375,388.4294128417969,3519.2265625,14746.896484375,1196.2596435546875,320.0333251953125,222.3297882080078,277.5137023925781,1368.671875,792.318359375,1579.17626953125,1815.5484651430622,2926.80029296875,1425.5404052734375,3653.3125,12348.9384765625,234.85513305664065
2025-09-08,2309.8671875,2505.1220703125,1054.6866455078125,938.5306396484376,1864.238037109375,362.4325866699219,3250.987202225294,1242.7191162109375,1342.214599609375,950.2828369140624,2577.219970703125,1390.973388671875,1381.4019775390625,388.5973815917969,389.3478088378906,3495.458740234375,15106.287109375,1175.6702880859375,318.0860900878906,220.8104248046875,275.0337219238281,1372.15576171875,794.4794311523438,1566.6904296875,1871.5138670717802,2898.66796875,1408.94970703125,3646.036376953125,12410.677734375,233.7467498779297
2025-09-09,2310.56689453125,2511.55615234375,1051.3890380859375,942.6056518554688,1870.1634521484373,363.275390625,3277.603372951281,1283.1627197265625,1365.2703857421875,949.4467163085938,2594.998291015625,1391.9649658203125,1450.2359619140625,390.9811096191406,391.40423583984375,3490.903076171875,15212.22265625,1190.0235595703125,315.5545959472656,219.6708984375,276.0549011230469,1369.8662109375,794.528564453125,1577.2935791015625,1864.2566811465033,2927.8564453125,1445.12109375,3618.2275390625,12320.5185546875,240.13690185546875
2025-09-10,2339.154052734375,2517.4951171875,1069.2752685546875,962.0361938476562,1867.8922119140625,366.97412109375,3265.4502746925973,1295.9813232421875,1400.4761962890625,950.1845092773438,2596.471435546875,1392.163330078125,1477.518798828125,393.8415832519531,393.9798278808594,3515.661376953125,14957.7783203125,1205.1685791015625,317.0637512207031,220.06024169921875,275.1796264648437,1370.66259765625,803.7130126953125,1578.978271484375,1870.6382972540168,2986.041015625,1471.9361572265625,3608.7587890625,12228.3984375,246.49815368652344
2025-09-11,2397.72802734375,2529.96728515625,1086.56201171875,964.3220825195312,1889.2236328125,368.3319091796875,3298.3973587987916,1294.88818359375,1404.1114501953125,952.0535278320312,2575.353759765625,1389.882568359375,1455.4417724609375,395.7485961914063,393.7801513671875,3505.4609375,14944.9072265625,1208.4351806640625,322.32135009765625,221.9784240722656,278.92388916015625,1376.9337158203125,809.0665283203125,1595.130615234375,1877.828394311321,2999.675048828125,1467.30615234375,3572.4775390625,12144.119140625,244.72471618652344
2025-09-12,2390.930908203125,2520.46484375,1104.4482421875,997.1204833984376,1878.952880859375,369.2683410644531,3284.4215794318543,1308.4024658203125,1403.6331787109375,951.5617065429688,2534.59228515625,1405.847900390625,1470.7703857421875,394.5090637207031,393.7801513671875,3545.173095703125,15172.62109375,1205.2674560546875,322.9542236328125,221.4941253662109,279.7505187988281,1388.579833984375,808.96826171875,1601.96826171875,1920.0622475019838,3008.508056640625,1471.453857421875,3560.2177734375,12122.55859375,242.8259735107422
2025-09-15,2382.334716796875,2477.208251953125,1103.5489501953125,1003.6801147460938,1880.829345703125,369.6428527832031,3339.525380154584,1292.602783203125,1402.9635009765625,951.3157348632812,2535.083251953125,1407.5338134765625,1454.1885986328125,393.4601745605469,393.4806823730469,3551.510986328125,15113.216796875,1200.2191162109375,322.3700561523437,220.55401611328125,278.3890075683594,1392.8599853515625,810.1470336914062,1587.500244140625,1918.2572525353646,2987.865234375,1465.9559326171875,3522.54150390625,12186.2587890625,242.1898498535156
2025-09-16,2398.32763671875,2455.72802734375,1120.3359375,997.1204833984376,1915.394287109375,370.6260986328125,3357.9531712804696,1302.142333984375,1418.8443603515625,951.1190185546876,2534.985107421875,1409.71533203125,1456.9844970703125,393.8892822265625,403.6431274414063,3632.32177734375,15418.154296875,1192.0032958984375,326.21588134765625,223.24139404296875,280.43133544921875,1398.8323974609375,816.82666015625,1595.92333984375,1926.421480158856,3020.31787109375,1477.2413330078125,3545.167236328125,12326.3984375,244.8210906982422
2025-09-17,2400.926513671875,2468.29931640625,1125.13232421875,1001.3445434570312,1917.1719970703125,374.3248291015625,3354.2382783992784,1303.135986328125,1417.313720703125,950.7747192382812,2523.984130859375,1407.33544921875,1467.685546875,390.2659912109375,409.353271484375,3649.8505859375,15643.8876953125,1192.102294921875,327.5303039550781,224.9411773681641,279.2642517089844,1407.2933349609375,841.973388671875,1605.53564453125,1943.4581523270367,3046.338134765625,1492.385009765625,3511.477783203125,12466.5380859375,244.95602416992188
2025-09-18,2400.926513671875,2453.550537109375,1132.1268310546875,990.4117431640624,1916.974365234375,368.1446533203125,3376.3985917160403,1314.36474609375,1429.0806884765625,961.0055541992188,2540.780029296875,1409.814453125,1485.2313232421875,392.4113464355469,410.2117919921875,3650.345703125,15659.728515625,1196.8536376953125,328.0657958984375,223.71620178222656,281.1607360839844,1408.4876708984375,839.222900390625,1633.6785888671875,1949.2316261470653,3050.08251953125,1495.7611083984375,3499.816162109375,12373.4384765625,247.6354522705078
2025-09-19,2522.8720703125,2456.52001953125,1135.024658203125,986.386474609375,1938.009765625,369.4087524414063,3304.9438957931166,1313.3709716796875,1403.824462890625,951.168212890625,2514.064208984375,1390.4775390625,1484.845703125,391.55322265625,405.49993896484375,3639.84814453125,15706.26171875,1182.4014892578125,329.7209777832031,224.76075744628903,278.34039306640625,1400.9227294921875,847.081298828125,1641.0115966796875,1937.9455700237288,3042.881103515625,1498.7513427734375,3455.8603515625,12257.798828125,246.6234588623047
2025-09-22,2628.324951171875,2457.510009765625,1143.51806640625,1000.3506469726562,1931.88671875,369.5960693359375,3254.973476241241,1293.198974609375,1377.5159912109375,948.5121459960938,2526.439697265625,1389.783447265625,1445.6083984375,388.0252990722656,403.6431274414063,3609.2470703125,15658.73828125,1176.264404296875,330.2565002441406,225.50143432617188,278.7779846191406,1384.199951171875,840.1069946289062,1629.1202392578125,1943.9041915278844,2951.2841796875,1452.0660400390625,3446.19189453125,12396.9580078125,241.2742156982422
2025-09-23,2675.203857421875,2422.072998046875,1169.8978271484375,1019.2345581054688,1914.604248046875,368.9873962402344,3202.776341664265,1300.1549072265625,1367.8536376953125,941.6260375976562,2477.3291015625,1382.6436767578125,1443.6802978515625,384.4496765136719,408.8341674804688,3622.220458984375,15936.9443359375,1156.56591796875,333.956298828125,224.73228454589844,280.6744689941406,1383.40380859375,855.1851806640625,1616.43603515625,1973.7942722075336,2940.338134765625,1419.7529296875,3427.951904296875,12152.9384765625,240.59954833984372
2025-09-24,2618.629150390625,2432.268798828125,1158.0069580078125,1023.4585571289062,1907.0986328125,367.8637390136719,3210.34755620028,1289.919677734375,1379.8118896484375,935.5761108398438,2504.143798828125,1371.1405029296875,1440.884521484375,382.35198974609375,405.5598449707031,3638.263916015625,16087.43359375,1166.66259765625,338.4349975585937,226.49853515625,285.245361328125,1376.635009765625,850.8631591796875,1612.3731689453125,1946.6534343330302,2914.414306640625,1400.9437255859375,3407.120361328125,11969.6796875,235.7418670654297
2025-09-25,2575.24853515625,2379.6083984375,1165.700927734375,1006.5624389648438,1911.542724609375,367.5359497070313,3289.6124582426232,1267.1640625,1362.1134033203125,934.3955688476562,2493.142822265625,1364.29833984375,1431.4368896484375,381.4938354492188,402.0059814453125,3609.14794921875,16107.234375,1161.6141357421875,331.522216796875,227.590576171875,276.5897827148437,1366.0838623046875,845.902587890625,1612.6705322265625,1950.9855514866276,2839.5234375,1393.1307373046875,3367.450439453125,11898.1396484375,233.2455596923828
2025-09-26,2542.563232421875,2319.029541015625,1153.1107177734375,979.0813598632812,1892.7789306640625,364.3990173339844,3394.216100547801,1245.203369140625,1334.84814453125,929.6737060546876,2467.1142578125,1348.233642578125,1396.8270263671875,386.2613220214844,398.27239990234375,3693.425048828125,16124.0654296875,1150.8245849609375,328.9907531738281,226.0237274169922,274.49884033203125,1371.2598876953125,841.7769165039062,1572.3387451171875,1932.8818044196207,2783.547119140625,1357.827392578125,3316.41796875,11828.5595703125,227.22164916992188
2025-09-29,2508.37841796875,2318.83154296875,1131.327392578125,984.8956298828124,1878.557861328125,363.6030883789063,3425.66478937082,1226.8199462890625,1327.29052734375,934.8382568359376,2453.461669921875,1336.829833984375,1389.982177734375,388.3113098144531,397.6335144042969,3652.722412109375,15825.068359375,1140.826904296875,331.9603576660156,227.88494873046875,272.8941650390625,1366.48193359375,855.3325805664062,1574.915283203125,1965.907558329524,2780.666748046875,1360.720947265625,3390.076171875,11800.1396484375,230.97093200683597
2025-09-30,2504.780029296875,2326.156494140625,1130.7279052734375,992.797119140625,1855.0537109375,365.148193359375,3450.836835658181,1215.988525390625,1325.090087890625,935.5269165039062,2469.66796875,1336.730712890625,1389.982177734375,382.87640380859375,397.8531494140625,3623.60693359375,15869.62109375,1141.2227783203125,331.4735412597656,227.42913818359372,272.5537414550781,1357.722412109375,857.0025024414062,1579.8701171875,1925.5752858016454,2773.273193359375,1350.6895751953125,3355.988037109375,11977.51953125,230.7107086181641
2025-10-01,2591.541259765625,2312.1005859375,1158.6064453125,981.66552734375,1844.387939453125,363.7903747558594,3367.0487114334537,1236.856201171875,1329.2996826171875,949.5450439453124,2491.080322265625,1360.530029296875,1393.8385009765625,386.7380676269531,411.9487915039063,3634.797607421875,15806.2568359375,1154.586181640625,331.27880859375,230.7906951904297,272.9427795410156,1362.4007568359375,848.80029296875,1621.3907470703125,1911.4440487592617,2798.04541015625,1365.8333740234375,3397.153076171875,11853.0595703125,232.3491973876953
2025-10-03,2588.742431640625,2333.877197265625,1180.08984375,983.7029418945312,1873.126220703125,358.9679260253906,3343.0916219533547,1240.23486328125,1333.1263427734375,949.4467163085938,2499.625244140625,1353.786865234375,1394.609619140625,385.4985046386719,419.3759765625,3696.990234375,15648.837890625,1158.05078125,332.9826354980469,231.37945556640625,281.7442626953125,1357.125244140625,851.9436645507812,1616.43603515625,1922.1932019676992,2786.2353515625,1350.9788818359375,3442.005859375,11778.580078125,232.262451171875
2025-10-06,2572.349853515625,2330.90771484375,1211.865478515625,1002.7360229492188,1879.4466552734373,357.61016845703125,3308.048757456108,1240.731689453125,1356.27783203125,957.6116333007812,2496.58056640625,1352.001953125,1422.9530029296875,382.1135864257813,428.4602966308594,3700.8525390625,15838.9287109375,1169.7310791015625,330.1590881347656,233.46859741210935,279.0211181640625,1368.671875,858.5741577148438,1639.7232666015625,1965.0999501558097,2869.287353515625,1388.307861328125,3414.197021484375,11813.8603515625,233.3708648681641
2025-10-07,2541.063720703125,2328.927978515625,1185.885498046875,1010.3392333984376,1905.0247802734373,360.23211669921875,3280.954991873826,1240.63232421875,1371.2974853515625,966.514404296875,2472.418212890625,1364.3974609375,1406.0819091796875,381.2077941894531,424.6468811035156,3693.623046875,15947.8349609375,1164.880859375,329.0881042480469,232.95579528808597,281.0634460449219,1378.4267578125,849.3897094726562,1638.1378173828125,1964.0566525468864,2855.173583984375,1387.9219970703125,3407.0205078125,11940.279296875,234.72021484375
2025-10-08,2522.971923828125,2304.87451171875,1179.690185546875,1016.89892578125,1919.3446044921875,357.7974548339844,3274.563050579471,1226.7205810546875,1390.2396240234375,962.7762451171876,2455.62255859375,1358.8443603515625,1441.2701416015625,381.16009521484375,422.83001708984375,3693.72216796875,15852.7900390625,1168.5433349609375,324.9988708496094,229.62271118164065,277.4650573730469,1361.1068115234375,843.0538940429688,1616.83251953125,1949.743589826145,2906.541015625,1406.5382080078125,3553.9384765625,11751.140625,235.43344116210935
2025-10-09,2541.263671875,2312.6943359375,1166.5003662109375,1017.8430786132812,1917.86328125,358.9679260253906,3254.4459262169685,1238.2474365234375,1422.0970458984375,961.2022094726562,2472.811279296875,1364.69482421875,1455.0562744140625,381.3031311035156,428.1807861328125,3732.740966796875,15826.05859375,1175.7694091796875,326.9947814941406,231.12307739257807,278.2917175292969,1371.458984375,846.835693359375,1643.489013671875,2002.0034751773967,2939.666259765625,1414.640625,3538.987548828125,11948.119140625,237.4863739013672
2025-10-10,2549.759765625,2316.455810546875,1179.4903564453125,1017.5946044921876,1915.789306640625,360.0447998046875,3167.5920086695005,1256.43212890625,1430.70703125,964.9404296875,2483.909912109375,1368.7607421875,1460.4549560546875,384.0682373046875,429.2788696289063,3747.397705078125,16103.2744140625,1187.350830078125,330.7432861328125,233.9243927001953,281.2093505859375,1375.3409423828125,865.0573120117188,1655.7767333984375,1962.9746260037618,2907.597412109375,1405.5736083984375,3520.3486328125,12035.3388671875,239.70318603515625
2025-10-13,2526.270263671875,2318.732666015625,1188.6832275390625,1030.415771484375,1930.6029052734373,357.28240966796875,3201.8120050580083,1254.4447021484375,1429.9417724609375,961.1038818359376,2448.452392578125,1367.8681640625,1439.5347900390625,380.683349609375,429.6781921386719,3733.0380859375,16160.697265625,1176.0662841796875,332.6905822753906,231.7877960205078,278.2917175292969,1368.671875,867.3165893554688,1653.2994384765625,1904.7838956481123,2887.33837890625,1399.496826171875,3522.043212890625,11928.51953125,236.2623291015625
2025-10-14,2515.875,2294.580322265625,1175.8931884765625,1012.92333984375,1922.406005859375,356.7205810546875,3155.7627911782943,1229.5029296875,1430.6114501953125,961.25146484375,2457.783447265625,1372.52880859375,1436.353515625,378.3472900390625,429.6182861328125,3708.081787109375,16099.3134765625,1163.5938720703125,327.7737121582031,232.3575592041016,279.60467529296875,1369.5677490234375,861.4227905273438,1639.426025390625,1917.1634950498574,2842.307861328125,1415.9910888671875,3525.83056640625,11828.5595703125,239.4333038330078
2025-10-15,2531.668212890625,2351.001953125,1168.6986083984375,1053.4244384765625,1944.0338134765625,359.8106994628906,3167.4474653335847,1224.6337890625,1430.8984375,962.3335571289062,2474.186279296875,1386.7093505859375,1421.4105224609375,381.3031311035156,429.1790466308594,3791.665283203125,16050.80078125,1209.029052734375,330.3051452636719,235.2348480224609,282.9599304199219,1367.97509765625,870.4107666015625,1640.11962890625,1904.5944305127375,2862.06396484375,1407.309814453125,3537.392822265625,12064.7392578125,241.1585693359375
2025-10-16,2556.45703125,2385.250732421875,1195.378173828125,1059.2386474609375,1942.947509765625,362.9476623535156,3261.0534594928836,1232.384521484375,1449.3623046875,978.1715698242188,2515.93017578125,1405.451416015625,1418.61474609375,386.3089599609375,440.3197937011719,3824.4453125,16135.9462890625,1263.6700439453125,332.4958190917969,235.8330993652344,283.8352355957031,1391.8646240234375,871.2457275390625,1643.9844970703125,1878.5426512864215,2862.931396484375,1411.9398193359375,3628.394287109375,12110.798828125,244.6283264160156
2025-10-17,2548.260498046875,2482.35546875,1199.2750244140625,1063.56201171875,1986.9931640625,364.0712890625,3220.990677941572,1247.9857177734375,1433.1617431640625,986.2381591796876,2557.37939453125,1424.5899658203125,1389.3072509765625,392.98345947265625,440.3996887207031,3802.261962890625,16237.921875,1276.4393310546875,332.0090026855469,235.20635986328125,281.7928771972656,1410.279541015625,873.4067993164062,1663.9024658203125,1897.7962547551338,2854.739501953125,1396.3138427734375,3662.78125,12122.55859375,232.1853485107422
2025-10-20,2546.96142578125,2490.471923828125,1225.05517578125,1074.3955078125,2026.0023193359373,365.7568359375,3111.1817749394227,1273.9212646484375,1442.0335693359375,986.6316528320312,2548.244873046875,1378.6771240234375,1408.395751953125,393.8415832519531,441.9969177246094,3835.23974609375,16260.693359375,1272.380859375,332.9339904785156,236.20343017578125,280.2854309082031,1460.04931640625,891.431884765625,1673.3165283203125,1904.9433414654668,2905.81689453125,1407.81494140625,3724.977294921875,12099.0390625,232.5130615234375
2025-10-21,2548.76025390625,2479.187744140625,1236.3465576171875,1079.86181640625,2018.1016845703125,366.22503662109375,3100.0528469050937,1280.5789794921875,1432.9688720703125,991.3043823242188,2545.5927734375,1370.4464111328125,1419.482421875,393.6509094238281,438.6427001953125,3850.58984375,16232.9716796875,1274.2615966796875,332.9826354980469,235.6146697998047,280.6744689941406,1458.4566650390625,891.775634765625,1675.1993408203125,1890.8283809230018,2897.62548828125,1412.0059814453125,3716.803955078125,12095.119140625,232.6287078857422
2025-10-23,2544.662353515625,2477.010009765625,1257.8299560546875,1087.465087890625,1982.9442138671875,367.6764221191406,3148.9125903732424,1271.337646484375,1469.5164794921875,992.386474609375,2555.31689453125,1352.2994384765625,1473.566162109375,396.6067504882813,444.3528442382813,3880.794921875,16230.0009765625,1259.9085693359375,333.6155090332031,239.593505859375,281.69561767578125,1441.7340087890625,895.41015625,1674.604736328125,1858.2809452678314,2961.712890625,1426.3336181640625,3759.96240234375,11902.0595703125,235.4623565673828
2025-10-24,2503.080810546875,2476.21826171875,1240.9429931640625,1083.092041015625,2004.0782470703125,368.9873962402344,3236.7750760703007,1275.5111083984375,1469.419921875,978.5650634765624,2471.632568359375,1366.182373046875,1470.57763671875,397.4172058105469,436.6461486816406,3867.128173828125,16112.1845703125,1269.0152587890625,330.6459350585937,242.1099395751953,280.5771789550781,1444.9193115234375,888.4849853515625,1683.622314453125,1881.6012032070553,2952.07568359375,1416.8792724609375,3702.75,11679.6005859375,234.1901092529297
2025-10-27,2491.68603515625,2493.243896484375,1253.133544921875,1077.774658203125,2054.246826171875,371.4688720703125,3183.297757976438,1276.206787109375,1478.7738037109375,986.6316528320312,2467.1142578125,1366.083251953125,1472.633056640625,401.0881652832031,428.9794006347656,3885.845703125,16225.05078125,1270.005126953125,332.7392578125,240.50511169433597,283.0571594238281,1477.2696533203125,906.411865234375,1678.271240234375,1899.3547405396453,2972.98828125,1425.7489013671875,3727.56884765625,11774.66015625,235.0864715576172
2025-10-28,2493.28515625,2483.840087890625,1245.339599609375,1066.1959228515625,2064.22119140625,366.50592041015625,3206.5046609280153,1281.274658203125,1467.7806396484375,987.2218627929688,2452.676025390625,1351.7044677734375,1468.4241943359375,398.466064453125,431.4151916503906,3934.37158203125,16148.81640625,1258.126708984375,330.2077941894531,237.91270446777344,280.3340759277344,1480.056884765625,913.779052734375,1671.73095703125,1897.4671705209234,2946.968017578125,1410.7388916015625,3704.84326171875,11692.3408203125,233.61181640625
2025-10-29,2536.265869140625,2512.94189453125,1247.837646484375,1056.4556884765625,2074.4921875,357.70379638671875,3187.1051080266793,1243.0172119140625,1501.7244873046875,991.451904296875,2443.836181640625,1358.9434814453125,1478.408203125,401.9940185546875,429.3587341308594,3919.81396484375,15977.537109375,1260.1064453125,338.3376159667969,242.7556610107422,287.23907470703125,1497.277099609375,923.11083984375,1700.369384765625,1947.39400415785,2946.678955078125,1415.417236328125,3736.041015625,11758.98046875,233.5154266357422
2025-10-30,2525.7705078125,2497.896240234375,1237.6455078125,1045.870849609375,2040.618408203125,363.0412902832031,3183.6389539279794,1194.6240234375,1494.4920654296875,981.9097900390624,2425.665283203125,1351.0103759765625,1462.1597900390625,399.2765197753906,426.7033081054688,3948.929443359375,16044.8603515625,1266.9365234375,336.0495910644531,241.7016143798828,283.49481201171875,1481.6494140625,917.8064575195312,1687.9825439453125,1919.4568367360152,2925.187744140625,1397.4833984375,3738.43310546875,11811.900390625,233.1684417724609
2025-10-31,2479.89111328125,2485.324951171875,1231.8499755859375,1036.428955078125,2028.9649658203125,363.9308166503906,3303.7301564109134,1190.0531005859375,1486.48828125,971.2362670898438,2421.63818359375,1334.0533447265625,1450.9034423828125,400.8021240234375,419.7153930664063,3991.909423828125,16025.0595703125,1258.7205810546875,328.0657958984375,242.4992828369141,280.23681640625,1479.5592041015625,920.4095458984376,1675.3974609375,1880.016616900145,2947.064208984375,1388.321533203125,3734.446044921875,11708.0205078125,231.96368408203125
2025-11-03,2465.8974609375,2486.710693359375,1232.749267578125,1036.72705078125,2048.22265625,363.8371887207031,3236.858071742615,1188.463134765625,1488.4169921875,976.499267578125,2416.23583984375,1335.14404296875,1454.0355224609375,394.6997680664063,421.9714965820313,3941.9970703125,15495.37890625,1253.8701171875,326.3619384765625,244.5693817138672,280.0909423828125,1477.866943359375,932.8847045898438,1690.9554443359375,1862.7834167825952,2907.35888671875,1383.8380126953125,3712.31884765625,11710.9599609375,231.79981994628903
2025-11-04,2418.718505859375,2461.46923828125,1225.6546630859375,1050.5421142578125,2087.0341796875,363.1158752441406,3249.495612911463,1192.43798828125,1474.53076171875,969.2196655273438,2402.1904296875,1325.7235107421875,1436.808349609375,389.8845825195313,418.5973205566406,3886.439697265625,15221.1337890625,1252.1875,321.8832397460937,239.6314849853516,271.38671875,1466.3203125,940.644775390625,1674.703857421875,1862.314791843113,2881.72412109375,1373.5064697265625,3801.027587890625,11582.5810546875,229.3131561279297
2025-11-06,2313.265869140625,2576.490478515625,1227.55322265625,1035.534423828125,2068.86279296875,358.88409423828125,3271.869601544352,1197.6051025390625,1471.92724609375,968.6294555664062,2392.662841796875,1309.3614501953125,1435.6336669921875,388.5497131347656,415.92193603515625,3844.053955078125,15298.357421875,1253.2762451171875,318.037353515625,238.82432556152344,262.7797546386719,1489.2144775390625,943.739013671875,1670.6409912109375,1869.3163059373187,2901.673095703125,1377.7950439453125,3762.055419921875,11671.7607421875,231.36610412597656
2025-11-07,2368.341064453125,2587.27978515625,1221.857666015625,1060.0833740234375,1976.327392578125,361.6251525878906,3322.7385517693497,1197.803955078125,1458.4268798828125,966.317626953125,2389.693115234375,1331.7724609375,1445.5198974609375,385.2601318359375,416.940185546875,3844.945068359375,15325.08984375,1249.91064453125,320.1975402832031,239.48904418945312,264.53033447265625,1471.19775390625,938.92578125,1676.0911865234375,1863.7856097722604,2883.26611328125,1351.5762939453125,3756.972412109375,11611.98046875,227.9348907470703
2025-11-10,2297.3310546875,2623.508544921875,1216.0621337890625,1078.3709716796875,1994.6962890625,366.7706298828125,3328.5187509754046,1191.1461181640625,1485.5240478515625,968.4818725585938,2384.54541015625,1336.730712890625,1481.4425048828125,386.69036865234375,417.8186645507813,3880.596923828125,15428.0556640625,1250.1087646484375,319.559326171875,238.7293701171875,265.2225646972656,1482.44580078125,934.3090209960938,1682.433349609375,1873.6134290560217,2915.4541015625,1362.395263671875,3790.56201171875,11493.4013671875,231.1636962890625
2025-11-11,2293.5517578125,2630.239501953125,1221.557861328125,999.05859375,2016.9166259765625,368.1651611328125,3344.030190454268,1203.865478515625,1513.97119140625,975.564697265625,2403.05712890625,1346.944580078125,1497.88671875,387.929931640625,416.6606750488281,3916.74365234375,15489.4384765625,1255.256103515625,320.7375793457031,236.8776397705078,264.6786499023437,1486.5269775390625,936.4209594726562,1700.567626953125,1842.0965162443713,2936.46337890625,1372.3369140625,3799.93115234375,11588.4609375,232.94677734375
2025-11-12,2407.609130859375,2741.697265625,1220.6585693359375,1007.0097045898438,2048.025146484375,371.72369384765625,3327.1934579001204,1221.8514404296875,1537.1146240234375,973.4005126953124,2400.08740234375,1347.53955078125,1518.8333740234375,388.0729370117188,416.1814880371094,3916.34765625,15539.931640625,1265.253662109375,321.2285461425781,241.05589294433597,264.134765625,1504.5435791015625,940.2028198242188,1716.4228515625,1880.0402560416735,3018.18701171875,1419.218505859375,3838.5048828125,11682.5400390625,236.3490753173828
2025-11-13,2411.194580078125,2850.184814453125,1224.2557373046875,999.2573852539062,2065.801513671875,368.5498962402344,3340.896054347101,1227.1180419921875,1541.4541015625,970.596923828125,2383.357666015625,1374.3138427734375,1509.14306640625,386.8334045410156,414.32470703125,3963.7841796875,15592.404296875,1262.2840576171875,321.0321960449219,238.20709228515625,266.854248046875,1503.9464111328125,937.1085815429688,1721.6749267578125,1878.6150687522124,2993.033935546875,1414.6375732421875,3826.6435546875,11695.2802734375,236.45509338378903
2025-11-14,2438.909423828125,2876.9111328125,1240.6431884765625,1012.27734375,2074.5908203125,372.1565551757813,3326.3081044279484,1238.1480712890625,1537.693359375,973.4988403320312,2403.255126953125,1361.521728515625,1470.9691162109375,389.1694641113281,415.22314453125,3965.665771484375,15528.05078125,1258.7205810546875,322.5050354003906,240.8824920654297,268.2881164550781,1511.9095458984375,950.7133178710938,1741.196533203125,1908.6558737765642,2993.322998046875,1402.74658203125,3816.67626953125,11636.48046875,235.52981567382807
2025-11-17,2460.899658203125,2858.5986328125,1248.636962890625,1020.5266723632812,2085.94775390625,373.0221252441406,3356.360985504507,1236.5582275390625,1549.0721435546875,980.3357543945312,2400.582275390625,1367.4715576171875,1475.66748046875,388.1683044433594,419.8551330566406,3988.740478515625,15720.1220703125,1257.433837890625,324.2233581542969,241.32028198242188,270.5131530761719,1511.3123779296875,956.1159057617188,1747.93505859375,1918.4722168474411,2989.660888671875,1416.002197265625,3855.947509765625,11542.4013671875,235.22140502929688
2025-11-18,2435.7109375,2881.00439453125,1264.4249267578125,1007.4072265625,2122.488037109375,369.2712097167969,3340.482267335125,1235.9620361328125,1538.2718505859375,976.302490234375,2379.793701171875,1361.9183349609375,1454.91650390625,386.9764404296875,417.8985290527344,3960.912353515625,15771.60546875,1252.286376953125,322.5050354003906,240.25010681152344,271.15594482421875,1512.4072265625,955.2318725585938,1742.8812255859375,1931.3887664283322,2975.10888671875,1385.9822998046875,3866.5126953125,11472.8212890625,232.1853485107422
2025-11-19,2432.0126953125,2868.81005859375,1269.4210205078125,999.4561157226562,2132.956298828125,364.5585021972656,3359.2625373051224,1242.321533203125,1603.2666015625,978.41748046875,2417.015380859375,1371.5372314453125,1508.4578857421875,384.7833862304688,420.4541015625,3980.718994140625,15611.2158203125,1266.045654296875,320.6885070800781,242.2445068359375,272.09539794921875,1511.9095458984375,965.3494873046876,1767.9521484375,1947.4400267063616,3033.51025390625,1397.580810546875,3920.236572265625,11432.6416015625,237.16831970214844
2025-11-20,2445.0068359375,2835.201904296875,1284.2095947265625,1022.3156127929688,2131.474853515625,365.1355895996094,3359.1772609948684,1240.731689453125,1586.6805419921875,992.4356689453124,2403.947998046875,1371.4381103515625,1503.955322265625,386.5950317382813,419.0165710449219,3998.3466796875,15643.8876953125,1266.2435302734375,320.6885070800781,241.32028198242188,274.1226501464844,1541.9705810546875,964.1707153320312,1761.3128662109375,1960.3058744005457,3030.7158203125,1419.12109375,3889.636962890625,11517.9013671875,237.35145568847656
2025-11-21,2421.217529296875,2851.857421875,1274.81689453125,997.9652709960938,2135.820068359375,363.7410583496094,3413.307728644901,1236.061279296875,1550.6151123046875,981.8114013671876,2409.19482421875,1358.0509033203125,1512.2752685546875,388.8834228515625,416.84033203125,3985.967529296875,15818.1376953125,1267.7283935546875,320.7375793457031,240.25010681152344,274.5181884765625,1539.4820556640625,955.3792114257812,1763.5919189453125,1978.5969420014267,3036.304931640625,1424.4818115234375,3891.430908203125,11494.380859375,235.6454925537109
2025-11-24,2398.127685546875,2854.434814453125,1268.0220947265625,987.927001953125,2125.35205078125,358.3070068359375,3412.174386937061,1218.4727783203125,1552.9295654296875,982.8934936523438,2399.790283203125,1356.960205078125,1515.2117919921875,384.7833862304688,416.7405090332031,3974.47998046875,15799.326171875,1256.3448486328125,317.59552001953125,239.08267211914065,272.7381591796875,1528.831298828125,953.4146118164062,1764.68212890625,2016.1473941983195,3027.24609375,1456.8408203125,3861.62890625,11352.28125,238.32492065429688
2025-11-25,2331.857177734375,2851.064208984375,1265.32421875,980.1746826171876,2134.73388671875,355.902587890625,3330.618347133169,1228.3104248046875,1543.9613037109375,973.6956176757812,2389.792236328125,1346.4488525390625,1498.1802978515625,382.1612854003906,413.26654052734375,3958.040283203125,15731.0126953125,1250.4056396484375,317.84100341796875,238.6935272216797,270.4142761230469,1532.61376953125,966.1844482421876,1760.71826171875,2022.4146036218724,3006.044189453125,1456.8408203125,3842.49169921875,11348.361328125,236.7538909912109
2025-11-26,2313.96533203125,2849.27978515625,1289.2056884765625,1004.5249633789062,2100.366455078125,362.9235229492188,3390.667224676093,1240.135498046875,1560.161865234375,987.5662231445312,2400.7802734375,1363.5050048828125,1524.902099609375,383.5915222167969,420.0348510742188,4022.708740234375,15995.357421875,1263.8680419921875,320.1975402832031,240.97976684570312,271.9964904785156,1562.6748046875,966.4791870117188,1788.56396484375,2043.1611117496257,3048.15869140625,1481.889892578125,3884.9521484375,11523.78125,241.1392974853516
2025-11-27,2253.9921875,2854.3359375,1286.3079833984375,1027.48388671875,2089.3056640625,363.59674072265625,3349.6458115841256,1241.4273681640625,1570.8656005859375,993.0750732421876,2427.013427734375,1380.5611572265625,1533.2220458984375,385.4985046386719,421.3126220703125,4041.822021484375,15744.873046875,1253.5732421875,321.4249267578125,237.3801422119141,270.6614990234375,1556.2047119140625,955.624755859375,1793.9150390625,2041.3976830485074,3022.81298828125,1471.5584716796875,3890.533935546875,11384.62109375,240.53207397460935
2025-11-28,2279.180908203125,2849.676025390625,1278.7137451171875,1031.1612548828125,2075.479736328125,361.7693786621094,3320.6960722579274,1250.867431640625,1566.2369384765625,991.2059936523438,2441.763671875,1377.189697265625,1527.055419921875,385.4508361816406,424.1477355957031,4030.2353515625,15741.9033203125,1248.326904296875,320.5412292480469,236.6505126953125,266.953125,1560.285888671875,961.6658935546876,1815.022216796875,2083.341342272215,3023.68017578125,1478.868408203125,3894.919677734375,11367.9619140625,240.50315856933597
2025-12-01,2260.989013671875,2842.934814453125,1274.7169189453125,1014.8613891601562,2063.7275390625,365.1355895996094,3294.6485162326467,1252.1591796875,1584.2696533203125,985.7954711914062,2439.6845703125,1378.478759765625,1530.872802734375,385.4508361816406,428.77972412109375,4033.80029296875,15936.9443359375,1247.8319091796875,321.1794738769531,238.1876373291016,266.65643310546875,1558.892333984375,955.870361328125,1791.041259765625,2064.6882817976552,3019.728759765625,1490.7593994140625,3882.161376953125,11428.7216796875,241.2260284423828
2025-12-02,2238.59912109375,2928.988037109375,1257.030517578125,1019.2345581054688,2077.849853515625,364.46240234375,3359.283041462349,1267.1640625,1577.1336669921875,973.6956176757812,2452.850830078125,1361.521728515625,1527.9364013671875,382.3043212890625,427.7415466308594,3991.513427734375,16077.5322265625,1246.1492919921875,322.6523132324219,236.93263244628903,264.4808959960937,1539.1834716796875,950.1730346679688,1783.2127685546875,2117.6735605328527,3021.945556640625,1497.7769775390625,3873.09130859375,11432.6416015625,241.1199951171875
2025-12-03,2188.8212890625,2928.095947265625,1269.720703125,1015.1596069335938,2060.073486328125,360.90380859375,3262.553160307013,1272.62939453125,1581.955322265625,984.2214965820312,2423.350830078125,1379.8670654296875,1545.261474609375,381.8752136230469,428.4802551269531,3949.424560546875,15922.09375,1229.3214111328125,317.1045837402344,233.50814819335935,265.46978759765625,1531.718017578125,934.2107543945312,1790.3475341796875,2117.3000821176574,3064.638427734375,1502.650390625,3805.313720703125,11359.1416015625,245.4764862060547
2025-12-04,2216.90869140625,2931.763916015625,1279.0135498046875,1022.8125,2077.65234375,364.5585021972656,3408.8511653067712,1269.5489501953125,1595.552001953125,980.9752197265624,2437.40771484375,1375.1070556640625,1563.7611083984375,384.3066101074219,426.3439331054688,3945.067138671875,15834.96875,1229.81640625,317.1045837402344,235.65817260742188,266.1125793457031,1528.53271484375,931.31298828125,1801.8427734375,2076.5195740082518,3112.053466796875,1522.7286376953125,3787.970458984375,11375.8017578125,247.6354522705078
2025-12-05,2264.387451171875,2942.966796875,1281.51171875,1041.5970458984375,2082.590087890625,365.4241638183594,3460.4237867411957,1267.1640625,1622.9384765625,986.9759521484376,2315.052490234375,1380.858642578125,1581.9671630859375,386.1182861328125,430.23724365234375,3999.138916015625,16120.10546875,1234.270751953125,317.4482116699219,234.685302734375,266.8047790527344,1533.5096435546875,954.2987060546876,1788.9603271484375,2081.0003789922407,3120.72705078125,1531.0133056640625,3800.828369140625,11365.021484375,250.50767517089844
2025-12-08,2215.20947265625,2903.112548828125,1272.8184814453125,1020.1290893554688,2060.27099609375,362.9235229492188,3472.4660631334195,1258.5189208984375,1628.3387451171875,986.7791748046876,2290.699951171875,1377.98291015625,1576.681640625,383.5915222167969,425.5852661132813,3958.040283203125,16026.0498046875,1202.4959716796875,313.7170104980469,232.048828125,262.255859375,1535.898681640625,939.466064453125,1779.942626953125,2062.2351100041765,3119.0888671875,1551.4814453125,3754.6796875,11309.162109375,251.9244842529297
2025-12-09,2244.196533203125,2771.95068359375,1274.916748046875,1010.4883422851562,2063.7275390625,364.8470764160156,3471.144691903616,1238.3468017578125,1598.4449462890625,980.8768310546876,2283.275634765625,1363.7032470703125,1565.1314697265625,382.3996276855469,424.8066101074219,3958.832763671875,15860.7099609375,1203.48583984375,314.0606994628906,233.33302307128903,261.6130676269531,1522.3612060546875,942.3638305664062,1759.9254150390625,2087.194422747444,3091.911865234375,1522.0462646484375,3836.41162109375,11185.681640625,248.09811401367188
2025-12-10,2210.61181640625,2780.37744140625,1277.6146240234375,1004.1273803710938,2041.3095703125,367.53997802734375,3486.2337130513256,1242.9178466796875,1606.545166015625,973.6956176757812,2278.52392578125,1352.2001953125,1551.2322998046875,384.4019775390625,425.16595458984375,3952.692626953125,15859.7197265625,1197.0516357421875,315.77899169921875,232.7979278564453,262.5525207519531,1529.8267822265625,942.7567749023438,1769.3394775390625,2069.1883382070714,3073.5048828125,1511.5198974609375,3833.122314453125,11090.6220703125,248.64749145507807
2025-12-11,2276.68212890625,2755.4931640625,1271.7191162109375,1000.2512817382812,2027.68115234375,369.3193054199219,3512.8378845581688,1265.4747314453125,1612.7169189453125,984.0247802734376,2282.384765625,1348.63037109375,1564.1527099609375,384.1636352539063,435.28851318359375,3965.170654296875,16086.443359375,1202.69384765625,316.76092529296875,231.9418182373047,261.8602905273437,1537.889404296875,946.1947631835938,1790.843017578125,2057.214865149838,3076.106689453125,1528.4791259765625,3832.225341796875,11242.521484375,249.8715362548828
2025-12-12,2281.3798828125,2741.01904296875,1285.10888671875,1011.0846557617188,2057.505615234375,368.6941223144531,3545.737689142333,1271.23828125,1613.48828125,985.2052612304688,2237.837890625,1354.5802001953125,1564.348388671875,381.4938354492188,434.5697326660156,4034.69189453125,16357.71875,1225.7579345703125,319.1665344238281,231.56239318847656,260.6736145019531,1549.3365478515625,946.0965576171876,1777.26708984375,2004.8046937797403,3103.669189453125,1538.4207763671875,3867.509521484375,11488.5009765625,251.1726837158203
2025-12-15,2277.88134765625,2756.286376953125,1283.8099365234375,1006.5127563476562,2043.97607421875,369.7521057128906,3574.503709708179,1272.530029296875,1623.90283203125,979.89306640625,2270.406494140625,1353.786865234375,1572.766357421875,383.5915222167969,435.5081176757813,4052.7158203125,16251.7822265625,1230.9052734375,318.08648681640625,228.9648284912109,259.2891845703125,1549.037841796875,950.1239624023438,1780.83447265625,1993.0346536727636,3113.017333984375,1535.496826171875,3853.55517578125,11493.4013671875,252.27145385742188
2025-12-16,2246.895263671875,2766.894287109375,1218.66015625,992.3001708984376,2075.87451171875,367.0110473632813,3580.304935608587,1268.8533935546875,1592.7554931640625,978.1223754882812,2258.13134765625,1354.5802001953125,1559.1607666015625,383.0194091796875,435.7277526855469,4024.491455078125,16191.388671875,1228.0345458984375,315.1898803710937,225.91001892089844,257.459716796875,1535.201904296875,944.1319580078124,1765.1776123046875,1927.9297860813956,3088.828125,1538.225830078125,3916.648193359375,11297.4013671875,249.84262084960935
2025-12-17,2231.502197265625,2761.739013671875,1223.756103515625,993.4927368164062,2081.800048828125,370.0406188964844,3571.884328382756,1263.9842529296875,1595.937744140625,967.989990234375,2252.686767578125,1341.0938720703125,1568.0679931640625,381.2077941894531,433.8909301757813,4023.104736328125,16234.951171875,1222.0953369140625,315.4353332519531,226.59103393554688,258.2013854980469,1537.292236328125,958.5716552734376,1776.672607421875,1886.7883659654465,3101.0673828125,1539.3955078125,3895.118896484375,11309.162109375,251.6931915283203
2025-12-18,2228.3037109375,2735.962646484375,1228.852294921875,994.1884765625,2065.9990234375,370.5695495605469,3565.759189922236,1271.933837890625,1602.109375,963.7599487304688,2242.6884765625,1345.4571533203125,1592.3427734375,381.7798767089844,432.17388916015625,3992.107666015625,16166.6376953125,1221.006591796875,312.735107421875,225.70571899414065,255.0863494873047,1537.292236328125,960.2415771484376,1730.097900390625,1907.5021698286266,3161.781982421875,1564.931884765625,3906.481689453125,11231.7421875,254.3051300048828
2025-12-19,2237.999267578125,2775.81689453125,1229.651611328125,1002.1396484375,2071.6279296875,370.8581237792969,3557.492602454227,1270.1451416015625,1583.7874755859375,969.465576171875,2257.04248046875,1342.7796630859375,1603.9906005859375,382.3996276855469,431.1556396484375,4034.097412109375,16250.79296875,1231.796142578125,314.1097717285156,226.5715789794922,260.5252990722656,1557.8968505859375,962.94287109375,1729.10693359375,1929.1219418827066,3162.938232421875,1571.6571044921875,3917.246337890625,11266.0419921875,254.8834381103516
2025-12-22,2262.488525390625,2783.450927734375,1232.2496337890625,1001.6427001953124,2120.907958984375,371.4832458496094,3615.2055233145725,1275.3123779296875,1610.69189453125,971.6298217773438,2266.44677734375,1357.059326171875,1653.8125,383.9729309082031,429.1990051269531,4033.008056640625,16483.455078125,1244.4664306640625,314.8952941894531,227.8265686035156,262.0580749511719,1568.1495361328125,957.0491333007812,1753.7816162109375,1941.2680495020822,3204.281982421875,1604.9908447265625,3920.934326171875,11301.3212890625,262.8060607910156
2025-12-23,2247.794921875,2783.649169921875,1224.0560302734375,1005.220703125,2096.5146484375,385.09228515625,3646.452541751251,1275.4117431640625,1619.9490966796875,980.3849487304688,2279.414794921875,1351.605224609375,1632.9637451171875,388.40667724609375,431.7945251464844,4019.539794921875,16420.091796875,1243.7735595703125,317.3991394042969,229.10104370117188,264.0358581542969,1563.4710693359375,954.691650390625,1740.0074462890625,1916.1549010449542,3189.92236328125,1591.6378173828125,3912.96044921875,11444.4013671875,261.5820007324219
2025-12-24,2221.70654296875,2761.540771484375,1225.35498046875,1005.5188598632812,2097.304931640625,386.9677734375,3502.1777566582737,1257.8233642578125,1614.934814453125,980.9752197265624,2259.22021484375,1348.43212890625,1628.16748046875,387.6915588378906,431.9941711425781,4014.39013671875,16536.91796875,1246.9410400390625,316.7117919921875,227.42770385742188,265.0741882324219,1551.0286865234375,951.7938842773438,1721.278564453125,1915.6164250701472,3198.595947265625,1590.1759033203125,3896.514404296875,11528.6806640625,258.3628234863281
2025-12-26,2228.9033203125,2722.87646484375,1227.25341796875,993.8903198242188,2079.232177734375,386.7753601074219,3535.501231077646,1261.30126953125,1601.6273193359375,975.9581909179688,2262.387939453125,1339.110595703125,1621.0220947265625,385.35546875,432.0940246582031,4008.15087890625,16430.982421875,1259.71044921875,318.2337341308594,228.1670837402344,262.5030822753906,1552.0240478515625,949.1907348632812,1703.936767578125,1916.2491278200569,3161.010986328125,1571.462158203125,3978.94384765625,11558.0810546875,256.6664733886719
2025-12-29,2202.21533203125,2751.527587890625,1231.050537109375,991.902587890625,2055.728271484375,385.3327331542969,3546.403633404613,1260.6055908203125,1572.6014404296875,975.564697265625,2270.20849609375,1332.070068359375,1609.863525390625,383.8775634765625,430.9759521484375,3999.634033203125,16377.51953125,1267.0355224609375,319.6084289550781,228.44921875,257.7069396972656,1538.4866943359375,947.962890625,1701.65771484375,1886.4493834716895,3133.54443359375,1571.5596923828125,3970.6708984375,11562.98046875,254.68101501464844
2025-12-30,2213.710205078125,2734.574951171875,1245.039794921875,983.2556762695312,2073.701904296875,382.7840576171875,3546.8323476536657,1257.8233642578125,1557.55810546875,974.7777709960938,2267.1396484375,1331.276611328125,1587.2528076171875,381.9705810546875,429.7979736328125,4012.805419921875,16481.4765625,1261.1953125,319.0192565917969,228.31298828125,257.459716796875,1532.71337890625,956.2141723632812,1704.6304931640625,1926.8985278009743,3129.01513671875,1563.9571533203125,3961.1025390625,11470.861328125,254.11236572265625
2025-12-31,2238.698974609375,2745.678466796875,1268.4217529296875,980.77099609375,2079.429931640625,383.7458190917969,3529.127621892909,1263.3880615234375,1565.369140625,975.0728759765624,2292.580810546875,1331.67333984375,1581.1842041015625,384.2589721679688,439.4613037109375,4044.000732421875,16530.978515625,1274.9544677734375,323.5850830078125,233.8583831787109,261.6625366210937,1563.172607421875,964.8092651367188,1704.135009765625,1951.2125251466343,3089.887939453125,1550.604248046875,4038.249267578125,11548.28125,253.75575256347656
